source_name,target_name,source_iso3,target_iso3,year,estimated_trips,dist,source_region,target_region,source_subregion,target_subregion
Hungary,Portugal,HUN,PRT,2014,58293,2471.427,Europe,Europe,Eastern Europe,Southern Europe
Russian Federation,Czechia,RUS,CZE,2013,879682,1673,Europe,Europe,Eastern Europe,Eastern Europe
Macedonia (the former Yugoslav Republic of),Poland,MKD,POL,2013,2404,1141.357,Europe,Europe,Southern Europe,Eastern Europe
Greece,Denmark,GRC,DNK,2013,207489,2135.535,Europe,Europe,Southern Europe,Northern Europe
Andorra,United Kingdom of Great Britain and Northern Ireland,AND,GBR,2013,1,1009.577,Europe,Europe,Southern Europe,Northern Europe
Macedonia (the former Yugoslav Republic of),Estonia,MKD,EST,2012,476,1951.641,Europe,Europe,Southern Europe,Northern Europe
France,Croatia,FRA,HRV,2016,345654,1081.762,Europe,Europe,Western Europe,Southern Europe
Estonia,Norway,EST,NOR,2012,101883,787.4166,Europe,Europe,Northern Europe,Northern Europe
Austria,Romania,AUT,ROU,2014,466732,,Europe,Europe,Western Europe,Eastern Europe
Albania,Finland,ALB,FIN,2015,3803,2122.475,Europe,Europe,Southern Europe,Northern Europe
Latvia,Estonia,LVA,EST,2016,1539519,277.1711,Europe,Europe,Northern Europe,Northern Europe
Lithuania,Greece,LTU,GRC,2014,66505,1860.701,Europe,Europe,Northern Europe,Southern Europe
Slovakia,Netherlands,SVK,NLD,2013,2398,987.487,Europe,Europe,Eastern Europe,Western Europe
Netherlands,Portugal,NLD,PRT,2016,1083741,1862.043,Europe,Europe,Western Europe,Southern Europe
Russian Federation,Latvia,RUS,LVA,2012,937356,847.8519,Europe,Europe,Eastern Europe,Northern Europe
Macedonia (the former Yugoslav Republic of),Belarus,MKD,BLR,2012,429,1392.291,Europe,Europe,Southern Europe,Eastern Europe
United Kingdom of Great Britain and Northern Ireland,Belarus,GBR,BLR,2013,18531,1873.072,Europe,Europe,Northern Europe,Eastern Europe
Portugal,Belgium,PRT,BEL,2014,667981,1711.396,Europe,Europe,Southern Europe,Western Europe
Norway,Poland,NOR,POL,2015,1124078,1062.053,Europe,Europe,Northern Europe,Eastern Europe
Bulgaria,Andorra,BGR,AND,2014,,1781.612,Europe,Europe,Eastern Europe,Southern Europe
Malta,France,MLT,FRA,2016,205111,1752.693,Europe,Europe,Southern Europe,Western Europe
Bulgaria,Poland,BGR,POL,2013,373498,1080.42,Europe,Europe,Eastern Europe,Eastern Europe
Denmark,Estonia,DNK,EST,2011,44863,836.2802,Europe,Europe,Northern Europe,Northern Europe
Slovenia,Luxembourg,SVN,LUX,2015,3416,736.8185,Europe,Europe,Southern Europe,Western Europe
Germany,Malta,DEU,MLT,2016,316614,1833.687,Europe,Europe,Western Europe,Southern Europe
Bulgaria,Switzerland,BGR,CHE,2014,59580,1337.572,Europe,Europe,Eastern Europe,Western Europe
Malta,Belarus,MLT,BLR,2013,268,2236.243,Europe,Europe,Southern Europe,Eastern Europe
Ukraine,Moldova (Republic of),UKR,MDA,2014,4369892,399.4606,Europe,Europe,Eastern Europe,Eastern Europe
Norway,Austria,NOR,AUT,2016,160824,1351.699,Europe,Europe,Northern Europe,Western Europe
Norway,Switzerland,NOR,CHE,2016,191406,1459.379,Europe,Europe,Northern Europe,Western Europe
United Kingdom of Great Britain and Northern Ireland,Estonia,GBR,EST,2012,141207,1787.092,Europe,Europe,Northern Europe,Northern Europe
Malta,Andorra,MLT,AND,2016,,1340.487,Europe,Europe,Southern Europe,Southern Europe
Portugal,Belarus,PRT,BLR,2011,985,3229.235,Europe,Europe,Southern Europe,Eastern Europe
Hungary,Latvia,HUN,LVA,2016,14277,1105.945,Europe,Europe,Eastern Europe,Northern Europe
United Kingdom of Great Britain and Northern Ireland,Switzerland,GBR,CHE,2013,4079162,748.7117,Europe,Europe,Northern Europe,Western Europe
Luxembourg,Macedonia (the former Yugoslav Republic of),LUX,MKD,2015,545,1454.307,Europe,Europe,Western Europe,Southern Europe
United Kingdom of Great Britain and Northern Ireland,Denmark,GBR,DNK,2013,1883937,959.5936,Europe,Europe,Northern Europe,Northern Europe
Latvia,France,LVA,FRA,2014,70090,1704.598,Europe,Europe,Northern Europe,Western Europe
Moldova (Republic of),Hungary,MDA,HUN,2011,8067,740.7287,Europe,Europe,Eastern Europe,Eastern Europe
Bulgaria,Andorra,BGR,AND,2015,,1781.612,Europe,Europe,Eastern Europe,Southern Europe
Portugal,Belarus,PRT,BLR,2012,916,3229.235,Europe,Europe,Southern Europe,Eastern Europe
Gibraltar,Bosnia and Herzegovina,GIB,BIH,2015,0,2192.861,Europe,Europe,Southern Europe,Southern Europe
Iceland,Slovenia,ISL,SVN,2012,213,2999.913,Europe,Europe,Northern Europe,Southern Europe
Slovenia,Lithuania,SVN,LTU,2016,7804,1225.651,Europe,Europe,Southern Europe,Northern Europe
Portugal,Russian Federation,PRT,RUS,2013,86205,3913.34,Europe,Europe,Southern Europe,Eastern Europe
Bosnia and Herzegovina,Ukraine,BIH,UKR,2016,3801,1166.276,Europe,Europe,Southern Europe,Eastern Europe
Austria,Italy,AUT,ITA,2016,4615269,767.4132,Europe,Europe,Western Europe,Southern Europe
Spain,Denmark,ESP,DNK,2016,1760534,2074.977,Europe,Europe,Southern Europe,Northern Europe
Bosnia and Herzegovina,Belgium,BIH,BEL,2012,5538,1311.355,Europe,Europe,Southern Europe,Western Europe
Spain,Moldova (Republic of),ESP,MDA,2012,11723,2697.714,Europe,Europe,Southern Europe,Eastern Europe
Denmark,Finland,DNK,FIN,2016,481726,884.6371,Europe,Europe,Northern Europe,Northern Europe
Hungary,Netherlands,HUN,NLD,2014,302273,1145.901,Europe,Europe,Eastern Europe,Western Europe
Estonia,Andorra,EST,AND,2011,,2464.161,Europe,Europe,Northern Europe,Southern Europe
France,Gibraltar,FRA,GIB,2014,226,1549.175,Europe,Europe,Western Europe,Southern Europe
Netherlands,Portugal,NLD,PRT,2011,663472,1862.043,Europe,Europe,Western Europe,Southern Europe
Bulgaria,Bosnia and Herzegovina,BGR,BIH,2011,40684,416.3402,Europe,Europe,Eastern Europe,Southern Europe
Moldova (Republic of),Spain,MDA,ESP,2016,28402,2697.714,Europe,Europe,Eastern Europe,Southern Europe
Lithuania,Andorra,LTU,AND,2016,,2198.052,Europe,Europe,Northern Europe,Southern Europe
Norway,Denmark,NOR,DNK,2015,2177703,485.3148,Europe,Europe,Northern Europe,Northern Europe
Austria,Sweden,AUT,SWE,2014,207018,1242.31,Europe,Europe,Western Europe,Northern Europe
Slovenia,Albania,SVN,ALB,2015,17897,678.3095,Europe,Europe,Southern Europe,Southern Europe
Lithuania,San Marino,LTU,SMR,2011,,1509.381,Europe,Europe,Northern Europe,Southern Europe
Ukraine,Greece,UKR,GRC,2014,91092,1482.129,Europe,Europe,Eastern Europe,Southern Europe
Slovakia,Belgium,SVK,BEL,2011,58502,971.336,Europe,Europe,Eastern Europe,Western Europe
Albania,Greece,ALB,GRC,2016,1133223,500.1241,Europe,Europe,Southern Europe,Southern Europe
Romania,Andorra,ROU,AND,2015,,,Europe,Europe,Eastern Europe,Southern Europe
Estonia,Spain,EST,ESP,2016,77375,2895.384,Europe,Europe,Northern Europe,Southern Europe
Estonia,Russian Federation,EST,RUS,2011,722606,871.7853,Europe,Europe,Northern Europe,Eastern Europe
Moldova (Republic of),Norway,MDA,NOR,2015,3484,1858.963,Europe,Europe,Eastern Europe,Northern Europe
Lithuania,Denmark,LTU,DNK,2016,178667,815.5106,Europe,Europe,Northern Europe,Northern Europe
Italy,Gibraltar,ITA,GIB,2012,200,1667.082,Europe,Europe,Southern Europe,Southern Europe
Gibraltar,Greece,GIB,GRC,2015,340,2580.711,Europe,Europe,Southern Europe,Southern Europe
Finland,Switzerland,FIN,CHE,2016,186537,1859.36,Europe,Europe,Northern Europe,Western Europe
Hungary,San Marino,HUN,SMR,2016,,644.5287,Europe,Europe,Eastern Europe,Southern Europe
San Marino,Sweden,SMR,SWE,2016,,1753.689,Europe,Europe,Southern Europe,Northern Europe
Finland,Germany,FIN,DEU,2013,769550,1474.956,Europe,Europe,Northern Europe,Western Europe
Greece,Italy,GRC,ITA,2014,1802633,1050.411,Europe,Europe,Southern Europe,Southern Europe
Belarus,Germany,BLR,DEU,2015,72719,1405.056,Europe,Europe,Eastern Europe,Western Europe
Switzerland,Czechia,CHE,CZE,2012,177553,623.4171,Europe,Europe,Western Europe,Eastern Europe
France,Sweden,FRA,SWE,2015,783367,1545.797,Europe,Europe,Western Europe,Northern Europe
Lithuania,Spain,LTU,ESP,2016,166256,2666.384,Europe,Europe,Northern Europe,Southern Europe
Greece,Luxembourg,GRC,LUX,2011,35521,1904.941,Europe,Europe,Southern Europe,Western Europe
Norway,Portugal,NOR,PRT,2016,118752,2739.748,Europe,Europe,Northern Europe,Southern Europe
France,Luxembourg,FRA,LUX,2011,6754508,289.1023,Europe,Europe,Western Europe,Western Europe
Finland,Czechia,FIN,CZE,2015,126524,1300.095,Europe,Europe,Northern Europe,Eastern Europe
Gibraltar,Luxembourg,GIB,LUX,2013,30,1763.693,Europe,Europe,Southern Europe,Western Europe
Romania,Switzerland,ROU,CHE,2011,57256,,Europe,Europe,Eastern Europe,Western Europe
Poland,Norway,POL,NOR,2011,561359,1062.053,Europe,Europe,Eastern Europe,Northern Europe
Macedonia (the former Yugoslav Republic of),Greece,MKD,GRC,2015,3061888,485.2823,Europe,Europe,Southern Europe,Southern Europe
Germany,Czechia,DEU,CZE,2011,1745884,545.6255,Europe,Europe,Western Europe,Eastern Europe
Sweden,Greece,SWE,GRC,2014,212550,2408.377,Europe,Europe,Northern Europe,Southern Europe
Greece,Moldova (Republic of),GRC,MDA,2014,9210,1084.991,Europe,Europe,Southern Europe,Eastern Europe
Belarus,Bulgaria,BLR,BGR,2012,84708,1282.432,Europe,Europe,Eastern Europe,Eastern Europe
Macedonia (the former Yugoslav Republic of),Spain,MKD,ESP,2013,3424,2108.379,Europe,Europe,Southern Europe,Southern Europe
Romania,Ireland,ROU,IRL,2012,34489,,Europe,Europe,Eastern Europe,Northern Europe
Czechia,Bosnia and Herzegovina,CZE,BIH,2012,2147,757.0533,Europe,Europe,Eastern Europe,Southern Europe
Slovakia,Ireland,SVK,IRL,2015,91463,1736.948,Europe,Europe,Eastern Europe,Northern Europe
United Kingdom of Great Britain and Northern Ireland,Finland,GBR,FIN,2012,490118,1826.928,Europe,Europe,Northern Europe,Northern Europe
Slovakia,Germany,SVK,DEU,2014,249455,817.4212,Europe,Europe,Eastern Europe,Western Europe
Macedonia (the former Yugoslav Republic of),Lithuania,MKD,LTU,2011,247,1439.533,Europe,Europe,Southern Europe,Northern Europe
Malta,Bosnia and Herzegovina,MLT,BIH,2011,294,946.8785,Europe,Europe,Southern Europe,Southern Europe
Ireland,Austria,IRL,AUT,2013,105558,1681.996,Europe,Europe,Northern Europe,Western Europe
Czechia,Macedonia (the former Yugoslav Republic of),CZE,MKD,2011,6068,1051.492,Europe,Europe,Eastern Europe,Southern Europe
Slovakia,Switzerland,SVK,CHE,2012,3102,742.9638,Europe,Europe,Eastern Europe,Western Europe
Romania,Greece,ROU,GRC,2015,602886,,Europe,Europe,Eastern Europe,Southern Europe
Germany,Austria,DEU,AUT,2011,12424358,763.7314,Europe,Europe,Western Europe,Western Europe
Ukraine,Malta,UKR,MLT,2016,5800,2062.274,Europe,Europe,Eastern Europe,Southern Europe
Ukraine,Hungary,UKR,HUN,2016,1450215,896.3701,Europe,Europe,Eastern Europe,Eastern Europe
France,Estonia,FRA,EST,2015,55052,1859.091,Europe,Europe,Western Europe,Northern Europe
Latvia,Gibraltar,LVA,GIB,2012,59,3185.494,Europe,Europe,Northern Europe,Southern Europe
Ukraine,Poland,UKR,POL,2013,8589209,690.8161,Europe,Europe,Eastern Europe,Eastern Europe
Luxembourg,Hungary,LUX,HUN,2012,6355,977.394,Europe,Europe,Western Europe,Eastern Europe
Malta,Norway,MLT,NOR,2014,22844,2686.866,Europe,Europe,Southern Europe,Northern Europe
Ukraine,Belarus,UKR,BLR,2015,1898564,433.5281,Europe,Europe,Eastern Europe,Eastern Europe
Slovakia,Russian Federation,SVK,RUS,2014,66099,1632.621,Europe,Europe,Eastern Europe,Eastern Europe
United Kingdom of Great Britain and Northern Ireland,Italy,GBR,ITA,2016,10015141,1438.425,Europe,Europe,Northern Europe,Southern Europe
Romania,Slovakia,ROU,SVK,2012,121546,,Europe,Europe,Eastern Europe,Eastern Europe
Malta,Moldova (Republic of),MLT,MDA,2012,141,1712.083,Europe,Europe,Southern Europe,Eastern Europe
Bosnia and Herzegovina,Croatia,BIH,HRV,2013,293853,290.1541,Europe,Europe,Southern Europe,Southern Europe
Austria,Germany,AUT,DEU,2012,12979040,763.7314,Europe,Europe,Western Europe,Western Europe
Greece,Austria,GRC,AUT,2013,347575,1283.6,Europe,Europe,Southern Europe,Western Europe
Austria,Germany,AUT,DEU,2016,14804927,763.7314,Europe,Europe,Western Europe,Western Europe
Luxembourg,Ireland,LUX,IRL,2012,8264,953.1994,Europe,Europe,Western Europe,Northern Europe
Moldova (Republic of),Croatia,MDA,HRV,2014,815,995.402,Europe,Europe,Eastern Europe,Southern Europe
Croatia,Denmark,HRV,DNK,2015,95710,1123.37,Europe,Europe,Southern Europe,Northern Europe
Hungary,Bosnia and Herzegovina,HUN,BIH,2013,1331,407.2162,Europe,Europe,Eastern Europe,Southern Europe
Greece,Lithuania,GRC,LTU,2013,48691,1860.701,Europe,Europe,Southern Europe,Northern Europe
Slovakia,Lithuania,SVK,LTU,2014,19828,918.5131,Europe,Europe,Eastern Europe,Northern Europe
Iceland,Germany,ISL,DEU,2015,224802,2189.024,Europe,Europe,Northern Europe,Western Europe
Austria,Macedonia (the former Yugoslav Republic of),AUT,MKD,2013,26333,799.0887,Europe,Europe,Western Europe,Southern Europe
Ireland,Spain,IRL,ESP,2012,1926332,1450.236,Europe,Europe,Northern Europe,Southern Europe
United Kingdom of Great Britain and Northern Ireland,Malta,GBR,MLT,2016,928399,2092.273,Europe,Europe,Northern Europe,Southern Europe
Estonia,Spain,EST,ESP,2011,56770,2895.384,Europe,Europe,Northern Europe,Southern Europe
Portugal,Macedonia (the former Yugoslav Republic of),PRT,MKD,2012,771,2606.129,Europe,Europe,Southern Europe,Southern Europe
Norway,Slovakia,NOR,SVK,2013,23185,1371.805,Europe,Europe,Northern Europe,Eastern Europe
Italy,United Kingdom of Great Britain and Northern Ireland,ITA,GBR,2013,7101491,1438.425,Europe,Europe,Southern Europe,Northern Europe
Ireland,Sweden,IRL,SWE,2013,115030,1631.147,Europe,Europe,Northern Europe,Northern Europe
Austria,Norway,AUT,NOR,2013,135353,1351.699,Europe,Europe,Western Europe,Northern Europe
Andorra,Greece,AND,GRC,2016,,1947.636,Europe,Europe,Southern Europe,Southern Europe
United Kingdom of Great Britain and Northern Ireland,Hungary,GBR,HUN,2014,1095993,1453.666,Europe,Europe,Northern Europe,Eastern Europe
Estonia,Italy,EST,ITA,2012,58485,2126.436,Europe,Europe,Northern Europe,Southern Europe
France,Romania,FRA,ROU,2016,352126,,Europe,Europe,Western Europe,Eastern Europe
Moldova (Republic of),Latvia,MDA,LVA,2012,3010,1153.302,Europe,Europe,Eastern Europe,Northern Europe
Romania,Belgium,ROU,BEL,2013,125871,,Europe,Europe,Eastern Europe,Western Europe
Luxembourg,Slovakia,LUX,SVK,2015,3004,821.1423,Europe,Europe,Western Europe,Eastern Europe
Malta,Bulgaria,MLT,BGR,2012,8818,1065.425,Europe,Europe,Southern Europe,Eastern Europe
Netherlands,Czechia,NLD,CZE,2013,255059,709.4576,Europe,Europe,Western Europe,Eastern Europe
Iceland,Bosnia and Herzegovina,ISL,BIH,2012,22,3376.985,Europe,Europe,Northern Europe,Southern Europe
United Kingdom of Great Britain and Northern Ireland,Portugal,GBR,PRT,2016,5124017,1583.091,Europe,Europe,Northern Europe,Southern Europe
San Marino,Ireland,SMR,IRL,2015,,1720.421,Europe,Europe,Southern Europe,Northern Europe
San Marino,Moldova (Republic of),SMR,MDA,2012,,1317.19,Europe,Europe,Southern Europe,Eastern Europe
Greece,Iceland,GRC,ISL,2011,850,4166.699,Europe,Europe,Southern Europe,Northern Europe
Spain,Poland,ESP,POL,2014,700869,2293.005,Europe,Europe,Southern Europe,Eastern Europe
Ireland,Spain,IRL,ESP,2014,2304343,1450.236,Europe,Europe,Northern Europe,Southern Europe
Croatia,Slovakia,HRV,SVK,2011,348508,278.7123,Europe,Europe,Southern Europe,Eastern Europe
San Marino,Switzerland,SMR,CHE,2013,,516.8909,Europe,Europe,Southern Europe,Western Europe
Poland,Russian Federation,POL,RUS,2012,3860003,1156.427,Europe,Europe,Eastern Europe,Eastern Europe
United Kingdom of Great Britain and Northern Ireland,Czechia,GBR,CZE,2015,1268264,1036.988,Europe,Europe,Northern Europe,Eastern Europe
Finland,Germany,FIN,DEU,2015,771047,1474.956,Europe,Europe,Northern Europe,Western Europe
Bulgaria,Andorra,BGR,AND,2013,,1781.612,Europe,Europe,Eastern Europe,Southern Europe
Denmark,France,DNK,FRA,2016,915504,1027.609,Europe,Europe,Northern Europe,Western Europe
Slovakia,Gibraltar,SVK,GIB,2012,0,2276.342,Europe,Europe,Eastern Europe,Southern Europe
Switzerland,Greece,CHE,GRC,2013,388950,1662.651,Europe,Europe,Western Europe,Southern Europe
Netherlands,Portugal,NLD,PRT,2012,692033,1862.043,Europe,Europe,Western Europe,Southern Europe
Italy,Croatia,ITA,HRV,2015,1296747,517.0557,Europe,Europe,Southern Europe,Southern Europe
Bosnia and Herzegovina,Hungary,BIH,HUN,2015,1815,407.2162,Europe,Europe,Southern Europe,Eastern Europe
Belarus,Croatia,BLR,HRV,2011,3339,1217.08,Europe,Europe,Eastern Europe,Southern Europe
Finland,Slovenia,FIN,SVN,2011,16463,1710.822,Europe,Europe,Northern Europe,Southern Europe
San Marino,Gibraltar,SMR,GIB,2012,,1746.044,Europe,Europe,Southern Europe,Southern Europe
Ukraine,Bosnia and Herzegovina,UKR,BIH,2016,3801,1166.276,Europe,Europe,Eastern Europe,Southern Europe
United Kingdom of Great Britain and Northern Ireland,Croatia,GBR,HRV,2013,541887,1341.216,Europe,Europe,Northern Europe,Southern Europe
Switzerland,Bulgaria,CHE,BGR,2016,96702,1337.572,Europe,Europe,Western Europe,Eastern Europe
Finland,Bulgaria,FIN,BGR,2013,15453,1947.447,Europe,Europe,Northern Europe,Eastern Europe
Portugal,Malta,PRT,MLT,2011,5416,2112.431,Europe,Europe,Southern Europe,Southern Europe
Estonia,Macedonia (the former Yugoslav Republic of),EST,MKD,2016,688,1951.641,Europe,Europe,Northern Europe,Southern Europe
Romania,Ukraine,ROU,UKR,2014,1301034,,Europe,Europe,Eastern Europe,Eastern Europe
Romania,Slovakia,ROU,SVK,2014,120187,,Europe,Europe,Eastern Europe,Eastern Europe
Romania,Moldova (Republic of),ROU,MDA,2011,1331922,,Europe,Europe,Eastern Europe,Eastern Europe
Greece,Norway,GRC,NOR,2014,255206,2606.405,Europe,Europe,Southern Europe,Northern Europe
Latvia,Andorra,LVA,AND,2013,,2266.706,Europe,Europe,Northern Europe,Southern Europe
Italy,Netherlands,ITA,NLD,2016,2514218,1297.695,Europe,Europe,Southern Europe,Western Europe
Moldova (Republic of),United Kingdom of Great Britain and Northern Ireland,MDA,GBR,2012,10062,2150.279,Europe,Europe,Eastern Europe,Northern Europe
Macedonia (the former Yugoslav Republic of),Poland,MKD,POL,2016,4283,1141.357,Europe,Europe,Southern Europe,Eastern Europe
Slovenia,Gibraltar,SVN,GIB,2015,0,1989.75,Europe,Europe,Southern Europe,Southern Europe
Iceland,Germany,ISL,DEU,2013,170961,2189.024,Europe,Europe,Northern Europe,Western Europe
Austria,Slovakia,AUT,SVK,2014,243342,59.61723,Europe,Europe,Western Europe,Eastern Europe
Belgium,Greece,BEL,GRC,2016,695763,2089.225,Europe,Europe,Western Europe,Southern Europe
Finland,Romania,FIN,ROU,2016,12771,,Europe,Europe,Northern Europe,Eastern Europe
Germany,Poland,DEU,POL,2014,31155304,965.9211,Europe,Europe,Western Europe,Eastern Europe
France,San Marino,FRA,SMR,2012,,951.0759,Europe,Europe,Western Europe,Southern Europe
Romania,Bulgaria,ROU,BGR,2015,3023514,,Europe,Europe,Eastern Europe,Eastern Europe
Slovenia,Croatia,SVN,HRV,2013,1185382,117.3451,Europe,Europe,Southern Europe,Southern Europe
Czechia,France,CZE,FRA,2015,572098,884.6105,Europe,Europe,Eastern Europe,Western Europe
Bulgaria,Slovakia,BGR,SVK,2013,90066,776.8502,Europe,Europe,Eastern Europe,Eastern Europe
Slovenia,Gibraltar,SVN,GIB,2014,0,1989.75,Europe,Europe,Southern Europe,Southern Europe
Hungary,Sweden,HUN,SWE,2016,302417,1318.564,Europe,Europe,Eastern Europe,Northern Europe
Romania,Greece,ROU,GRC,2012,307182,,Europe,Europe,Eastern Europe,Southern Europe
Netherlands,Malta,NLD,MLT,2013,65361,1981.948,Europe,Europe,Western Europe,Southern Europe
Denmark,Belarus,DNK,BLR,2014,4566,977.0479,Europe,Europe,Northern Europe,Eastern Europe
Czechia,Moldova (Republic of),CZE,MDA,2014,4460,1113.54,Europe,Europe,Eastern Europe,Eastern Europe
Austria,Hungary,AUT,HUN,2012,1477793,215.6626,Europe,Europe,Western Europe,Eastern Europe
Austria,Albania,AUT,ALB,2016,26483,812.9326,Europe,Europe,Western Europe,Southern Europe
Italy,Spain,ITA,ESP,2011,8001904,1366.76,Europe,Europe,Southern Europe,Southern Europe
Bosnia and Herzegovina,Macedonia (the former Yugoslav Republic of),BIH,MKD,2015,12315,322.8538,Europe,Europe,Southern Europe,Southern Europe
Netherlands,Belarus,NLD,BLR,2015,21202,1512.952,Europe,Europe,Western Europe,Eastern Europe
Belgium,Albania,BEL,ALB,2015,46408,1589.107,Europe,Europe,Western Europe,Southern Europe
Netherlands,Lithuania,NLD,LTU,2015,79303,1370.703,Europe,Europe,Western Europe,Northern Europe
Poland,Slovenia,POL,SVN,2012,63583,834.402,Europe,Europe,Eastern Europe,Southern Europe
Ireland,Slovenia,IRL,SVN,2016,2537,1689.878,Europe,Europe,Northern Europe,Southern Europe
Portugal,Belarus,PRT,BLR,2013,1125,3229.235,Europe,Europe,Southern Europe,Eastern Europe
Denmark,Austria,DNK,AUT,2014,386091,868.5304,Europe,Europe,Northern Europe,Western Europe
Sweden,Austria,SWE,AUT,2016,254890,1242.31,Europe,Europe,Northern Europe,Western Europe
Luxembourg,France,LUX,FRA,2012,6850889,289.1023,Europe,Europe,Western Europe,Western Europe
Denmark,Netherlands,DNK,NLD,2013,501582,622.9741,Europe,Europe,Northern Europe,Western Europe
Germany,Albania,DEU,ALB,2012,56479,1493.096,Europe,Europe,Western Europe,Southern Europe
Slovakia,Poland,SVK,POL,2016,6740284,530.0169,Europe,Europe,Eastern Europe,Eastern Europe
Estonia,Netherlands,EST,NLD,2015,29104,1459.083,Europe,Europe,Northern Europe,Western Europe
Portugal,United Kingdom of Great Britain and Northern Ireland,PRT,GBR,2014,4064331,1583.091,Europe,Europe,Southern Europe,Northern Europe
Russian Federation,Belgium,RUS,BEL,2013,145778,2261.25,Europe,Europe,Eastern Europe,Western Europe
Iceland,Ireland,ISL,IRL,2013,1873,1499.031,Europe,Europe,Northern Europe,Northern Europe
Slovenia,Sweden,SVN,SWE,2011,11326,1495.673,Europe,Europe,Southern Europe,Northern Europe
Switzerland,Germany,CHE,DEU,2012,3505542,503.8007,Europe,Europe,Western Europe,Western Europe
Netherlands,Estonia,NLD,EST,2013,32194,1459.083,Europe,Europe,Western Europe,Northern Europe
Lithuania,Slovenia,LTU,SVN,2011,5790,1225.651,Europe,Europe,Northern Europe,Southern Europe
Denmark,Italy,DNK,ITA,2012,766267,1534.086,Europe,Europe,Northern Europe,Southern Europe
Greece,Latvia,GRC,LVA,2016,27629,2109.292,Europe,Europe,Southern Europe,Northern Europe
Norway,Macedonia (the former Yugoslav Republic of),NOR,MKD,2016,25015,2124.664,Europe,Europe,Northern Europe,Southern Europe
Romania,Switzerland,ROU,CHE,2013,63889,,Europe,Europe,Eastern Europe,Western Europe
Denmark,Switzerland,DNK,CHE,2012,367378,1033.508,Europe,Europe,Northern Europe,Western Europe
Albania,France,ALB,FRA,2014,28043,1603.534,Europe,Europe,Southern Europe,Western Europe
Slovenia,Switzerland,SVN,CHE,2012,36587,549.9726,Europe,Europe,Southern Europe,Western Europe
Andorra,Switzerland,AND,CHE,2016,,681.8435,Europe,Europe,Southern Europe,Western Europe
Malta,Switzerland,MLT,CHE,2016,84061,1363.745,Europe,Europe,Southern Europe,Western Europe
Andorra,Switzerland,AND,CHE,2015,,681.8435,Europe,Europe,Southern Europe,Western Europe
Croatia,United Kingdom of Great Britain and Northern Ireland,HRV,GBR,2014,634951,1341.216,Europe,Europe,Southern Europe,Northern Europe
Poland,Slovakia,POL,SVK,2016,6740284,530.0169,Europe,Europe,Eastern Europe,Eastern Europe
Finland,Switzerland,FIN,CHE,2013,154672,1859.36,Europe,Europe,Northern Europe,Western Europe
Netherlands,Switzerland,NLD,CHE,2014,880414,628.025,Europe,Europe,Western Europe,Western Europe
Germany,Switzerland,DEU,CHE,2013,3384084,503.8007,Europe,Europe,Western Europe,Western Europe
Bosnia and Herzegovina,France,BIH,FRA,2016,9840,1352.463,Europe,Europe,Southern Europe,Western Europe
United Kingdom of Great Britain and Northern Ireland,Switzerland,GBR,CHE,2016,4493867,748.7117,Europe,Europe,Northern Europe,Western Europe
Andorra,Switzerland,AND,CHE,2014,,681.8435,Europe,Europe,Southern Europe,Western Europe
Estonia,Switzerland,EST,CHE,2016,25723,1794.213,Europe,Europe,Northern Europe,Western Europe
Finland,Germany,FIN,DEU,2014,778264,1474.956,Europe,Europe,Northern Europe,Western Europe
Bosnia and Herzegovina,Switzerland,BIH,CHE,2016,53159,924.4724,Europe,Europe,Southern Europe,Western Europe
Gibraltar,Switzerland,GIB,CHE,2011,131,1603.114,Europe,Europe,Southern Europe,Western Europe
Russian Federation,Gibraltar,RUS,GIB,2015,976,3890.748,Europe,Europe,Eastern Europe,Southern Europe
Austria,Switzerland,AUT,CHE,2013,804417,684.8875,Europe,Europe,Western Europe,Western Europe
Estonia,Switzerland,EST,CHE,2014,22277,1794.213,Europe,Europe,Northern Europe,Western Europe
Hungary,Switzerland,HUN,CHE,2011,209634,879.3594,Europe,Europe,Eastern Europe,Western Europe
Poland,Sweden,POL,SWE,2014,806116,809.0182,Europe,Europe,Eastern Europe,Northern Europe
Latvia,Switzerland,LVA,CHE,2011,28438,1587.651,Europe,Europe,Northern Europe,Western Europe
Denmark,Switzerland,DNK,CHE,2011,360275,1033.508,Europe,Europe,Northern Europe,Western Europe
Luxembourg,Switzerland,LUX,CHE,2013,75315,309.8716,Europe,Europe,Western Europe,Western Europe
Slovakia,Croatia,SVK,HRV,2016,409874,278.7123,Europe,Europe,Eastern Europe,Southern Europe
Iceland,Slovenia,ISL,SVN,2016,712,2999.913,Europe,Europe,Northern Europe,Southern Europe
Belgium,Latvia,BEL,LVA,2015,94678,1456.065,Europe,Europe,Western Europe,Northern Europe
France,Czechia,FRA,CZE,2015,572442,884.6105,Europe,Europe,Western Europe,Eastern Europe
Russian Federation,Switzerland,RUS,CHE,2016,351616,2296.397,Europe,Europe,Eastern Europe,Western Europe
Slovenia,Iceland,SVN,ISL,2016,640,2999.913,Europe,Europe,Southern Europe,Northern Europe
Czechia,Switzerland,CZE,CHE,2016,261721,623.4171,Europe,Europe,Eastern Europe,Western Europe
Denmark,Switzerland,DNK,CHE,2014,419013,1033.508,Europe,Europe,Northern Europe,Western Europe
Slovakia,Switzerland,SVK,CHE,2014,4090,742.9638,Europe,Europe,Eastern Europe,Western Europe
Latvia,Iceland,LVA,ISL,2015,2221,2579.342,Europe,Europe,Northern Europe,Northern Europe
Slovakia,Switzerland,SVK,CHE,2013,3440,742.9638,Europe,Europe,Eastern Europe,Western Europe
Croatia,Switzerland,HRV,CHE,2014,126017,667.2937,Europe,Europe,Southern Europe,Western Europe
Italy,Switzerland,ITA,CHE,2011,999066,692.6592,Europe,Europe,Southern Europe,Western Europe
Iceland,Switzerland,ISL,CHE,2012,16746,2617.349,Europe,Europe,Northern Europe,Western Europe
Denmark,Slovakia,DNK,SVK,2011,3406,891.5908,Europe,Europe,Northern Europe,Eastern Europe
Spain,San Marino,ESP,SMR,2011,,1390.619,Europe,Europe,Southern Europe,Southern Europe
Belarus,Czechia,BLR,CZE,2013,25975,986.366,Europe,Europe,Eastern Europe,Eastern Europe
Poland,Czechia,POL,CZE,2015,12395573,516.6628,Europe,Europe,Eastern Europe,Eastern Europe
Germany,Switzerland,DEU,CHE,2011,3824240,503.8007,Europe,Europe,Western Europe,Western Europe
Albania,Switzerland,ALB,CHE,2013,10687,1167.984,Europe,Europe,Southern Europe,Western Europe
France,Italy,FRA,ITA,2014,12716877,1109.901,Europe,Europe,Western Europe,Southern Europe
Gibraltar,Switzerland,GIB,CHE,2012,102,1603.114,Europe,Europe,Southern Europe,Western Europe
Switzerland,Iceland,CHE,ISL,2015,65932,2617.349,Europe,Europe,Western Europe,Northern Europe
Denmark,Germany,DNK,DEU,2011,3408031,595.8536,Europe,Europe,Northern Europe,Western Europe
Portugal,Ireland,PRT,IRL,2016,632376,1639.821,Europe,Europe,Southern Europe,Northern Europe
Greece,Switzerland,GRC,CHE,2012,374163,1662.651,Europe,Europe,Southern Europe,Western Europe
Moldova (Republic of),Andorra,MDA,AND,2013,,2205.669,Europe,Europe,Eastern Europe,Southern Europe
Germany,Switzerland,DEU,CHE,2015,3491638,503.8007,Europe,Europe,Western Europe,Western Europe
Greece,Switzerland,GRC,CHE,2016,759386,1662.651,Europe,Europe,Southern Europe,Western Europe
Estonia,Switzerland,EST,CHE,2012,16256,1794.213,Europe,Europe,Northern Europe,Western Europe
Denmark,Portugal,DNK,PRT,2013,164029,2478.47,Europe,Europe,Northern Europe,Southern Europe
Iceland,France,ISL,FRA,2015,130588,2234.723,Europe,Europe,Northern Europe,Western Europe
Hungary,Latvia,HUN,LVA,2011,9827,1105.945,Europe,Europe,Eastern Europe,Northern Europe
Croatia,United Kingdom of Great Britain and Northern Ireland,HRV,GBR,2011,442177,1341.216,Europe,Europe,Southern Europe,Northern Europe
Croatia,Switzerland,HRV,CHE,2013,107749,667.2937,Europe,Europe,Southern Europe,Western Europe
Bulgaria,Switzerland,BGR,CHE,2013,48704,1337.572,Europe,Europe,Eastern Europe,Western Europe
Romania,Switzerland,ROU,CHE,2015,135497,,Europe,Europe,Eastern Europe,Western Europe
Russian Federation,Slovakia,RUS,SVK,2015,47849,1632.621,Europe,Europe,Eastern Europe,Eastern Europe
Slovenia,Ukraine,SVN,UKR,2014,27349,1277.754,Europe,Europe,Southern Europe,Eastern Europe
Greece,Sweden,GRC,SWE,2016,307248,2408.377,Europe,Europe,Southern Europe,Northern Europe
Moldova (Republic of),Switzerland,MDA,CHE,2015,9279,1620.078,Europe,Europe,Eastern Europe,Western Europe
Belgium,Switzerland,BEL,CHE,2012,541478,487.4555,Europe,Europe,Western Europe,Western Europe
Lithuania,Switzerland,LTU,CHE,2013,17070,1516.998,Europe,Europe,Northern Europe,Western Europe
Poland,Portugal,POL,PRT,2012,184807,2760.441,Europe,Europe,Eastern Europe,Southern Europe
Russian Federation,Greece,RUS,GRC,2014,1296624,2233.583,Europe,Europe,Eastern Europe,Southern Europe
Albania,Switzerland,ALB,CHE,2012,11005,1167.984,Europe,Europe,Southern Europe,Western Europe
Finland,Iceland,FIN,ISL,2013,28280,2424.555,Europe,Europe,Northern Europe,Northern Europe
Malta,Switzerland,MLT,CHE,2014,62721,1363.745,Europe,Europe,Southern Europe,Western Europe
Poland,Switzerland,POL,CHE,2014,266207,1139.992,Europe,Europe,Eastern Europe,Western Europe
Ukraine,Switzerland,UKR,CHE,2016,86968,1730.779,Europe,Europe,Eastern Europe,Western Europe
United Kingdom of Great Britain and Northern Ireland,Germany,GBR,DEU,2013,8656533,495.3633,Europe,Europe,Northern Europe,Western Europe
Iceland,France,ISL,FRA,2014,109072,2234.723,Europe,Europe,Northern Europe,Western Europe
Sweden,Belgium,SWE,BEL,2012,277740,1283.716,Europe,Europe,Northern Europe,Western Europe
Austria,Greece,AUT,GRC,2011,374568,1283.6,Europe,Europe,Western Europe,Southern Europe
Moldova (Republic of),Finland,MDA,FIN,2011,1065,1482.904,Europe,Europe,Eastern Europe,Northern Europe
Denmark,Russian Federation,DNK,RUS,2013,108419,1566.362,Europe,Europe,Northern Europe,Eastern Europe
Romania,Spain,ROU,ESP,2016,706367,,Europe,Europe,Eastern Europe,Southern Europe
Luxembourg,Bulgaria,LUX,BGR,2014,17612,1526.197,Europe,Europe,Western Europe,Eastern Europe
Switzerland,Czechia,CHE,CZE,2014,199394,623.4171,Europe,Europe,Western Europe,Eastern Europe
Ukraine,Czechia,UKR,CZE,2012,185321,1141.565,Europe,Europe,Eastern Europe,Eastern Europe
Gibraltar,Andorra,GIB,AND,2014,,921.2926,Europe,Europe,Southern Europe,Southern Europe
Slovenia,Netherlands,SVN,NLD,2013,16603,986.5178,Europe,Europe,Southern Europe,Western Europe
Luxembourg,Moldova (Republic of),LUX,MDA,2014,403,1697.473,Europe,Europe,Western Europe,Eastern Europe
Czechia,Hungary,CZE,HUN,2013,744858,445.1513,Europe,Europe,Eastern Europe,Eastern Europe
Iceland,Croatia,ISL,HRV,2016,2805,3089.354,Europe,Europe,Northern Europe,Southern Europe
Moldova (Republic of),Russian Federation,MDA,RUS,2014,925624,1150.314,Europe,Europe,Eastern Europe,Eastern Europe
Ireland,Portugal,IRL,PRT,2014,564936,1639.821,Europe,Europe,Northern Europe,Southern Europe
Italy,Slovenia,ITA,SVN,2015,618742,492.3427,Europe,Europe,Southern Europe,Southern Europe
Russian Federation,Greece,RUS,GRC,2012,911261,2233.583,Europe,Europe,Eastern Europe,Southern Europe
San Marino,Latvia,SMR,LVA,2011,,1659.333,Europe,Europe,Southern Europe,Northern Europe
Luxembourg,Norway,LUX,NOR,2014,7779,1184.92,Europe,Europe,Western Europe,Northern Europe
Iceland,Bosnia and Herzegovina,ISL,BIH,2016,236,3376.985,Europe,Europe,Northern Europe,Southern Europe
Denmark,Andorra,DNK,AND,2013,,1668.749,Europe,Europe,Northern Europe,Southern Europe
Estonia,Romania,EST,ROU,2012,6304,,Europe,Europe,Northern Europe,Eastern Europe
Portugal,Macedonia (the former Yugoslav Republic of),PRT,MKD,2013,808,2606.129,Europe,Europe,Southern Europe,Southern Europe
Poland,Macedonia (the former Yugoslav Republic of),POL,MKD,2014,2774,1141.357,Europe,Europe,Eastern Europe,Southern Europe
Spain,Poland,ESP,POL,2011,852366,2293.005,Europe,Europe,Southern Europe,Eastern Europe
Greece,Latvia,GRC,LVA,2013,15137,2109.292,Europe,Europe,Southern Europe,Northern Europe
Greece,Norway,GRC,NOR,2016,186080,2606.405,Europe,Europe,Southern Europe,Northern Europe
Denmark,Malta,DNK,MLT,2016,44207,2204.997,Europe,Europe,Northern Europe,Southern Europe
Croatia,Austria,HRV,AUT,2013,1072703,270.6798,Europe,Europe,Southern Europe,Western Europe
Moldova (Republic of),Germany,MDA,DEU,2011,52331,1656.772,Europe,Europe,Eastern Europe,Western Europe
Spain,Czechia,ESP,CZE,2012,428399,1776.348,Europe,Europe,Southern Europe,Eastern Europe
Switzerland,Hungary,CHE,HUN,2012,197953,879.3594,Europe,Europe,Western Europe,Eastern Europe
Denmark,Slovenia,DNK,SVN,2013,13509,1076.812,Europe,Europe,Northern Europe,Southern Europe
Hungary,Bosnia and Herzegovina,HUN,BIH,2016,2460,407.2162,Europe,Europe,Eastern Europe,Southern Europe
Slovakia,Belgium,SVK,BEL,2013,50050,971.336,Europe,Europe,Eastern Europe,Western Europe
Slovenia,Finland,SVN,FIN,2011,17242,1710.822,Europe,Europe,Southern Europe,Northern Europe
Ireland,Switzerland,IRL,CHE,2014,254694,1203.958,Europe,Europe,Northern Europe,Western Europe
Gibraltar,Denmark,GIB,DNK,2013,44,2562.962,Europe,Europe,Southern Europe,Northern Europe
Sweden,Bosnia and Herzegovina,SWE,BIH,2011,28230,1721.592,Europe,Europe,Northern Europe,Southern Europe
Andorra,Denmark,AND,DNK,2014,,1668.749,Europe,Europe,Southern Europe,Northern Europe
Czechia,Latvia,CZE,LVA,2015,71162,993.2449,Europe,Europe,Eastern Europe,Northern Europe
Macedonia (the former Yugoslav Republic of),Netherlands,MKD,NLD,2016,29146,1694.944,Europe,Europe,Southern Europe,Western Europe
Romania,Switzerland,ROU,CHE,2016,125385,,Europe,Europe,Eastern Europe,Western Europe
Hungary,Russian Federation,HUN,RUS,2015,180491,1574.19,Europe,Europe,Eastern Europe,Eastern Europe
Belgium,Netherlands,BEL,NLD,2013,3433620,173.0333,Europe,Europe,Western Europe,Western Europe
Hungary,Czechia,HUN,CZE,2016,1012695,445.1513,Europe,Europe,Eastern Europe,Eastern Europe
Estonia,Ireland,EST,IRL,2014,9798,2005.127,Europe,Europe,Northern Europe,Northern Europe
Estonia,Portugal,EST,PRT,2013,7494,3311.847,Europe,Europe,Northern Europe,Southern Europe
Finland,Bulgaria,FIN,BGR,2014,19990,1947.447,Europe,Europe,Northern Europe,Eastern Europe
Luxembourg,Germany,LUX,DEU,2012,361291,215.9864,Europe,Europe,Western Europe,Western Europe
Denmark,Czechia,DNK,CZE,2012,143025,631.8411,Europe,Europe,Northern Europe,Eastern Europe
Ireland,Finland,IRL,FIN,2012,32753,2028.749,Europe,Europe,Northern Europe,Northern Europe
Slovenia,Belarus,SVN,BLR,2014,1137,1267.967,Europe,Europe,Southern Europe,Eastern Europe
Ukraine,Italy,UKR,ITA,2015,256939,1674.773,Europe,Europe,Eastern Europe,Southern Europe
Gibraltar,Albania,GIB,ALB,2016,4,2251.487,Europe,Europe,Southern Europe,Southern Europe
Switzerland,Croatia,CHE,HRV,2015,163642,667.2937,Europe,Europe,Western Europe,Southern Europe
Ireland,Hungary,IRL,HUN,2013,117388,1895.995,Europe,Europe,Northern Europe,Eastern Europe
Switzerland,Denmark,CHE,DNK,2014,427844,1033.508,Europe,Europe,Western Europe,Northern Europe
Denmark,Slovenia,DNK,SVN,2014,13867,1076.812,Europe,Europe,Northern Europe,Southern Europe
Switzerland,Norway,CHE,NOR,2014,184409,1459.379,Europe,Europe,Western Europe,Northern Europe
Poland,Germany,POL,DEU,2014,31155304,965.9211,Europe,Europe,Eastern Europe,Western Europe
Portugal,Lithuania,PRT,LTU,2014,8688,3123.619,Europe,Europe,Southern Europe,Northern Europe
Norway,Hungary,NOR,HUN,2016,142453,1483.495,Europe,Europe,Northern Europe,Eastern Europe
Bulgaria,Russian Federation,BGR,RUS,2015,519215,1785.898,Europe,Europe,Eastern Europe,Eastern Europe
Slovakia,Albania,SVK,ALB,2015,13367,788.7294,Europe,Europe,Eastern Europe,Southern Europe
Russian Federation,Portugal,RUS,PRT,2013,87846,3913.34,Europe,Europe,Eastern Europe,Southern Europe
Malta,Luxembourg,MLT,LUX,2016,8061,1669.155,Europe,Europe,Southern Europe,Western Europe
Bosnia and Herzegovina,Lithuania,BIH,LTU,2011,251,1302.017,Europe,Europe,Southern Europe,Northern Europe
United Kingdom of Great Britain and Northern Ireland,Russian Federation,GBR,RUS,2015,532473,2510.88,Europe,Europe,Northern Europe,Eastern Europe
Belgium,Ukraine,BEL,UKR,2014,37456,1837.307,Europe,Europe,Western Europe,Eastern Europe
Lithuania,United Kingdom of Great Britain and Northern Ireland,LTU,GBR,2014,555611,1729.554,Europe,Europe,Northern Europe,Northern Europe
Romania,Portugal,ROU,PRT,2011,70629,,Europe,Europe,Eastern Europe,Southern Europe
Lithuania,Germany,LTU,DEU,2014,248741,1272.883,Europe,Europe,Northern Europe,Western Europe
Hungary,Albania,HUN,ALB,2014,2583,689.0358,Europe,Europe,Eastern Europe,Southern Europe
Greece,Germany,GRC,DEU,2012,2456069,1990.582,Europe,Europe,Southern Europe,Western Europe
United Kingdom of Great Britain and Northern Ireland,Andorra,GBR,AND,2011,0,1009.577,Europe,Europe,Northern Europe,Southern Europe
United Kingdom of Great Britain and Northern Ireland,Romania,GBR,ROU,2011,414165,,Europe,Europe,Northern Europe,Eastern Europe
Ireland,Moldova (Republic of),IRL,MDA,2014,8802,2569.662,Europe,Europe,Northern Europe,Eastern Europe
Lithuania,Romania,LTU,ROU,2015,21424,,Europe,Europe,Northern Europe,Eastern Europe
Slovenia,Moldova (Republic of),SVN,MDA,2016,724,1100.799,Europe,Europe,Southern Europe,Eastern Europe
Ukraine,Norway,UKR,NOR,2015,23643,1630.325,Europe,Europe,Eastern Europe,Northern Europe
Denmark,Bulgaria,DNK,BGR,2016,54723,1639.385,Europe,Europe,Northern Europe,Eastern Europe
Portugal,Italy,PRT,ITA,2016,1026636,1864.041,Europe,Europe,Southern Europe,Southern Europe
Russian Federation,United Kingdom of Great Britain and Northern Ireland,RUS,GBR,2014,680736,2510.88,Europe,Europe,Eastern Europe,Northern Europe
Belarus,San Marino,BLR,SMR,2015,,1549.646,Europe,Europe,Eastern Europe,Southern Europe
Poland,United Kingdom of Great Britain and Northern Ireland,POL,GBR,2011,3117513,1451.644,Europe,Europe,Eastern Europe,Northern Europe
Albania,Andorra,ALB,AND,2011,,1519.551,Europe,Europe,Southern Europe,Southern Europe
Spain,Croatia,ESP,HRV,2011,134061,1702.46,Europe,Europe,Southern Europe,Southern Europe
Ukraine,Belgium,UKR,BEL,2015,39779,1837.307,Europe,Europe,Eastern Europe,Western Europe
Estonia,Sweden,EST,SWE,2014,321813,377.9402,Europe,Europe,Northern Europe,Northern Europe
Germany,Norway,DEU,NOR,2013,1292849,969.2816,Europe,Europe,Western Europe,Northern Europe
Romania,Andorra,ROU,AND,2012,,,Europe,Europe,Eastern Europe,Southern Europe
Moldova (Republic of),Czechia,MDA,CZE,2013,3303,1113.54,Europe,Europe,Eastern Europe,Eastern Europe
Bosnia and Herzegovina,Poland,BIH,POL,2014,2565,952.2305,Europe,Europe,Southern Europe,Eastern Europe
Switzerland,Bulgaria,CHE,BGR,2015,73777,1337.572,Europe,Europe,Western Europe,Eastern Europe
Russian Federation,Portugal,RUS,PRT,2016,85253,3913.34,Europe,Europe,Eastern Europe,Southern Europe
Bulgaria,Poland,BGR,POL,2016,490833,1080.42,Europe,Europe,Eastern Europe,Eastern Europe
Russian Federation,Bosnia and Herzegovina,RUS,BIH,2011,8859,1902.116,Europe,Europe,Eastern Europe,Southern Europe
Andorra,Italy,AND,ITA,2016,0,909.03,Europe,Europe,Southern Europe,Southern Europe
Slovenia,Andorra,SVN,AND,2016,,1107.667,Europe,Europe,Southern Europe,Southern Europe
Moldova (Republic of),Poland,MDA,POL,2011,40371,811.762,Europe,Europe,Eastern Europe,Eastern Europe
Belgium,France,BEL,FRA,2012,5532117,262.3845,Europe,Europe,Western Europe,Western Europe
Malta,Czechia,MLT,CZE,2012,11990,1580.469,Europe,Europe,Southern Europe,Eastern Europe
Estonia,Latvia,EST,LVA,2015,1456125,277.1711,Europe,Europe,Northern Europe,Northern Europe
Andorra,Gibraltar,AND,GIB,2014,,921.2926,Europe,Europe,Southern Europe,Southern Europe
United Kingdom of Great Britain and Northern Ireland,Malta,GBR,MLT,2014,789421,2092.273,Europe,Europe,Northern Europe,Southern Europe
Italy,Albania,ITA,ALB,2012,1010534,611.7626,Europe,Europe,Southern Europe,Southern Europe
Gibraltar,Luxembourg,GIB,LUX,2011,34,1763.693,Europe,Europe,Southern Europe,Western Europe
Bosnia and Herzegovina,Spain,BIH,ESP,2011,5267,1861.879,Europe,Europe,Southern Europe,Southern Europe
Austria,Bosnia and Herzegovina,AUT,BIH,2015,21645,509.7472,Europe,Europe,Western Europe,Southern Europe
Albania,Switzerland,ALB,CHE,2015,18096,1167.984,Europe,Europe,Southern Europe,Western Europe
Germany,Belarus,DEU,BLR,2014,76377,1405.056,Europe,Europe,Western Europe,Eastern Europe
Romania,Belarus,ROU,BLR,2016,53684,,Europe,Europe,Eastern Europe,Eastern Europe
Ireland,Netherlands,IRL,NLD,2012,444630,756.7269,Europe,Europe,Northern Europe,Western Europe
Andorra,Greece,AND,GRC,2013,,1947.636,Europe,Europe,Southern Europe,Southern Europe
Latvia,Sweden,LVA,SWE,2016,131651,441.6495,Europe,Europe,Northern Europe,Northern Europe
Germany,Macedonia (the former Yugoslav Republic of),DEU,MKD,2011,75179,1521.612,Europe,Europe,Western Europe,Southern Europe
Portugal,Belgium,PRT,BEL,2016,816988,1711.396,Europe,Europe,Southern Europe,Western Europe
Latvia,Romania,LVA,ROU,2011,4652,,Europe,Europe,Northern Europe,Eastern Europe
United Kingdom of Great Britain and Northern Ireland,Hungary,GBR,HUN,2016,1466621,1453.666,Europe,Europe,Northern Europe,Eastern Europe
Greece,Belgium,GRC,BEL,2012,378466,2089.225,Europe,Europe,Southern Europe,Western Europe
Greece,Sweden,GRC,SWE,2011,282057,2408.377,Europe,Europe,Southern Europe,Northern Europe
Belarus,Austria,BLR,AUT,2012,21277,998.225,Europe,Europe,Eastern Europe,Western Europe
Gibraltar,San Marino,GIB,SMR,2011,,1746.044,Europe,Europe,Southern Europe,Southern Europe
Iceland,Russian Federation,ISL,RUS,2011,3709,3316.138,Europe,Europe,Northern Europe,Eastern Europe
Italy,Belarus,ITA,BLR,2015,63133,1732.921,Europe,Europe,Southern Europe,Eastern Europe
Netherlands,Belgium,NLD,BEL,2016,3986486,173.0333,Europe,Europe,Western Europe,Western Europe
Spain,France,ESP,FRA,2016,17051584,1054.656,Europe,Europe,Southern Europe,Western Europe
Malta,Switzerland,MLT,CHE,2012,52601,1363.745,Europe,Europe,Southern Europe,Western Europe
Latvia,Slovenia,LVA,SVN,2014,1569,1378.849,Europe,Europe,Northern Europe,Southern Europe
Ukraine,Latvia,UKR,LVA,2015,121895,839.8457,Europe,Europe,Eastern Europe,Northern Europe
Germany,Norway,DEU,NOR,2012,1359368,969.2816,Europe,Europe,Western Europe,Northern Europe
Moldova (Republic of),Latvia,MDA,LVA,2014,3533,1153.302,Europe,Europe,Eastern Europe,Northern Europe
Belarus,Portugal,BLR,PRT,2013,1079,3229.235,Europe,Europe,Eastern Europe,Southern Europe
Andorra,Italy,AND,ITA,2014,0,909.03,Europe,Europe,Southern Europe,Southern Europe
France,Austria,FRA,AUT,2014,1322881,1035.144,Europe,Europe,Western Europe,Western Europe
Sweden,Italy,SWE,ITA,2012,755232,1980.122,Europe,Europe,Northern Europe,Southern Europe
Estonia,Belarus,EST,BLR,2012,2561,641.8873,Europe,Europe,Northern Europe,Eastern Europe
Czechia,Italy,CZE,ITA,2012,1232124,926.5591,Europe,Europe,Eastern Europe,Southern Europe
Bulgaria,France,BGR,FRA,2014,125250,1760.707,Europe,Europe,Eastern Europe,Western Europe
Norway,Spain,NOR,ESP,2014,1656420,2390.782,Europe,Europe,Northern Europe,Southern Europe
Spain,Norway,ESP,NOR,2015,1589792,2390.782,Europe,Europe,Southern Europe,Northern Europe
Luxembourg,France,LUX,FRA,2016,6725337,289.1023,Europe,Europe,Western Europe,Western Europe
Hungary,Finland,HUN,FIN,2013,130949,1457.984,Europe,Europe,Eastern Europe,Northern Europe
Bulgaria,Belgium,BGR,BEL,2015,136181,1699.686,Europe,Europe,Eastern Europe,Western Europe
Albania,Romania,ALB,ROU,2011,17156,,Europe,Europe,Southern Europe,Eastern Europe
France,Lithuania,FRA,LTU,2013,85391,1700.296,Europe,Europe,Western Europe,Northern Europe
San Marino,Sweden,SMR,SWE,2011,,1753.689,Europe,Europe,Southern Europe,Northern Europe
Italy,Gibraltar,ITA,GIB,2013,355,1667.082,Europe,Europe,Southern Europe,Southern Europe
Belgium,Slovakia,BEL,SVK,2013,51242,971.336,Europe,Europe,Western Europe,Eastern Europe
Slovakia,France,SVK,FRA,2014,25980,1094.61,Europe,Europe,Eastern Europe,Western Europe
Denmark,Portugal,DNK,PRT,2016,185890,2478.47,Europe,Europe,Northern Europe,Southern Europe
Czechia,Norway,CZE,NOR,2012,127617,1117.156,Europe,Europe,Eastern Europe,Northern Europe
Ireland,United Kingdom of Great Britain and Northern Ireland,IRL,GBR,2015,8785506,460.4115,Europe,Europe,Northern Europe,Northern Europe
Switzerland,Austria,CHE,AUT,2015,814131,684.8875,Europe,Europe,Western Europe,Western Europe
Poland,Belgium,POL,BEL,2016,485499,1160.644,Europe,Europe,Eastern Europe,Western Europe
Malta,Albania,MLT,ALB,2013,456,759.1236,Europe,Europe,Southern Europe,Southern Europe
Greece,Slovakia,GRC,SVK,2012,49399,1249.986,Europe,Europe,Southern Europe,Eastern Europe
Iceland,Andorra,ISL,AND,2012,,2833.952,Europe,Europe,Northern Europe,Southern Europe
Romania,Austria,ROU,AUT,2016,437226,,Europe,Europe,Eastern Europe,Western Europe
Germany,Belarus,DEU,BLR,2015,74321,1405.056,Europe,Europe,Western Europe,Eastern Europe
Netherlands,Latvia,NLD,LVA,2012,58761,1332.481,Europe,Europe,Western Europe,Northern Europe
Finland,Iceland,FIN,ISL,2011,24912,2424.555,Europe,Europe,Northern Europe,Northern Europe
Ukraine,Switzerland,UKR,CHE,2011,77423,1730.779,Europe,Europe,Eastern Europe,Western Europe
Switzerland,Belgium,CHE,BEL,2015,595804,487.4555,Europe,Europe,Western Europe,Western Europe
Spain,France,ESP,FRA,2014,16507365,1054.656,Europe,Europe,Southern Europe,Western Europe
Slovenia,Norway,SVN,NOR,2011,4149,1561.207,Europe,Europe,Southern Europe,Northern Europe
Netherlands,Belgium,NLD,BEL,2011,3265003,173.0333,Europe,Europe,Western Europe,Western Europe
Russian Federation,Austria,RUS,AUT,2016,321394,1675.699,Europe,Europe,Eastern Europe,Western Europe
Slovakia,Slovenia,SVK,SVN,2015,44271,308.8653,Europe,Europe,Eastern Europe,Southern Europe
Bosnia and Herzegovina,Andorra,BIH,AND,2013,,1380.175,Europe,Europe,Southern Europe,Southern Europe
Spain,San Marino,ESP,SMR,2012,,1390.619,Europe,Europe,Southern Europe,Southern Europe
France,Croatia,FRA,HRV,2012,201727,1081.762,Europe,Europe,Western Europe,Southern Europe
Czechia,Denmark,CZE,DNK,2015,174529,631.8411,Europe,Europe,Eastern Europe,Northern Europe
Austria,Bosnia and Herzegovina,AUT,BIH,2011,27538,509.7472,Europe,Europe,Western Europe,Southern Europe
Macedonia (the former Yugoslav Republic of),Norway,MKD,NOR,2016,24922,2124.664,Europe,Europe,Southern Europe,Northern Europe
Macedonia (the former Yugoslav Republic of),Belarus,MKD,BLR,2015,164,1392.291,Europe,Europe,Southern Europe,Eastern Europe
Luxembourg,Czechia,LUX,CZE,2016,16200,596.739,Europe,Europe,Western Europe,Eastern Europe
Gibraltar,Finland,GIB,FIN,2014,54,3434.65,Europe,Europe,Southern Europe,Northern Europe
Albania,Poland,ALB,POL,2012,2264,1218.313,Europe,Europe,Southern Europe,Eastern Europe
Hungary,Bosnia and Herzegovina,HUN,BIH,2015,1726,407.2162,Europe,Europe,Eastern Europe,Southern Europe
Slovakia,Finland,SVK,FIN,2015,435,1424.061,Europe,Europe,Eastern Europe,Northern Europe
Lithuania,France,LTU,FRA,2014,100744,1700.296,Europe,Europe,Northern Europe,Western Europe
Romania,San Marino,ROU,SMR,2015,5970,,Europe,Europe,Eastern Europe,Southern Europe
Belarus,Portugal,BLR,PRT,2016,1685,3229.235,Europe,Europe,Eastern Europe,Southern Europe
Malta,Switzerland,MLT,CHE,2011,50767,1363.745,Europe,Europe,Southern Europe,Western Europe
Iceland,Luxembourg,ISL,LUX,2014,683,2319.428,Europe,Europe,Northern Europe,Western Europe
Czechia,Italy,CZE,ITA,2014,1237262,926.5591,Europe,Europe,Eastern Europe,Southern Europe
Bosnia and Herzegovina,Hungary,BIH,HUN,2014,1696,407.2162,Europe,Europe,Southern Europe,Eastern Europe
Moldova (Republic of),Croatia,MDA,HRV,2012,799,995.402,Europe,Europe,Eastern Europe,Southern Europe
Estonia,Bosnia and Herzegovina,EST,BIH,2016,433,1782.909,Europe,Europe,Northern Europe,Southern Europe
Sweden,Hungary,SWE,HUN,2013,274298,1318.564,Europe,Europe,Northern Europe,Eastern Europe
Norway,Portugal,NOR,PRT,2011,86612,2739.748,Europe,Europe,Northern Europe,Southern Europe
Albania,Macedonia (the former Yugoslav Republic of),ALB,MKD,2012,412693,155.9628,Europe,Europe,Southern Europe,Southern Europe
Italy,Iceland,ITA,ISL,2014,22398,3307.978,Europe,Europe,Southern Europe,Northern Europe
Romania,Poland,ROU,POL,2011,369731,,Europe,Europe,Eastern Europe,Eastern Europe
Bosnia and Herzegovina,Croatia,BIH,HRV,2015,363864,290.1541,Europe,Europe,Southern Europe,Southern Europe
Malta,Ukraine,MLT,UKR,2013,3248,2062.274,Europe,Europe,Southern Europe,Eastern Europe
Macedonia (the former Yugoslav Republic of),Finland,MKD,FIN,2012,1705,2032.59,Europe,Europe,Southern Europe,Northern Europe
Hungary,France,HUN,FRA,2011,312690,1247.24,Europe,Europe,Eastern Europe,Western Europe
Ukraine,Estonia,UKR,EST,2013,30637,1066.134,Europe,Europe,Eastern Europe,Northern Europe
Portugal,Hungary,PRT,HUN,2013,65153,2471.427,Europe,Europe,Southern Europe,Eastern Europe
San Marino,Belgium,SMR,BEL,2012,16475,980.1509,Europe,Europe,Southern Europe,Western Europe
Czechia,Bulgaria,CZE,BGR,2011,198748,1069.866,Europe,Europe,Eastern Europe,Eastern Europe
Belarus,United Kingdom of Great Britain and Northern Ireland,BLR,GBR,2012,19632,1873.072,Europe,Europe,Eastern Europe,Northern Europe
United Kingdom of Great Britain and Northern Ireland,Norway,GBR,NOR,2014,1749551,1157.104,Europe,Europe,Northern Europe,Northern Europe
Portugal,Belarus,PRT,BLR,2015,2085,3229.235,Europe,Europe,Southern Europe,Eastern Europe
Italy,Belgium,ITA,BEL,2012,2071504,1174.904,Europe,Europe,Southern Europe,Western Europe
Norway,Switzerland,NOR,CHE,2015,188659,1459.379,Europe,Europe,Northern Europe,Western Europe
Estonia,Moldova (Republic of),EST,MDA,2016,1444,1407.85,Europe,Europe,Northern Europe,Eastern Europe
Iceland,Gibraltar,ISL,GIB,2014,16,3312.355,Europe,Europe,Northern Europe,Southern Europe
Slovakia,Norway,SVK,NOR,2014,21707,1371.805,Europe,Europe,Eastern Europe,Northern Europe
Luxembourg,Bulgaria,LUX,BGR,2011,9979,1526.197,Europe,Europe,Western Europe,Eastern Europe
Albania,Slovenia,ALB,SVN,2011,11100,678.3095,Europe,Europe,Southern Europe,Southern Europe
Ireland,Czechia,IRL,CZE,2015,152730,1465.218,Europe,Europe,Northern Europe,Eastern Europe
Russian Federation,Andorra,RUS,AND,2015,,2973.003,Europe,Europe,Eastern Europe,Southern Europe
Romania,Hungary,ROU,HUN,2013,2395567,,Europe,Europe,Eastern Europe,Eastern Europe
Moldova (Republic of),Macedonia (the former Yugoslav Republic of),MDA,MKD,2015,247,806.5962,Europe,Europe,Eastern Europe,Southern Europe
France,San Marino,FRA,SMR,2014,,951.0759,Europe,Europe,Western Europe,Southern Europe
Luxembourg,Netherlands,LUX,NLD,2016,44133,318.3489,Europe,Europe,Western Europe,Western Europe
Luxembourg,Poland,LUX,POL,2016,28616,1080.571,Europe,Europe,Western Europe,Eastern Europe
Poland,Bulgaria,POL,BGR,2014,389105,1080.42,Europe,Europe,Eastern Europe,Eastern Europe
San Marino,Finland,SMR,FIN,2015,,1986.678,Europe,Europe,Southern Europe,Northern Europe
Gibraltar,United Kingdom of Great Britain and Northern Ireland,GIB,GBR,2016,376595,1759.095,Europe,Europe,Southern Europe,Northern Europe
Finland,Netherlands,FIN,NLD,2015,199707,1505.523,Europe,Europe,Northern Europe,Western Europe
Moldova (Republic of),San Marino,MDA,SMR,2016,,1317.19,Europe,Europe,Eastern Europe,Southern Europe
Slovenia,Germany,SVN,DEU,2015,373367,814.8665,Europe,Europe,Southern Europe,Western Europe
Austria,Hungary,AUT,HUN,2015,1630628,215.6626,Europe,Europe,Western Europe,Eastern Europe
France,Germany,FRA,DEU,2014,14526477,439.8984,Europe,Europe,Western Europe,Western Europe
Latvia,Germany,LVA,DEU,2013,323458,1265.433,Europe,Europe,Northern Europe,Western Europe
Hungary,Greece,HUN,GRC,2014,89020,1123.943,Europe,Europe,Eastern Europe,Southern Europe
Romania,Slovenia,ROU,SVN,2015,51006,,Europe,Europe,Eastern Europe,Southern Europe
Ireland,Romania,IRL,ROU,2016,93741,,Europe,Europe,Northern Europe,Eastern Europe
Slovenia,Luxembourg,SVN,LUX,2013,2577,736.8185,Europe,Europe,Southern Europe,Western Europe
Bulgaria,United Kingdom of Great Britain and Northern Ireland,BGR,GBR,2014,501604,2019.341,Europe,Europe,Eastern Europe,Northern Europe
Croatia,Hungary,HRV,HUN,2013,354354,302.1079,Europe,Europe,Southern Europe,Eastern Europe
Iceland,Slovenia,ISL,SVN,2015,599,2999.913,Europe,Europe,Northern Europe,Southern Europe
Iceland,Belarus,ISL,BLR,2014,114,2965.109,Europe,Europe,Northern Europe,Eastern Europe
Austria,Malta,AUT,MLT,2012,42005,1379.07,Europe,Europe,Western Europe,Southern Europe
Switzerland,France,CHE,FRA,2015,2523927,436.0778,Europe,Europe,Western Europe,Western Europe
Ireland,Macedonia (the former Yugoslav Republic of),IRL,MKD,2013,431,2407.447,Europe,Europe,Northern Europe,Southern Europe
Denmark,Norway,DNK,NOR,2014,2160539,485.3148,Europe,Europe,Northern Europe,Northern Europe
Luxembourg,Finland,LUX,FIN,2011,6766,1671.633,Europe,Europe,Western Europe,Northern Europe
Andorra,United Kingdom of Great Britain and Northern Ireland,AND,GBR,2014,0,1009.577,Europe,Europe,Southern Europe,Northern Europe
Germany,Iceland,DEU,ISL,2012,154524,2189.024,Europe,Europe,Western Europe,Northern Europe
Belgium,Luxembourg,BEL,LUX,2011,269780,187.8091,Europe,Europe,Western Europe,Western Europe
Belarus,Slovenia,BLR,SVN,2011,1033,1267.967,Europe,Europe,Eastern Europe,Southern Europe
Ukraine,Switzerland,UKR,CHE,2012,83559,1730.779,Europe,Europe,Eastern Europe,Western Europe
Hungary,Czechia,HUN,CZE,2012,454957,445.1513,Europe,Europe,Eastern Europe,Eastern Europe
Ireland,Russian Federation,IRL,RUS,2015,26243,2802.315,Europe,Europe,Northern Europe,Eastern Europe
Spain,Moldova (Republic of),ESP,MDA,2016,28795,2697.714,Europe,Europe,Southern Europe,Eastern Europe
Estonia,Sweden,EST,SWE,2016,119838,377.9402,Europe,Europe,Northern Europe,Northern Europe
United Kingdom of Great Britain and Northern Ireland,Luxembourg,GBR,LUX,2011,197762,494.0174,Europe,Europe,Northern Europe,Western Europe
Albania,Czechia,ALB,CZE,2012,8981,1060.922,Europe,Europe,Southern Europe,Eastern Europe
Macedonia (the former Yugoslav Republic of),Greece,MKD,GRC,2013,379,485.2823,Europe,Europe,Southern Europe,Southern Europe
Poland,Netherlands,POL,NLD,2014,460507,1093.599,Europe,Europe,Eastern Europe,Western Europe
France,Gibraltar,FRA,GIB,2011,180,1549.175,Europe,Europe,Western Europe,Southern Europe
Greece,Macedonia (the former Yugoslav Republic of),GRC,MKD,2015,3061888,485.2823,Europe,Europe,Southern Europe,Southern Europe
Poland,France,POL,FRA,2011,643478,1368.178,Europe,Europe,Eastern Europe,Western Europe
Gibraltar,Sweden,GIB,SWE,2012,53,3086.185,Europe,Europe,Southern Europe,Northern Europe
Moldova (Republic of),Norway,MDA,NOR,2012,1839,1858.963,Europe,Europe,Eastern Europe,Northern Europe
Iceland,Denmark,ISL,DNK,2012,177408,2111.384,Europe,Europe,Northern Europe,Northern Europe
Spain,Malta,ESP,MLT,2014,99468,1670.797,Europe,Europe,Southern Europe,Southern Europe
Bulgaria,San Marino,BGR,SMR,2014,4780,886.4001,Europe,Europe,Eastern Europe,Southern Europe
Germany,Lithuania,DEU,LTU,2011,202400,1272.883,Europe,Europe,Western Europe,Northern Europe
Belgium,Bulgaria,BEL,BGR,2015,135866,1699.686,Europe,Europe,Western Europe,Eastern Europe
Bosnia and Herzegovina,Romania,BIH,ROU,2011,9000,,Europe,Europe,Southern Europe,Eastern Europe
Greece,Germany,GRC,DEU,2011,2902385,1990.582,Europe,Europe,Southern Europe,Western Europe
Bosnia and Herzegovina,San Marino,BIH,SMR,2012,,476.5566,Europe,Europe,Southern Europe,Southern Europe
Latvia,Slovenia,LVA,SVN,2015,2406,1378.849,Europe,Europe,Northern Europe,Southern Europe
Russian Federation,Finland,RUS,FIN,2016,126043,892.6777,Europe,Europe,Eastern Europe,Northern Europe
Finland,Czechia,FIN,CZE,2013,105387,1300.095,Europe,Europe,Northern Europe,Eastern Europe
Ukraine,Russian Federation,UKR,RUS,2015,11023591,763.4056,Europe,Europe,Eastern Europe,Eastern Europe
Slovenia,Russian Federation,SVN,RUS,2016,52551,1937.979,Europe,Europe,Southern Europe,Eastern Europe
Italy,Belgium,ITA,BEL,2013,2046415,1174.904,Europe,Europe,Southern Europe,Western Europe
Italy,Spain,ITA,ESP,2015,7567632,1366.76,Europe,Europe,Southern Europe,Southern Europe
Slovakia,Finland,SVK,FIN,2011,1697,1424.061,Europe,Europe,Eastern Europe,Northern Europe
Germany,Slovenia,DEU,SVN,2012,318901,814.8665,Europe,Europe,Western Europe,Southern Europe
Bosnia and Herzegovina,Germany,BIH,DEU,2015,146695,1202.42,Europe,Europe,Southern Europe,Western Europe
Czechia,Germany,CZE,DEU,2012,1913210,545.6255,Europe,Europe,Eastern Europe,Western Europe
Slovakia,Macedonia (the former Yugoslav Republic of),SVK,MKD,2011,1912,764.715,Europe,Europe,Eastern Europe,Southern Europe
Slovenia,United Kingdom of Great Britain and Northern Ireland,SVN,GBR,2016,160906,1230.756,Europe,Europe,Southern Europe,Northern Europe
Slovakia,Malta,SVK,MLT,2015,6680,1382.29,Europe,Europe,Eastern Europe,Southern Europe
Bulgaria,Belarus,BGR,BLR,2011,43513,1282.432,Europe,Europe,Eastern Europe,Eastern Europe
Macedonia (the former Yugoslav Republic of),Romania,MKD,ROU,2012,26134,,Europe,Europe,Southern Europe,Eastern Europe
Romania,Moldova (Republic of),ROU,MDA,2016,27738,,Europe,Europe,Eastern Europe,Eastern Europe
Slovakia,Italy,SVK,ITA,2011,439960,789.4631,Europe,Europe,Eastern Europe,Southern Europe
Finland,Italy,FIN,ITA,2011,367229,2203.158,Europe,Europe,Northern Europe,Southern Europe
Poland,Italy,POL,ITA,2016,2030899,1319.479,Europe,Europe,Eastern Europe,Southern Europe
Macedonia (the former Yugoslav Republic of),Iceland,MKD,ISL,2012,24,3686.858,Europe,Europe,Southern Europe,Northern Europe
Ukraine,Austria,UKR,AUT,2011,132738,1052.484,Europe,Europe,Eastern Europe,Western Europe
Italy,Hungary,ITA,HUN,2011,932221,811.4083,Europe,Europe,Southern Europe,Eastern Europe
Estonia,Bosnia and Herzegovina,EST,BIH,2014,343,1782.909,Europe,Europe,Northern Europe,Southern Europe
Hungary,Germany,HUN,DEU,2015,2369189,976.2567,Europe,Europe,Eastern Europe,Western Europe
Iceland,Belarus,ISL,BLR,2011,22,2965.109,Europe,Europe,Northern Europe,Eastern Europe
Estonia,Denmark,EST,DNK,2013,42631,836.2802,Europe,Europe,Northern Europe,Northern Europe
Germany,Italy,DEU,ITA,2011,11412878,1146.023,Europe,Europe,Western Europe,Southern Europe
Spain,Albania,ESP,ALB,2014,11124,1977.061,Europe,Europe,Southern Europe,Southern Europe
Ukraine,Sweden,UKR,SWE,2012,50491,1267.46,Europe,Europe,Eastern Europe,Northern Europe
Luxembourg,Switzerland,LUX,CHE,2014,79659,309.8716,Europe,Europe,Western Europe,Western Europe
Belarus,Luxembourg,BLR,LUX,2015,573,1539.179,Europe,Europe,Eastern Europe,Western Europe
Bulgaria,Bosnia and Herzegovina,BGR,BIH,2014,50477,416.3402,Europe,Europe,Eastern Europe,Southern Europe
Latvia,Gibraltar,LVA,GIB,2016,41,3185.494,Europe,Europe,Northern Europe,Southern Europe
Croatia,Romania,HRV,ROU,2012,80607,,Europe,Europe,Southern Europe,Eastern Europe
Estonia,Slovakia,EST,SVK,2011,4812,1345.682,Europe,Europe,Northern Europe,Eastern Europe
Moldova (Republic of),Belarus,MDA,BLR,2016,3102,768.2014,Europe,Europe,Eastern Europe,Eastern Europe
Belarus,Switzerland,BLR,CHE,2015,16501,1609.652,Europe,Europe,Eastern Europe,Western Europe
Macedonia (the former Yugoslav Republic of),Malta,MKD,MLT,2014,223,905.4888,Europe,Europe,Southern Europe,Southern Europe
Gibraltar,Czechia,GIB,CZE,2011,62,2222.865,Europe,Europe,Southern Europe,Eastern Europe
Iceland,Moldova (Republic of),ISL,MDA,2013,4,3584.765,Europe,Europe,Northern Europe,Eastern Europe
Italy,Ireland,ITA,IRL,2013,649468,1887.733,Europe,Europe,Southern Europe,Northern Europe
Sweden,Poland,SWE,POL,2012,748050,809.0182,Europe,Europe,Northern Europe,Eastern Europe
Sweden,Netherlands,SWE,NLD,2012,586337,1128.93,Europe,Europe,Northern Europe,Western Europe
Switzerland,Norway,CHE,NOR,2011,165519,1459.379,Europe,Europe,Western Europe,Northern Europe
Finland,Andorra,FIN,AND,2015,,2526.079,Europe,Europe,Northern Europe,Southern Europe
Bosnia and Herzegovina,Portugal,BIH,PRT,2012,891,2362.739,Europe,Europe,Southern Europe,Southern Europe
Germany,Bosnia and Herzegovina,DEU,BIH,2014,99950,1202.42,Europe,Europe,Western Europe,Southern Europe
Slovenia,Finland,SVN,FIN,2013,19493,1710.822,Europe,Europe,Southern Europe,Northern Europe
France,Albania,FRA,ALB,2015,39301,1603.534,Europe,Europe,Western Europe,Southern Europe
Iceland,Hungary,ISL,HUN,2011,1131,3077.932,Europe,Europe,Northern Europe,Eastern Europe
Estonia,Moldova (Republic of),EST,MDA,2011,1503,1407.85,Europe,Europe,Northern Europe,Eastern Europe
Russian Federation,Belarus,RUS,BLR,2012,467129,686.9657,Europe,Europe,Eastern Europe,Eastern Europe
Spain,Slovenia,ESP,SVN,2011,19873,1600.555,Europe,Europe,Southern Europe,Southern Europe
Hungary,Latvia,HUN,LVA,2015,12151,1105.945,Europe,Europe,Eastern Europe,Northern Europe
Greece,Luxembourg,GRC,LUX,2012,27294,1904.941,Europe,Europe,Southern Europe,Western Europe
Netherlands,Denmark,NLD,DNK,2016,630948,622.9741,Europe,Europe,Western Europe,Northern Europe
Andorra,Iceland,AND,ISL,2014,,2833.952,Europe,Europe,Southern Europe,Northern Europe
Belarus,Norway,BLR,NOR,2011,2345,1216.697,Europe,Europe,Eastern Europe,Northern Europe
Czechia,Denmark,CZE,DNK,2012,145833,631.8411,Europe,Europe,Eastern Europe,Northern Europe
Estonia,Albania,EST,ALB,2013,1287,2041.537,Europe,Europe,Northern Europe,Southern Europe
San Marino,Spain,SMR,ESP,2011,,1390.619,Europe,Europe,Southern Europe,Southern Europe
Hungary,Portugal,HUN,PRT,2015,76022,2471.427,Europe,Europe,Eastern Europe,Southern Europe
Sweden,Czechia,SWE,CZE,2012,152387,1053.71,Europe,Europe,Northern Europe,Eastern Europe
Finland,Macedonia (the former Yugoslav Republic of),FIN,MKD,2011,2256,2032.59,Europe,Europe,Northern Europe,Southern Europe
Finland,United Kingdom of Great Britain and Northern Ireland,FIN,GBR,2013,489129,1826.928,Europe,Europe,Northern Europe,Northern Europe
Latvia,San Marino,LVA,SMR,2013,,1659.333,Europe,Europe,Northern Europe,Southern Europe
Ukraine,Romania,UKR,ROU,2014,1301034,,Europe,Europe,Eastern Europe,Eastern Europe
Sweden,Bulgaria,SWE,BGR,2015,45955,1889.219,Europe,Europe,Northern Europe,Eastern Europe
Norway,Gibraltar,NOR,GIB,2014,256,2887.885,Europe,Europe,Northern Europe,Southern Europe
Andorra,Belarus,AND,BLR,2013,,2286.099,Europe,Europe,Southern Europe,Eastern Europe
United Kingdom of Great Britain and Northern Ireland,Luxembourg,GBR,LUX,2015,303964,494.0174,Europe,Europe,Northern Europe,Western Europe
Switzerland,Italy,CHE,ITA,2012,1129143,692.6592,Europe,Europe,Western Europe,Southern Europe
Bosnia and Herzegovina,Italy,BIH,ITA,2016,434226,531.7457,Europe,Europe,Southern Europe,Southern Europe
Macedonia (the former Yugoslav Republic of),Germany,MKD,DEU,2011,78077,1521.612,Europe,Europe,Southern Europe,Western Europe
Spain,Bosnia and Herzegovina,ESP,BIH,2014,5223,1861.879,Europe,Europe,Southern Europe,Southern Europe
Denmark,Gibraltar,DNK,GIB,2012,90,2562.962,Europe,Europe,Northern Europe,Southern Europe
Ireland,Germany,IRL,DEU,2015,1203415,920.8693,Europe,Europe,Northern Europe,Western Europe
Gibraltar,Latvia,GIB,LVA,2011,137,3185.494,Europe,Europe,Southern Europe,Northern Europe
San Marino,Estonia,SMR,EST,2014,,1911.032,Europe,Europe,Southern Europe,Northern Europe
Lithuania,Moldova (Republic of),LTU,MDA,2012,1212,889.8586,Europe,Europe,Northern Europe,Eastern Europe
Poland,Spain,POL,ESP,2012,609180,2293.005,Europe,Europe,Eastern Europe,Southern Europe
Germany,Portugal,DEU,PRT,2012,1545205,1892.032,Europe,Europe,Western Europe,Southern Europe
Finland,Ukraine,FIN,UKR,2011,24601,1135.325,Europe,Europe,Northern Europe,Eastern Europe
Romania,United Kingdom of Great Britain and Northern Ireland,ROU,GBR,2014,610939,,Europe,Europe,Eastern Europe,Northern Europe
Norway,Finland,NOR,FIN,2012,318345,791.2361,Europe,Europe,Northern Europe,Northern Europe
Belarus,Croatia,BLR,HRV,2014,12858,1217.08,Europe,Europe,Eastern Europe,Southern Europe
Romania,Austria,ROU,AUT,2013,456852,,Europe,Europe,Eastern Europe,Western Europe
Italy,Luxembourg,ITA,LUX,2015,176341,989.5763,Europe,Europe,Southern Europe,Western Europe
Malta,Latvia,MLT,LVA,2012,2095,2449.608,Europe,Europe,Southern Europe,Northern Europe
Luxembourg,Germany,LUX,DEU,2015,417652,215.9864,Europe,Europe,Western Europe,Western Europe
Portugal,Ireland,PRT,IRL,2014,559494,1639.821,Europe,Europe,Southern Europe,Northern Europe
Austria,Iceland,AUT,ISL,2014,9873,2891.521,Europe,Europe,Western Europe,Northern Europe
Poland,Finland,POL,FIN,2014,177193,911.2882,Europe,Europe,Eastern Europe,Northern Europe
Gibraltar,Croatia,GIB,HRV,2013,45,2079.915,Europe,Europe,Southern Europe,Southern Europe
Belarus,Poland,BLR,POL,2011,3452983,469.7038,Europe,Europe,Eastern Europe,Eastern Europe
Spain,Lithuania,ESP,LTU,2013,114395,2666.384,Europe,Europe,Southern Europe,Northern Europe
Macedonia (the former Yugoslav Republic of),Andorra,MKD,AND,2015,,1642.107,Europe,Europe,Southern Europe,Southern Europe
Albania,Malta,ALB,MLT,2011,206,759.1236,Europe,Europe,Southern Europe,Southern Europe
Czechia,Greece,CZE,GRC,2016,455870,1535.797,Europe,Europe,Eastern Europe,Southern Europe
Ireland,Denmark,IRL,DNK,2015,195615,1240.498,Europe,Europe,Northern Europe,Northern Europe
Denmark,Belgium,DNK,BEL,2016,397525,767.1575,Europe,Europe,Northern Europe,Western Europe
Latvia,Italy,LVA,ITA,2013,131236,1869.574,Europe,Europe,Northern Europe,Southern Europe
Ukraine,Luxembourg,UKR,LUX,2016,4103,1736.302,Europe,Europe,Eastern Europe,Western Europe
Belgium,Macedonia (the former Yugoslav Republic of),BEL,MKD,2016,32164,1634.022,Europe,Europe,Western Europe,Southern Europe
Macedonia (the former Yugoslav Republic of),Malta,MKD,MLT,2013,321,905.4888,Europe,Europe,Southern Europe,Southern Europe
Hungary,Spain,HUN,ESP,2014,307200,1977.705,Europe,Europe,Eastern Europe,Southern Europe
Ireland,United Kingdom of Great Britain and Northern Ireland,IRL,GBR,2016,9593030,460.4115,Europe,Europe,Northern Europe,Northern Europe
Denmark,Italy,DNK,ITA,2016,1113426,1534.086,Europe,Europe,Northern Europe,Southern Europe
Iceland,Portugal,ISL,PRT,2012,1341,2952.572,Europe,Europe,Northern Europe,Southern Europe
Spain,Luxembourg,ESP,LUX,2015,270990,1281.233,Europe,Europe,Southern Europe,Western Europe
United Kingdom of Great Britain and Northern Ireland,Austria,GBR,AUT,2013,1049117,1238.199,Europe,Europe,Northern Europe,Western Europe
Norway,Italy,NOR,ITA,2012,413370,2010.678,Europe,Europe,Northern Europe,Southern Europe
San Marino,United Kingdom of Great Britain and Northern Ireland,SMR,GBR,2012,,1263.348,Europe,Europe,Southern Europe,Northern Europe
San Marino,Poland,SMR,POL,2015,,1117.929,Europe,Europe,Southern Europe,Eastern Europe
Finland,Greece,FIN,GRC,2016,201851,2465.045,Europe,Europe,Northern Europe,Southern Europe
Iceland,Bulgaria,ISL,BGR,2011,398,3709.101,Europe,Europe,Northern Europe,Eastern Europe
Finland,Bosnia and Herzegovina,FIN,BIH,2012,1884,1863.34,Europe,Europe,Northern Europe,Southern Europe
Hungary,Romania,HUN,ROU,2016,4336026,,Europe,Europe,Eastern Europe,Eastern Europe
Iceland,Belgium,ISL,BEL,2011,12198,2133.168,Europe,Europe,Northern Europe,Western Europe
Albania,Moldova (Republic of),ALB,MDA,2014,227,955.9489,Europe,Europe,Southern Europe,Eastern Europe
Moldova (Republic of),Ireland,MDA,IRL,2011,3657,2569.662,Europe,Europe,Eastern Europe,Northern Europe
Finland,France,FIN,FRA,2012,354309,1911.138,Europe,Europe,Northern Europe,Western Europe
France,Switzerland,FRA,CHE,2013,2331691,436.0778,Europe,Europe,Western Europe,Western Europe
Iceland,Malta,ISL,MLT,2015,429,3978.502,Europe,Europe,Northern Europe,Southern Europe
Austria,Ireland,AUT,IRL,2015,119977,1681.996,Europe,Europe,Western Europe,Northern Europe
Denmark,France,DNK,FRA,2013,904219,1027.609,Europe,Europe,Northern Europe,Western Europe
United Kingdom of Great Britain and Northern Ireland,Luxembourg,GBR,LUX,2014,263251,494.0174,Europe,Europe,Northern Europe,Western Europe
Hungary,Gibraltar,HUN,GIB,2016,39,2371.369,Europe,Europe,Eastern Europe,Southern Europe
Malta,Slovakia,MLT,SVK,2011,4199,1382.29,Europe,Europe,Southern Europe,Eastern Europe
Spain,Bosnia and Herzegovina,ESP,BIH,2015,6328,1861.879,Europe,Europe,Southern Europe,Southern Europe
Greece,Germany,GRC,DEU,2016,3658043,1990.582,Europe,Europe,Southern Europe,Western Europe
Belgium,Greece,BEL,GRC,2015,751462,2089.225,Europe,Europe,Western Europe,Southern Europe
Czechia,Poland,CZE,POL,2015,12395573,516.6628,Europe,Europe,Eastern Europe,Eastern Europe
Austria,San Marino,AUT,SMR,2014,,561.1404,Europe,Europe,Western Europe,Southern Europe
Croatia,Switzerland,HRV,CHE,2015,158686,667.2937,Europe,Europe,Southern Europe,Western Europe
Russian Federation,Latvia,RUS,LVA,2013,969909,847.8519,Europe,Europe,Eastern Europe,Northern Europe
Macedonia (the former Yugoslav Republic of),Slovenia,MKD,SVN,2013,28025,717.5879,Europe,Europe,Southern Europe,Southern Europe
Bosnia and Herzegovina,Russian Federation,BIH,RUS,2016,10037,1902.116,Europe,Europe,Southern Europe,Eastern Europe
Slovenia,Russian Federation,SVN,RUS,2012,65098,1937.979,Europe,Europe,Southern Europe,Eastern Europe
Russian Federation,Romania,RUS,ROU,2011,141495,,Europe,Europe,Eastern Europe,Eastern Europe
Norway,Hungary,NOR,HUN,2012,88690,1483.495,Europe,Europe,Northern Europe,Eastern Europe
Portugal,Andorra,PRT,AND,2011,,990.3965,Europe,Europe,Southern Europe,Southern Europe
Estonia,Italy,EST,ITA,2016,91763,2126.436,Europe,Europe,Northern Europe,Southern Europe
Iceland,Sweden,ISL,SWE,2013,61871,2138.135,Europe,Europe,Northern Europe,Northern Europe
Austria,Iceland,AUT,ISL,2015,12614,2891.521,Europe,Europe,Western Europe,Northern Europe
Austria,Belarus,AUT,BLR,2013,23493,998.225,Europe,Europe,Western Europe,Eastern Europe
Macedonia (the former Yugoslav Republic of),Bulgaria,MKD,BGR,2015,535366,168.0973,Europe,Europe,Southern Europe,Eastern Europe
Sweden,Austria,SWE,AUT,2013,187657,1242.31,Europe,Europe,Northern Europe,Western Europe
Ukraine,Netherlands,UKR,NLD,2013,70077,1781.716,Europe,Europe,Eastern Europe,Western Europe
Finland,Estonia,FIN,EST,2013,109057,80.98481,Europe,Europe,Northern Europe,Northern Europe
Poland,Sweden,POL,SWE,2015,797134,809.0182,Europe,Europe,Eastern Europe,Northern Europe
Luxembourg,Italy,LUX,ITA,2011,120635,989.5763,Europe,Europe,Western Europe,Southern Europe
San Marino,Lithuania,SMR,LTU,2016,,1509.381,Europe,Europe,Southern Europe,Northern Europe
Portugal,Slovenia,PRT,SVN,2012,2812,2096.808,Europe,Europe,Southern Europe,Southern Europe
Lithuania,Finland,LTU,FIN,2011,74483,606.8758,Europe,Europe,Northern Europe,Northern Europe
Romania,Denmark,ROU,DNK,2016,48206,,Europe,Europe,Eastern Europe,Northern Europe
San Marino,Luxembourg,SMR,LUX,2012,,792.4816,Europe,Europe,Southern Europe,Western Europe
Croatia,Belgium,HRV,BEL,2014,165410,1024.412,Europe,Europe,Southern Europe,Western Europe
Albania,Belgium,ALB,BEL,2016,47169,1589.107,Europe,Europe,Southern Europe,Western Europe
France,Lithuania,FRA,LTU,2016,120512,1700.296,Europe,Europe,Western Europe,Northern Europe
Norway,Netherlands,NOR,NLD,2014,568941,916.1565,Europe,Europe,Northern Europe,Western Europe
Czechia,Sweden,CZE,SWE,2012,153044,1053.71,Europe,Europe,Eastern Europe,Northern Europe
Norway,Slovakia,NOR,SVK,2014,21707,1371.805,Europe,Europe,Northern Europe,Eastern Europe
Bulgaria,Lithuania,BGR,LTU,2015,17956,1345.486,Europe,Europe,Eastern Europe,Northern Europe
Belarus,Gibraltar,BLR,GIB,2013,5,3204.334,Europe,Europe,Eastern Europe,Southern Europe
Italy,Poland,ITA,POL,2014,1822099,1319.479,Europe,Europe,Southern Europe,Eastern Europe
Poland,Latvia,POL,LVA,2011,594118,559.8441,Europe,Europe,Eastern Europe,Northern Europe
Poland,Luxembourg,POL,LUX,2014,23755,1080.571,Europe,Europe,Eastern Europe,Western Europe
Malta,Gibraltar,MLT,GIB,2016,178,1787.032,Europe,Europe,Southern Europe,Southern Europe
Portugal,Andorra,PRT,AND,2015,,990.3965,Europe,Europe,Southern Europe,Southern Europe
Italy,Latvia,ITA,LVA,2016,108863,1869.574,Europe,Europe,Southern Europe,Northern Europe
Poland,Gibraltar,POL,GIB,2015,63,2736.609,Europe,Europe,Eastern Europe,Southern Europe
Iceland,San Marino,ISL,SMR,2012,,3109.966,Europe,Europe,Northern Europe,Southern Europe
Croatia,Norway,HRV,NOR,2015,140090,1608.583,Europe,Europe,Southern Europe,Northern Europe
Austria,Switzerland,AUT,CHE,2014,783697,684.8875,Europe,Europe,Western Europe,Western Europe
Ukraine,Bosnia and Herzegovina,UKR,BIH,2014,3747,1166.276,Europe,Europe,Eastern Europe,Southern Europe
Lithuania,Luxembourg,LTU,LUX,2013,2944,1420.353,Europe,Europe,Northern Europe,Western Europe
Italy,Gibraltar,ITA,GIB,2011,124,1667.082,Europe,Europe,Southern Europe,Southern Europe
Ukraine,United Kingdom of Great Britain and Northern Ireland,UKR,GBR,2012,181314,2137.511,Europe,Europe,Eastern Europe,Northern Europe
Portugal,Netherlands,PRT,NLD,2015,970776,1862.043,Europe,Europe,Southern Europe,Western Europe
Slovakia,Macedonia (the former Yugoslav Republic of),SVK,MKD,2013,5022,764.715,Europe,Europe,Eastern Europe,Southern Europe
Estonia,Spain,EST,ESP,2014,65587,2895.384,Europe,Europe,Northern Europe,Southern Europe
Croatia,Latvia,HRV,LVA,2015,7849,1361.346,Europe,Europe,Southern Europe,Northern Europe
Gibraltar,Netherlands,GIB,NLD,2015,205,1976.745,Europe,Europe,Southern Europe,Western Europe
Malta,Albania,MLT,ALB,2015,1389,759.1236,Europe,Europe,Southern Europe,Southern Europe
San Marino,Croatia,SMR,HRV,2012,,342.8565,Europe,Europe,Southern Europe,Southern Europe
Albania,Russian Federation,ALB,RUS,2013,17817,2063.678,Europe,Europe,Southern Europe,Eastern Europe
United Kingdom of Great Britain and Northern Ireland,Iceland,GBR,ISL,2011,229029,1891.859,Europe,Europe,Northern Europe,Northern Europe
Norway,Ireland,NOR,IRL,2013,74903,1267.015,Europe,Europe,Northern Europe,Northern Europe
Russian Federation,Gibraltar,RUS,GIB,2014,800,3890.748,Europe,Europe,Eastern Europe,Southern Europe
Slovakia,Switzerland,SVK,CHE,2011,4564,742.9638,Europe,Europe,Eastern Europe,Western Europe
Sweden,San Marino,SWE,SMR,2012,,1753.689,Europe,Europe,Northern Europe,Southern Europe
Austria,France,AUT,FRA,2014,1322881,1035.144,Europe,Europe,Western Europe,Western Europe
Germany,Gibraltar,DEU,GIB,2014,459,1967.273,Europe,Europe,Western Europe,Southern Europe
Germany,Denmark,DEU,DNK,2012,3589536,595.8536,Europe,Europe,Western Europe,Northern Europe
Portugal,Moldova (Republic of),PRT,MDA,2013,5408,3195.949,Europe,Europe,Southern Europe,Eastern Europe
Macedonia (the former Yugoslav Republic of),Czechia,MKD,CZE,2014,3040,1051.492,Europe,Europe,Southern Europe,Eastern Europe
Croatia,Bosnia and Herzegovina,HRV,BIH,2014,302152,290.1541,Europe,Europe,Southern Europe,Southern Europe
Finland,San Marino,FIN,SMR,2011,,1986.678,Europe,Europe,Northern Europe,Southern Europe
Romania,Slovakia,ROU,SVK,2011,104861,,Europe,Europe,Eastern Europe,Eastern Europe
Belarus,Andorra,BLR,AND,2011,,2286.099,Europe,Europe,Eastern Europe,Southern Europe
Bosnia and Herzegovina,Spain,BIH,ESP,2012,4420,1861.879,Europe,Europe,Southern Europe,Southern Europe
Slovakia,Gibraltar,SVK,GIB,2011,0,2276.342,Europe,Europe,Eastern Europe,Southern Europe
United Kingdom of Great Britain and Northern Ireland,Ukraine,GBR,UKR,2014,161078,2137.511,Europe,Europe,Northern Europe,Eastern Europe
Belgium,Slovenia,BEL,SVN,2011,55031,916.7943,Europe,Europe,Western Europe,Southern Europe
Belarus,Latvia,BLR,LVA,2016,154761,406.3581,Europe,Europe,Eastern Europe,Northern Europe
France,Czechia,FRA,CZE,2012,632815,884.6105,Europe,Europe,Western Europe,Eastern Europe
Albania,Finland,ALB,FIN,2013,2182,2122.475,Europe,Europe,Southern Europe,Northern Europe
Ireland,Spain,IRL,ESP,2011,2029108,1450.236,Europe,Europe,Northern Europe,Southern Europe
San Marino,Ireland,SMR,IRL,2016,,1720.421,Europe,Europe,Southern Europe,Northern Europe
United Kingdom of Great Britain and Northern Ireland,Macedonia (the former Yugoslav Republic of),GBR,MKD,2012,35716,1948.1,Europe,Europe,Northern Europe,Southern Europe
Bulgaria,Norway,BGR,NOR,2013,81480,2101.033,Europe,Europe,Eastern Europe,Northern Europe
Luxembourg,Malta,LUX,MLT,2015,5121,1669.155,Europe,Europe,Western Europe,Southern Europe
Sweden,Bosnia and Herzegovina,SWE,BIH,2013,48320,1721.592,Europe,Europe,Northern Europe,Southern Europe
Russian Federation,Luxembourg,RUS,LUX,2014,13963,2214.132,Europe,Europe,Eastern Europe,Western Europe
Macedonia (the former Yugoslav Republic of),United Kingdom of Great Britain and Northern Ireland,MKD,GBR,2014,54226,1948.1,Europe,Europe,Southern Europe,Northern Europe
Sweden,Croatia,SWE,HRV,2012,104418,1512.846,Europe,Europe,Northern Europe,Southern Europe
Slovakia,Bulgaria,SVK,BGR,2015,83648,776.8502,Europe,Europe,Eastern Europe,Eastern Europe
Belarus,Croatia,BLR,HRV,2012,4916,1217.08,Europe,Europe,Eastern Europe,Southern Europe
Slovakia,Andorra,SVK,AND,2014,,1374.983,Europe,Europe,Eastern Europe,Southern Europe
Finland,San Marino,FIN,SMR,2013,,1986.678,Europe,Europe,Northern Europe,Southern Europe
United Kingdom of Great Britain and Northern Ireland,Albania,GBR,ALB,2012,70996,1895.345,Europe,Europe,Northern Europe,Southern Europe
Portugal,Gibraltar,PRT,GIB,2016,48,442.1214,Europe,Europe,Southern Europe,Southern Europe
France,Poland,FRA,POL,2011,643478,1368.178,Europe,Europe,Western Europe,Eastern Europe
United Kingdom of Great Britain and Northern Ireland,Czechia,GBR,CZE,2012,986508,1036.988,Europe,Europe,Northern Europe,Eastern Europe
Slovakia,Greece,SVK,GRC,2015,83158,1249.986,Europe,Europe,Eastern Europe,Southern Europe
Greece,Iceland,GRC,ISL,2016,3774,4166.699,Europe,Europe,Southern Europe,Northern Europe
Greece,Norway,GRC,NOR,2013,272187,2606.405,Europe,Europe,Southern Europe,Northern Europe
Estonia,Italy,EST,ITA,2011,58125,2126.436,Europe,Europe,Northern Europe,Southern Europe
Switzerland,Estonia,CHE,EST,2014,23451,1794.213,Europe,Europe,Western Europe,Northern Europe
Slovenia,Norway,SVN,NOR,2016,18388,1561.207,Europe,Europe,Southern Europe,Northern Europe
Estonia,Poland,EST,POL,2014,188652,831.0393,Europe,Europe,Northern Europe,Eastern Europe
Romania,Germany,ROU,DEU,2011,551917,,Europe,Europe,Eastern Europe,Western Europe
France,Austria,FRA,AUT,2013,1278829,1035.144,Europe,Europe,Western Europe,Western Europe
Ireland,Latvia,IRL,LVA,2013,80060,1954.941,Europe,Europe,Northern Europe,Northern Europe
Belarus,United Kingdom of Great Britain and Northern Ireland,BLR,GBR,2013,18110,1873.072,Europe,Europe,Eastern Europe,Northern Europe
Portugal,Belarus,PRT,BLR,2014,1811,3229.235,Europe,Europe,Southern Europe,Eastern Europe
Switzerland,Bulgaria,CHE,BGR,2011,52962,1337.572,Europe,Europe,Western Europe,Eastern Europe
Austria,France,AUT,FRA,2012,1561150,1035.144,Europe,Europe,Western Europe,Western Europe
Slovenia,Iceland,SVN,ISL,2012,277,2999.913,Europe,Europe,Southern Europe,Northern Europe
Poland,Malta,POL,MLT,2015,72390,1889.904,Europe,Europe,Eastern Europe,Southern Europe
Macedonia (the former Yugoslav Republic of),Switzerland,MKD,CHE,2013,75310,1240.798,Europe,Europe,Southern Europe,Western Europe
Romania,Norway,ROU,NOR,2014,118713,,Europe,Europe,Eastern Europe,Northern Europe
Belgium,Switzerland,BEL,CHE,2013,583089,487.4555,Europe,Europe,Western Europe,Western Europe
France,Spain,FRA,ESP,2014,16507365,1054.656,Europe,Europe,Western Europe,Southern Europe
Poland,San Marino,POL,SMR,2011,,1117.929,Europe,Europe,Eastern Europe,Southern Europe
Greece,Russian Federation,GRC,RUS,2014,1296624,2233.583,Europe,Europe,Southern Europe,Eastern Europe
Austria,Sweden,AUT,SWE,2012,169306,1242.31,Europe,Europe,Western Europe,Northern Europe
France,Portugal,FRA,PRT,2011,2007719,1452.86,Europe,Europe,Western Europe,Southern Europe
Norway,Greece,NOR,GRC,2011,176098,2606.405,Europe,Europe,Northern Europe,Southern Europe
Croatia,Belarus,HRV,BLR,2012,4916,1217.08,Europe,Europe,Southern Europe,Eastern Europe
Sweden,Norway,SWE,NOR,2011,1216256,417.5658,Europe,Europe,Northern Europe,Northern Europe
Croatia,Luxembourg,HRV,LUX,2016,9641,847.312,Europe,Europe,Southern Europe,Western Europe
Ukraine,Slovenia,UKR,SVN,2016,32470,1277.754,Europe,Europe,Eastern Europe,Southern Europe
Moldova (Republic of),Netherlands,MDA,NLD,2011,3961,1813.739,Europe,Europe,Eastern Europe,Western Europe
Slovenia,Albania,SVN,ALB,2011,11500,678.3095,Europe,Europe,Southern Europe,Southern Europe
Denmark,Netherlands,DNK,NLD,2015,587988,622.9741,Europe,Europe,Northern Europe,Western Europe
Estonia,Netherlands,EST,NLD,2012,28374,1459.083,Europe,Europe,Northern Europe,Western Europe
Luxembourg,Czechia,LUX,CZE,2015,10438,596.739,Europe,Europe,Western Europe,Eastern Europe
Russian Federation,Netherlands,RUS,NLD,2014,248483,2155.229,Europe,Europe,Eastern Europe,Western Europe
Belgium,Czechia,BEL,CZE,2016,277068,718.4293,Europe,Europe,Western Europe,Eastern Europe
Poland,Finland,POL,FIN,2012,162000,911.2882,Europe,Europe,Eastern Europe,Northern Europe
Switzerland,Estonia,CHE,EST,2013,16813,1794.213,Europe,Europe,Western Europe,Northern Europe
Bulgaria,Poland,BGR,POL,2011,374742,1080.42,Europe,Europe,Eastern Europe,Eastern Europe
Czechia,Sweden,CZE,SWE,2013,168316,1053.71,Europe,Europe,Eastern Europe,Northern Europe
Italy,Bosnia and Herzegovina,ITA,BIH,2015,389233,531.7457,Europe,Europe,Southern Europe,Southern Europe
Spain,Macedonia (the former Yugoslav Republic of),ESP,MKD,2016,28524,2108.379,Europe,Europe,Southern Europe,Southern Europe
Norway,Belgium,NOR,BEL,2012,126571,1087.773,Europe,Europe,Northern Europe,Western Europe
Andorra,Germany,AND,DEU,2013,,1080.611,Europe,Europe,Southern Europe,Western Europe
Italy,Sweden,ITA,SWE,2016,788108,1980.122,Europe,Europe,Southern Europe,Northern Europe
Spain,Czechia,ESP,CZE,2016,561259,1776.348,Europe,Europe,Southern Europe,Eastern Europe
Lithuania,Bosnia and Herzegovina,LTU,BIH,2015,319,1302.017,Europe,Europe,Northern Europe,Southern Europe
Hungary,Germany,HUN,DEU,2016,2255878,976.2567,Europe,Europe,Eastern Europe,Western Europe
Bulgaria,Bosnia and Herzegovina,BGR,BIH,2016,50287,416.3402,Europe,Europe,Eastern Europe,Southern Europe
Spain,Croatia,ESP,HRV,2015,176378,1702.46,Europe,Europe,Southern Europe,Southern Europe
Estonia,Malta,EST,MLT,2013,2361,2719.935,Europe,Europe,Northern Europe,Southern Europe
Ireland,Italy,IRL,ITA,2013,644222,1887.733,Europe,Europe,Northern Europe,Southern Europe
Moldova (Republic of),Bulgaria,MDA,BGR,2015,226806,650.3213,Europe,Europe,Eastern Europe,Eastern Europe
Hungary,Belgium,HUN,BEL,2012,316994,1129.979,Europe,Europe,Eastern Europe,Western Europe
Iceland,Romania,ISL,ROU,2014,975,,Europe,Europe,Northern Europe,Eastern Europe
Romania,Sweden,ROU,SWE,2014,40540,,Europe,Europe,Eastern Europe,Northern Europe
Iceland,Belarus,ISL,BLR,2016,52,2965.109,Europe,Europe,Northern Europe,Eastern Europe
Germany,Slovenia,DEU,SVN,2011,294390,814.8665,Europe,Europe,Western Europe,Southern Europe
Slovenia,Portugal,SVN,PRT,2011,4305,2096.808,Europe,Europe,Southern Europe,Southern Europe
Germany,Slovenia,DEU,SVN,2016,403780,814.8665,Europe,Europe,Western Europe,Southern Europe
Czechia,Italy,CZE,ITA,2016,1518684,926.5591,Europe,Europe,Eastern Europe,Southern Europe
Moldova (Republic of),France,MDA,FRA,2011,12588,1976.854,Europe,Europe,Eastern Europe,Western Europe
Luxembourg,France,LUX,FRA,2013,6484521,289.1023,Europe,Europe,Western Europe,Western Europe
Norway,Poland,NOR,POL,2011,568620,1062.053,Europe,Europe,Northern Europe,Eastern Europe
Croatia,Spain,HRV,ESP,2012,112698,1702.46,Europe,Europe,Southern Europe,Southern Europe
Portugal,Latvia,PRT,LVA,2012,7020,3152.139,Europe,Europe,Southern Europe,Northern Europe
Italy,Ukraine,ITA,UKR,2014,347431,1674.773,Europe,Europe,Southern Europe,Eastern Europe
Romania,Belarus,ROU,BLR,2011,56970,,Europe,Europe,Eastern Europe,Eastern Europe
Poland,Belgium,POL,BEL,2011,306108,1160.644,Europe,Europe,Eastern Europe,Western Europe
Italy,Poland,ITA,POL,2016,2030899,1319.479,Europe,Europe,Southern Europe,Eastern Europe
Spain,United Kingdom of Great Britain and Northern Ireland,ESP,GBR,2015,25614424,1263.379,Europe,Europe,Southern Europe,Northern Europe
Croatia,Belarus,HRV,BLR,2016,12998,1217.08,Europe,Europe,Southern Europe,Eastern Europe
Bosnia and Herzegovina,Andorra,BIH,AND,2011,,1380.175,Europe,Europe,Southern Europe,Southern Europe
Slovakia,Ukraine,SVK,UKR,2013,504294,998.2211,Europe,Europe,Eastern Europe,Eastern Europe
Moldova (Republic of),Czechia,MDA,CZE,2012,2805,1113.54,Europe,Europe,Eastern Europe,Eastern Europe
United Kingdom of Great Britain and Northern Ireland,Czechia,GBR,CZE,2011,967461,1036.988,Europe,Europe,Northern Europe,Eastern Europe
Switzerland,Czechia,CHE,CZE,2013,208822,623.4171,Europe,Europe,Western Europe,Eastern Europe
Germany,France,DEU,FRA,2013,14965018,439.8984,Europe,Europe,Western Europe,Western Europe
Slovakia,Czechia,SVK,CZE,2012,926731,293.086,Europe,Europe,Eastern Europe,Eastern Europe
Malta,Czechia,MLT,CZE,2015,15604,1580.469,Europe,Europe,Southern Europe,Eastern Europe
Bulgaria,Czechia,BGR,CZE,2011,198748,1069.866,Europe,Europe,Eastern Europe,Eastern Europe
Croatia,Czechia,HRV,CZE,2011,686228,492.0173,Europe,Europe,Southern Europe,Eastern Europe
Denmark,Czechia,DNK,CZE,2014,154555,631.8411,Europe,Europe,Northern Europe,Eastern Europe
Russian Federation,Czechia,RUS,CZE,2011,605797,1673,Europe,Europe,Eastern Europe,Eastern Europe
Norway,Czechia,NOR,CZE,2011,147891,1117.156,Europe,Europe,Northern Europe,Eastern Europe
Finland,Belgium,FIN,BEL,2011,142592,1651.582,Europe,Europe,Northern Europe,Western Europe
Austria,Italy,AUT,ITA,2013,4356391,767.4132,Europe,Europe,Western Europe,Southern Europe
Netherlands,Italy,NLD,ITA,2016,2510506,1297.695,Europe,Europe,Western Europe,Southern Europe
Ukraine,Ireland,UKR,IRL,2012,6488,2517.525,Europe,Europe,Eastern Europe,Northern Europe
Croatia,Czechia,HRV,CZE,2015,746386,492.0173,Europe,Europe,Southern Europe,Eastern Europe
Gibraltar,Hungary,GIB,HUN,2016,50,2371.369,Europe,Europe,Southern Europe,Eastern Europe
Bulgaria,France,BGR,FRA,2012,108912,1760.707,Europe,Europe,Eastern Europe,Western Europe
Croatia,Netherlands,HRV,NLD,2011,55248,1085.255,Europe,Europe,Southern Europe,Western Europe
Bulgaria,Finland,BGR,FIN,2012,10193,1947.447,Europe,Europe,Eastern Europe,Northern Europe
Latvia,Slovenia,LVA,SVN,2013,1065,1378.849,Europe,Europe,Northern Europe,Southern Europe
Greece,Czechia,GRC,CZE,2011,353116,1535.797,Europe,Europe,Southern Europe,Eastern Europe
Macedonia (the former Yugoslav Republic of),Bulgaria,MKD,BGR,2012,443997,168.0973,Europe,Europe,Southern Europe,Eastern Europe
Hungary,Italy,HUN,ITA,2014,989879,811.4083,Europe,Europe,Eastern Europe,Southern Europe
Hungary,Latvia,HUN,LVA,2014,10283,1105.945,Europe,Europe,Eastern Europe,Northern Europe
Belarus,Romania,BLR,ROU,2014,58021,,Europe,Europe,Eastern Europe,Eastern Europe
Latvia,Czechia,LVA,CZE,2015,71162,993.2449,Europe,Europe,Northern Europe,Eastern Europe
Slovakia,Bosnia and Herzegovina,SVK,BIH,2014,3920,488.4783,Europe,Europe,Eastern Europe,Southern Europe
Sweden,Bosnia and Herzegovina,SWE,BIH,2016,105152,1721.592,Europe,Europe,Northern Europe,Southern Europe
Portugal,Czechia,PRT,CZE,2016,100491,2245.294,Europe,Europe,Southern Europe,Eastern Europe
Latvia,Germany,LVA,DEU,2016,512581,1265.433,Europe,Europe,Northern Europe,Western Europe
Gibraltar,Austria,GIB,AUT,2013,61,2226.795,Europe,Europe,Southern Europe,Western Europe
Bosnia and Herzegovina,Bulgaria,BIH,BGR,2016,50287,416.3402,Europe,Europe,Southern Europe,Eastern Europe
Spain,Luxembourg,ESP,LUX,2014,229212,1281.233,Europe,Europe,Southern Europe,Western Europe
Gibraltar,Italy,GIB,ITA,2015,167,1667.082,Europe,Europe,Southern Europe,Southern Europe
Slovenia,Czechia,SVN,CZE,2012,93339,448.934,Europe,Europe,Southern Europe,Eastern Europe
Hungary,Italy,HUN,ITA,2015,932883,811.4083,Europe,Europe,Eastern Europe,Southern Europe
Andorra,Czechia,AND,CZE,2015,,1302.353,Europe,Europe,Southern Europe,Eastern Europe
Belgium,Germany,BEL,DEU,2012,2052869,196.8761,Europe,Europe,Western Europe,Western Europe
Germany,Czechia,DEU,CZE,2016,2387666,545.6255,Europe,Europe,Western Europe,Eastern Europe
Hungary,Switzerland,HUN,CHE,2013,258575,879.3594,Europe,Europe,Eastern Europe,Western Europe
Bulgaria,Poland,BGR,POL,2014,389105,1080.42,Europe,Europe,Eastern Europe,Eastern Europe
Poland,Luxembourg,POL,LUX,2011,25952,1080.571,Europe,Europe,Eastern Europe,Western Europe
Luxembourg,Romania,LUX,ROU,2013,5027,,Europe,Europe,Western Europe,Eastern Europe
Bosnia and Herzegovina,Czechia,BIH,CZE,2014,2158,757.0533,Europe,Europe,Southern Europe,Eastern Europe
Slovenia,Czechia,SVN,CZE,2011,84862,448.934,Europe,Europe,Southern Europe,Eastern Europe
Estonia,Greece,EST,GRC,2016,24143,2384.76,Europe,Europe,Northern Europe,Southern Europe
Hungary,Bosnia and Herzegovina,HUN,BIH,2014,1522,407.2162,Europe,Europe,Eastern Europe,Southern Europe
Moldova (Republic of),Czechia,MDA,CZE,2016,5908,1113.54,Europe,Europe,Eastern Europe,Eastern Europe
Malta,Czechia,MLT,CZE,2013,12894,1580.469,Europe,Europe,Southern Europe,Eastern Europe
Sweden,Malta,SWE,MLT,2011,46403,2620.794,Europe,Europe,Northern Europe,Southern Europe
Bulgaria,Czechia,BGR,CZE,2014,213658,1069.866,Europe,Europe,Eastern Europe,Eastern Europe
France,Czechia,FRA,CZE,2016,634789,884.6105,Europe,Europe,Western Europe,Eastern Europe
Moldova (Republic of),Ukraine,MDA,UKR,2012,4850102,399.4606,Europe,Europe,Eastern Europe,Eastern Europe
United Kingdom of Great Britain and Northern Ireland,Portugal,GBR,PRT,2013,3515222,1583.091,Europe,Europe,Northern Europe,Southern Europe
United Kingdom of Great Britain and Northern Ireland,Ireland,GBR,IRL,2016,9571733,460.4115,Europe,Europe,Northern Europe,Northern Europe
United Kingdom of Great Britain and Northern Ireland,Gibraltar,GBR,GIB,2012,249534,1759.095,Europe,Europe,Northern Europe,Southern Europe
Estonia,Czechia,EST,CZE,2011,21957,1227.457,Europe,Europe,Northern Europe,Eastern Europe
Malta,Czechia,MLT,CZE,2016,15907,1580.469,Europe,Europe,Southern Europe,Eastern Europe
Malta,Czechia,MLT,CZE,2014,13275,1580.469,Europe,Europe,Southern Europe,Eastern Europe
Slovakia,Russian Federation,SVK,RUS,2012,64978,1632.621,Europe,Europe,Eastern Europe,Eastern Europe
Italy,Czechia,ITA,CZE,2014,1237262,926.5591,Europe,Europe,Southern Europe,Eastern Europe
Norway,Czechia,NOR,CZE,2014,124207,1117.156,Europe,Europe,Northern Europe,Eastern Europe
Malta,Hungary,MLT,HUN,2014,44306,1343.903,Europe,Europe,Southern Europe,Eastern Europe
Italy,Czechia,ITA,CZE,2015,1319666,926.5591,Europe,Europe,Southern Europe,Eastern Europe
Bosnia and Herzegovina,Czechia,BIH,CZE,2011,2544,757.0533,Europe,Europe,Southern Europe,Eastern Europe
Russian Federation,Czechia,RUS,CZE,2015,563305,1673,Europe,Europe,Eastern Europe,Eastern Europe
Portugal,Greece,PRT,GRC,2015,49205,2853.773,Europe,Europe,Southern Europe,Southern Europe
Bulgaria,Czechia,BGR,CZE,2015,215939,1069.866,Europe,Europe,Eastern Europe,Eastern Europe
Germany,Czechia,DEU,CZE,2012,1913210,545.6255,Europe,Europe,Western Europe,Eastern Europe
Switzerland,Czechia,CHE,CZE,2016,262042,623.4171,Europe,Europe,Western Europe,Eastern Europe
Albania,Czechia,ALB,CZE,2016,9903,1060.922,Europe,Europe,Southern Europe,Eastern Europe
Germany,Gibraltar,DEU,GIB,2013,442,1967.273,Europe,Europe,Western Europe,Southern Europe
Ukraine,Czechia,UKR,CZE,2013,197147,1141.565,Europe,Europe,Eastern Europe,Eastern Europe
Bulgaria,Germany,BGR,DEU,2012,856673,1571.797,Europe,Europe,Eastern Europe,Western Europe
Poland,Slovenia,POL,SVN,2016,136462,834.402,Europe,Europe,Eastern Europe,Southern Europe
Ireland,Germany,IRL,DEU,2014,1108658,920.8693,Europe,Europe,Northern Europe,Western Europe
Albania,Germany,ALB,DEU,2011,65082,1493.096,Europe,Europe,Southern Europe,Western Europe
Moldova (Republic of),Poland,MDA,POL,2012,40505,811.762,Europe,Europe,Eastern Europe,Eastern Europe
Lithuania,France,LTU,FRA,2012,76220,1700.296,Europe,Europe,Northern Europe,Western Europe
Andorra,Belarus,AND,BLR,2015,,2286.099,Europe,Europe,Southern Europe,Eastern Europe
Portugal,Germany,PRT,DEU,2011,1490248,1892.032,Europe,Europe,Southern Europe,Western Europe
Luxembourg,Germany,LUX,DEU,2013,378801,215.9864,Europe,Europe,Western Europe,Western Europe
Ireland,Germany,IRL,DEU,2013,1000925,920.8693,Europe,Europe,Northern Europe,Western Europe
Ireland,Greece,IRL,GRC,2012,19338,2855.222,Europe,Europe,Northern Europe,Southern Europe
Ireland,Germany,IRL,DEU,2012,980904,920.8693,Europe,Europe,Northern Europe,Western Europe
Russian Federation,Germany,RUS,DEU,2011,2089517,2065.183,Europe,Europe,Eastern Europe,Western Europe
Croatia,Andorra,HRV,AND,2011,,1210.269,Europe,Europe,Southern Europe,Southern Europe
Austria,Gibraltar,AUT,GIB,2013,46,2226.795,Europe,Europe,Western Europe,Southern Europe
France,Germany,FRA,DEU,2012,14098603,439.8984,Europe,Europe,Western Europe,Western Europe
Moldova (Republic of),Germany,MDA,DEU,2012,41587,1656.772,Europe,Europe,Eastern Europe,Western Europe
Spain,Germany,ESP,DEU,2013,15076558,1479.332,Europe,Europe,Southern Europe,Western Europe
Croatia,Germany,HRV,DEU,2013,1986313,912.2662,Europe,Europe,Southern Europe,Western Europe
Malta,Germany,MLT,DEU,2012,240411,1833.687,Europe,Europe,Southern Europe,Western Europe
Spain,Sweden,ESP,SWE,2013,1913846,2596.908,Europe,Europe,Southern Europe,Northern Europe
Albania,Germany,ALB,DEU,2013,56609,1493.096,Europe,Europe,Southern Europe,Western Europe
Finland,Germany,FIN,DEU,2011,820582,1474.956,Europe,Europe,Northern Europe,Western Europe
Greece,San Marino,GRC,SMR,2013,,1152.089,Europe,Europe,Southern Europe,Southern Europe
Gibraltar,Germany,GIB,DEU,2013,464,1967.273,Europe,Europe,Southern Europe,Western Europe
Netherlands,San Marino,NLD,SMR,2013,,1090.303,Europe,Europe,Western Europe,Southern Europe
Gibraltar,Germany,GIB,DEU,2014,438,1967.273,Europe,Europe,Southern Europe,Western Europe
Russian Federation,Germany,RUS,DEU,2015,1935544,2065.183,Europe,Europe,Eastern Europe,Western Europe
Romania,Germany,ROU,DEU,2015,689920,,Europe,Europe,Eastern Europe,Western Europe
Spain,Germany,ESP,DEU,2011,14741779,1479.332,Europe,Europe,Southern Europe,Western Europe
Croatia,Germany,HRV,DEU,2015,2214530,912.2662,Europe,Europe,Southern Europe,Western Europe
Bosnia and Herzegovina,Germany,BIH,DEU,2013,61290,1202.42,Europe,Europe,Southern Europe,Western Europe
Czechia,Germany,CZE,DEU,2013,1898608,545.6255,Europe,Europe,Eastern Europe,Western Europe
Russian Federation,Belgium,RUS,BEL,2012,140631,2261.25,Europe,Europe,Eastern Europe,Western Europe
Bosnia and Herzegovina,Luxembourg,BIH,LUX,2013,546,1131.459,Europe,Europe,Southern Europe,Western Europe
Poland,Germany,POL,DEU,2015,32611132,965.9211,Europe,Europe,Eastern Europe,Western Europe
Ireland,Bulgaria,IRL,BGR,2014,23559,2475.312,Europe,Europe,Northern Europe,Eastern Europe
Czechia,Slovakia,CZE,SVK,2016,1263620,293.086,Europe,Europe,Eastern Europe,Eastern Europe
Greece,Russian Federation,GRC,RUS,2013,1401181,2233.583,Europe,Europe,Southern Europe,Eastern Europe
Malta,Germany,MLT,DEU,2011,260171,1833.687,Europe,Europe,Southern Europe,Western Europe
Bulgaria,Germany,BGR,DEU,2013,891542,1571.797,Europe,Europe,Eastern Europe,Western Europe
Malta,Croatia,MLT,HRV,2016,6208,1108.396,Europe,Europe,Southern Europe,Southern Europe
Ireland,Ukraine,IRL,UKR,2014,6171,2517.525,Europe,Europe,Northern Europe,Eastern Europe
Macedonia (the former Yugoslav Republic of),Portugal,MKD,PRT,2016,1304,2606.129,Europe,Europe,Southern Europe,Southern Europe
Lithuania,Germany,LTU,DEU,2013,232605,1272.883,Europe,Europe,Northern Europe,Western Europe
Moldova (Republic of),Germany,MDA,DEU,2014,42145,1656.772,Europe,Europe,Eastern Europe,Western Europe
Hungary,Spain,HUN,ESP,2012,316204,1977.705,Europe,Europe,Eastern Europe,Southern Europe
Ireland,Ukraine,IRL,UKR,2013,5964,2517.525,Europe,Europe,Northern Europe,Eastern Europe
Lithuania,Germany,LTU,DEU,2016,289062,1272.883,Europe,Europe,Northern Europe,Western Europe
Lithuania,Germany,LTU,DEU,2011,202400,1272.883,Europe,Europe,Northern Europe,Western Europe
France,Iceland,FRA,ISL,2012,64594,2234.723,Europe,Europe,Western Europe,Northern Europe
Norway,Estonia,NOR,EST,2011,94711,787.4166,Europe,Europe,Northern Europe,Northern Europe
Moldova (Republic of),Russian Federation,MDA,RUS,2016,663387,1150.314,Europe,Europe,Eastern Europe,Eastern Europe
Ukraine,Croatia,UKR,HRV,2012,75541,1193.37,Europe,Europe,Eastern Europe,Southern Europe
Slovenia,Germany,SVN,DEU,2014,337414,814.8665,Europe,Europe,Southern Europe,Western Europe
Norway,Germany,NOR,DEU,2011,967926,969.2816,Europe,Europe,Northern Europe,Western Europe
Belarus,Ireland,BLR,IRL,2015,1044,2209.153,Europe,Europe,Eastern Europe,Northern Europe
United Kingdom of Great Britain and Northern Ireland,Austria,GBR,AUT,2016,1377806,1238.199,Europe,Europe,Northern Europe,Western Europe
Ireland,Moldova (Republic of),IRL,MDA,2013,5388,2569.662,Europe,Europe,Northern Europe,Eastern Europe
Norway,Germany,NOR,DEU,2015,1345751,969.2816,Europe,Europe,Northern Europe,Western Europe
Sweden,Poland,SWE,POL,2014,806116,809.0182,Europe,Europe,Northern Europe,Eastern Europe
Bulgaria,Portugal,BGR,PRT,2011,16277,2754.19,Europe,Europe,Eastern Europe,Southern Europe
Malta,Finland,MLT,FIN,2012,7773,2799.607,Europe,Europe,Southern Europe,Northern Europe
Hungary,Germany,HUN,DEU,2014,2380633,976.2567,Europe,Europe,Eastern Europe,Western Europe
Czechia,Germany,CZE,DEU,2015,2254946,545.6255,Europe,Europe,Eastern Europe,Western Europe
Austria,Germany,AUT,DEU,2011,12424358,763.7314,Europe,Europe,Western Europe,Western Europe
United Kingdom of Great Britain and Northern Ireland,Switzerland,GBR,CHE,2015,4444919,748.7117,Europe,Europe,Northern Europe,Western Europe
Switzerland,Ireland,CHE,IRL,2015,294555,1203.958,Europe,Europe,Western Europe,Northern Europe
Ukraine,Germany,UKR,DEU,2015,331654,1646.271,Europe,Europe,Eastern Europe,Western Europe
Bulgaria,Denmark,BGR,DNK,2011,55108,1639.385,Europe,Europe,Eastern Europe,Northern Europe
Bosnia and Herzegovina,Germany,BIH,DEU,2014,96501,1202.42,Europe,Europe,Southern Europe,Western Europe
France,Sweden,FRA,SWE,2016,789213,1545.797,Europe,Europe,Western Europe,Northern Europe
Moldova (Republic of),Bosnia and Herzegovina,MDA,BIH,2015,369,883.0676,Europe,Europe,Eastern Europe,Southern Europe
Albania,Croatia,ALB,HRV,2016,2756,585.956,Europe,Europe,Southern Europe,Southern Europe
Slovenia,Romania,SVN,ROU,2016,50275,,Europe,Europe,Southern Europe,Eastern Europe
Bulgaria,Iceland,BGR,ISL,2011,369,3709.101,Europe,Europe,Eastern Europe,Northern Europe
Croatia,Luxembourg,HRV,LUX,2015,8426,847.312,Europe,Europe,Southern Europe,Western Europe
Romania,Albania,ROU,ALB,2016,27166,,Europe,Europe,Eastern Europe,Southern Europe
Estonia,Moldova (Republic of),EST,MDA,2015,1856,1407.85,Europe,Europe,Northern Europe,Eastern Europe
Latvia,Netherlands,LVA,NLD,2015,73195,1332.481,Europe,Europe,Northern Europe,Western Europe
Sweden,Gibraltar,SWE,GIB,2012,98,3086.185,Europe,Europe,Northern Europe,Southern Europe
Belarus,France,BLR,FRA,2014,33698,1823.709,Europe,Europe,Eastern Europe,Western Europe
Bulgaria,Malta,BGR,MLT,2011,7482,1065.425,Europe,Europe,Eastern Europe,Southern Europe
Sweden,Gibraltar,SWE,GIB,2011,76,3086.185,Europe,Europe,Northern Europe,Southern Europe
Denmark,Gibraltar,DNK,GIB,2015,25,2562.962,Europe,Europe,Northern Europe,Southern Europe
Portugal,San Marino,PRT,SMR,2015,,1891.408,Europe,Europe,Southern Europe,Southern Europe
Bosnia and Herzegovina,Iceland,BIH,ISL,2016,216,3376.985,Europe,Europe,Southern Europe,Northern Europe
Andorra,Czechia,AND,CZE,2013,,1302.353,Europe,Europe,Southern Europe,Eastern Europe
Albania,Estonia,ALB,EST,2014,951,2041.537,Europe,Europe,Southern Europe,Northern Europe
Bosnia and Herzegovina,France,BIH,FRA,2012,10172,1352.463,Europe,Europe,Southern Europe,Western Europe
Andorra,Macedonia (the former Yugoslav Republic of),AND,MKD,2015,,1642.107,Europe,Europe,Southern Europe,Southern Europe
Ireland,Luxembourg,IRL,LUX,2015,25813,953.1994,Europe,Europe,Northern Europe,Western Europe
Gibraltar,Bosnia and Herzegovina,GIB,BIH,2016,0,2192.861,Europe,Europe,Southern Europe,Southern Europe
Portugal,Romania,PRT,ROU,2011,70629,,Europe,Europe,Southern Europe,Eastern Europe
Denmark,Iceland,DNK,ISL,2015,210376,2111.384,Europe,Europe,Northern Europe,Northern Europe
Belgium,Bosnia and Herzegovina,BEL,BIH,2013,5438,1311.355,Europe,Europe,Western Europe,Southern Europe
Switzerland,Czechia,CHE,CZE,2015,209860,623.4171,Europe,Europe,Western Europe,Eastern Europe
Slovenia,Ireland,SVN,IRL,2016,2705,1689.878,Europe,Europe,Southern Europe,Northern Europe
Bosnia and Herzegovina,Romania,BIH,ROU,2013,12194,,Europe,Europe,Southern Europe,Eastern Europe
Iceland,Luxembourg,ISL,LUX,2013,806,2319.428,Europe,Europe,Northern Europe,Western Europe
Slovenia,Iceland,SVN,ISL,2015,557,2999.913,Europe,Europe,Southern Europe,Northern Europe
Gibraltar,Belarus,GIB,BLR,2016,11,3204.334,Europe,Europe,Southern Europe,Eastern Europe
Latvia,Croatia,LVA,HRV,2011,1997,1361.346,Europe,Europe,Northern Europe,Southern Europe
San Marino,Bosnia and Herzegovina,SMR,BIH,2015,,476.5566,Europe,Europe,Southern Europe,Southern Europe
Bosnia and Herzegovina,Andorra,BIH,AND,2016,,1380.175,Europe,Europe,Southern Europe,Southern Europe
Bulgaria,Latvia,BGR,LVA,2015,22082,1590.733,Europe,Europe,Eastern Europe,Northern Europe
Macedonia (the former Yugoslav Republic of),Latvia,MKD,LVA,2015,754,1674.47,Europe,Europe,Southern Europe,Northern Europe
Switzerland,Macedonia (the former Yugoslav Republic of),CHE,MKD,2016,188886,1240.798,Europe,Europe,Western Europe,Southern Europe
Belgium,Bosnia and Herzegovina,BEL,BIH,2016,6764,1311.355,Europe,Europe,Western Europe,Southern Europe
Denmark,Ireland,DNK,IRL,2016,190401,1240.498,Europe,Europe,Northern Europe,Northern Europe
Luxembourg,Croatia,LUX,HRV,2013,6493,847.312,Europe,Europe,Western Europe,Southern Europe
Latvia,Switzerland,LVA,CHE,2013,37753,1587.651,Europe,Europe,Northern Europe,Western Europe
Estonia,France,EST,FRA,2016,42454,1859.091,Europe,Europe,Northern Europe,Western Europe
Lithuania,Bulgaria,LTU,BGR,2016,30918,1345.486,Europe,Europe,Northern Europe,Eastern Europe
Poland,Belgium,POL,BEL,2013,373468,1160.644,Europe,Europe,Eastern Europe,Western Europe
Croatia,Netherlands,HRV,NLD,2015,111019,1085.255,Europe,Europe,Southern Europe,Western Europe
Iceland,Spain,ISL,ESP,2012,46890,2894.701,Europe,Europe,Northern Europe,Southern Europe
Iceland,Estonia,ISL,EST,2014,2109,2454.359,Europe,Europe,Northern Europe,Northern Europe
Switzerland,Macedonia (the former Yugoslav Republic of),CHE,MKD,2012,60905,1240.798,Europe,Europe,Western Europe,Southern Europe
Gibraltar,France,GIB,FRA,2014,196,1549.175,Europe,Europe,Southern Europe,Western Europe
Italy,Croatia,ITA,HRV,2016,1284670,517.0557,Europe,Europe,Southern Europe,Southern Europe
Belgium,Norway,BEL,NOR,2014,117715,1087.773,Europe,Europe,Western Europe,Northern Europe
Albania,Austria,ALB,AUT,2011,18688,812.9326,Europe,Europe,Southern Europe,Western Europe
Lithuania,Finland,LTU,FIN,2016,45582,606.8758,Europe,Europe,Northern Europe,Northern Europe
Belgium,Austria,BEL,AUT,2012,538267,914.4633,Europe,Europe,Western Europe,Western Europe
Ukraine,Spain,UKR,ESP,2013,167429,2863.877,Europe,Europe,Eastern Europe,Southern Europe
Norway,Gibraltar,NOR,GIB,2016,71,2887.885,Europe,Europe,Northern Europe,Southern Europe
Czechia,Germany,CZE,DEU,2011,1745884,545.6255,Europe,Europe,Eastern Europe,Western Europe
Denmark,Bosnia and Herzegovina,DNK,BIH,2015,14554,1377.807,Europe,Europe,Northern Europe,Southern Europe
Iceland,Austria,ISL,AUT,2016,18786,2891.521,Europe,Europe,Northern Europe,Western Europe
Gibraltar,Denmark,GIB,DNK,2012,50,2562.962,Europe,Europe,Southern Europe,Northern Europe
Netherlands,Iceland,NLD,ISL,2016,123049,2022.635,Europe,Europe,Western Europe,Northern Europe
France,Slovakia,FRA,SVK,2012,45935,1094.61,Europe,Europe,Western Europe,Eastern Europe
San Marino,Czechia,SMR,CZE,2015,,700.1221,Europe,Europe,Southern Europe,Eastern Europe
Slovakia,France,SVK,FRA,2016,30404,1094.61,Europe,Europe,Eastern Europe,Western Europe
Spain,Denmark,ESP,DNK,2011,1441779,2074.977,Europe,Europe,Southern Europe,Northern Europe
Slovenia,Austria,SVN,AUT,2012,362790,277.8844,Europe,Europe,Southern Europe,Western Europe
Italy,Norway,ITA,NOR,2016,448251,2010.678,Europe,Europe,Southern Europe,Northern Europe
Germany,Switzerland,DEU,CHE,2012,3492919,503.8007,Europe,Europe,Western Europe,Western Europe
France,Denmark,FRA,DNK,2015,886563,1027.609,Europe,Europe,Western Europe,Northern Europe
Sweden,Belarus,SWE,BLR,2013,12424,838.4113,Europe,Europe,Northern Europe,Eastern Europe
Iceland,Austria,ISL,AUT,2014,9923,2891.521,Europe,Europe,Northern Europe,Western Europe
Spain,Russian Federation,ESP,RUS,2012,1303609,3449.3,Europe,Europe,Southern Europe,Eastern Europe
Russian Federation,Italy,RUS,ITA,2012,1162472,2383.171,Europe,Europe,Eastern Europe,Southern Europe
Austria,San Marino,AUT,SMR,2011,,561.1404,Europe,Europe,Western Europe,Southern Europe
Russian Federation,Andorra,RUS,AND,2012,,2973.003,Europe,Europe,Eastern Europe,Southern Europe
Italy,Andorra,ITA,AND,2014,0,909.03,Europe,Europe,Southern Europe,Southern Europe
Luxembourg,Slovakia,LUX,SVK,2012,1804,821.1423,Europe,Europe,Western Europe,Eastern Europe
Greece,Portugal,GRC,PRT,2014,43852,2853.773,Europe,Europe,Southern Europe,Southern Europe
United Kingdom of Great Britain and Northern Ireland,Iceland,GBR,ISL,2012,267947,1891.859,Europe,Europe,Northern Europe,Northern Europe
Finland,Ukraine,FIN,UKR,2016,25324,1135.325,Europe,Europe,Northern Europe,Eastern Europe
San Marino,Germany,SMR,DEU,2011,,932.1286,Europe,Europe,Southern Europe,Western Europe
Netherlands,Greece,NLD,GRC,2016,570358,2162.912,Europe,Europe,Western Europe,Southern Europe
Bosnia and Herzegovina,France,BIH,FRA,2015,12218,1352.463,Europe,Europe,Southern Europe,Western Europe
Macedonia (the former Yugoslav Republic of),Denmark,MKD,DNK,2016,23669,1651.324,Europe,Europe,Southern Europe,Northern Europe
Belgium,Denmark,BEL,DNK,2016,403297,767.1575,Europe,Europe,Western Europe,Northern Europe
San Marino,Denmark,SMR,DNK,2011,,1304.072,Europe,Europe,Southern Europe,Northern Europe
Greece,Czechia,GRC,CZE,2012,325078,1535.797,Europe,Europe,Southern Europe,Eastern Europe
Macedonia (the former Yugoslav Republic of),Albania,MKD,ALB,2011,348994,155.9628,Europe,Europe,Southern Europe,Southern Europe
France,Andorra,FRA,AND,2014,,711.5485,Europe,Europe,Western Europe,Southern Europe
Netherlands,Romania,NLD,ROU,2012,80894,,Europe,Europe,Western Europe,Eastern Europe
Switzerland,Romania,CHE,ROU,2016,130027,,Europe,Europe,Western Europe,Eastern Europe
Malta,Denmark,MLT,DNK,2011,33486,2204.997,Europe,Europe,Southern Europe,Northern Europe
Latvia,Ireland,LVA,IRL,2016,83665,1954.941,Europe,Europe,Northern Europe,Northern Europe
Slovenia,Belgium,SVN,BEL,2016,74803,916.7943,Europe,Europe,Southern Europe,Western Europe
Hungary,Denmark,HUN,DNK,2015,158394,1011.98,Europe,Europe,Eastern Europe,Northern Europe
Spain,Denmark,ESP,DNK,2015,1555961,2074.977,Europe,Europe,Southern Europe,Northern Europe
Latvia,Sweden,LVA,SWE,2013,495346,441.6495,Europe,Europe,Northern Europe,Northern Europe
Slovenia,Denmark,SVN,DNK,2012,17657,1076.812,Europe,Europe,Southern Europe,Northern Europe
Russian Federation,Slovakia,RUS,SVK,2012,64978,1632.621,Europe,Europe,Eastern Europe,Eastern Europe
Ireland,Albania,IRL,ALB,2015,2332,2355.755,Europe,Europe,Northern Europe,Southern Europe
San Marino,Denmark,SMR,DNK,2013,,1304.072,Europe,Europe,Southern Europe,Northern Europe
Slovakia,Bulgaria,SVK,BGR,2016,89471,776.8502,Europe,Europe,Eastern Europe,Eastern Europe
Portugal,Ireland,PRT,IRL,2011,401632,1639.821,Europe,Europe,Southern Europe,Northern Europe
Austria,San Marino,AUT,SMR,2012,,561.1404,Europe,Europe,Western Europe,Southern Europe
Moldova (Republic of),Bulgaria,MDA,BGR,2013,112072,650.3213,Europe,Europe,Eastern Europe,Eastern Europe
Slovenia,Denmark,SVN,DNK,2013,14986,1076.812,Europe,Europe,Southern Europe,Northern Europe
United Kingdom of Great Britain and Northern Ireland,Bulgaria,GBR,BGR,2016,916813,2019.341,Europe,Europe,Northern Europe,Eastern Europe
Malta,Denmark,MLT,DNK,2015,47180,2204.997,Europe,Europe,Southern Europe,Northern Europe
Bosnia and Herzegovina,Croatia,BIH,HRV,2016,419093,290.1541,Europe,Europe,Southern Europe,Southern Europe
Latvia,Denmark,LVA,DNK,2011,56890,724.3204,Europe,Europe,Northern Europe,Northern Europe
France,Denmark,FRA,DNK,2013,904219,1027.609,Europe,Europe,Western Europe,Northern Europe
Bosnia and Herzegovina,Belarus,BIH,BLR,2011,801,1292.046,Europe,Europe,Southern Europe,Eastern Europe
Lithuania,Slovakia,LTU,SVK,2016,20178,918.5131,Europe,Europe,Northern Europe,Eastern Europe
Andorra,Denmark,AND,DNK,2015,,1668.749,Europe,Europe,Southern Europe,Northern Europe
Poland,Czechia,POL,CZE,2014,11822736,516.6628,Europe,Europe,Eastern Europe,Eastern Europe
Spain,Denmark,ESP,DNK,2013,1254159,2074.977,Europe,Europe,Southern Europe,Northern Europe
Ukraine,Denmark,UKR,DNK,2015,32213,1328.55,Europe,Europe,Eastern Europe,Northern Europe
Belarus,Ireland,BLR,IRL,2013,813,2209.153,Europe,Europe,Eastern Europe,Northern Europe
Finland,Gibraltar,FIN,GIB,2015,38,3434.65,Europe,Europe,Northern Europe,Southern Europe
Sweden,Slovakia,SWE,SVK,2014,756,1244.273,Europe,Europe,Northern Europe,Eastern Europe
Andorra,Denmark,AND,DNK,2016,,1668.749,Europe,Europe,Southern Europe,Northern Europe
Iceland,Denmark,ISL,DNK,2015,204114,2111.384,Europe,Europe,Northern Europe,Northern Europe
United Kingdom of Great Britain and Northern Ireland,Denmark,GBR,DNK,2014,1947400,959.5936,Europe,Europe,Northern Europe,Northern Europe
San Marino,Denmark,SMR,DNK,2016,,1304.072,Europe,Europe,Southern Europe,Northern Europe
Macedonia (the former Yugoslav Republic of),Lithuania,MKD,LTU,2014,278,1439.533,Europe,Europe,Southern Europe,Northern Europe
Finland,Malta,FIN,MLT,2013,8323,2799.607,Europe,Europe,Northern Europe,Southern Europe
Lithuania,Denmark,LTU,DNK,2015,125326,815.5106,Europe,Europe,Northern Europe,Northern Europe
United Kingdom of Great Britain and Northern Ireland,Belgium,GBR,BEL,2013,2142447,323.7796,Europe,Europe,Northern Europe,Western Europe
Moldova (Republic of),Spain,MDA,ESP,2012,11273,2697.714,Europe,Europe,Eastern Europe,Southern Europe
Slovenia,Spain,SVN,ESP,2016,10383,1600.555,Europe,Europe,Southern Europe,Southern Europe
Hungary,Denmark,HUN,DNK,2016,219833,1011.98,Europe,Europe,Eastern Europe,Northern Europe
Hungary,Andorra,HUN,AND,2011,,1484.944,Europe,Europe,Eastern Europe,Southern Europe
Ireland,United Kingdom of Great Britain and Northern Ireland,IRL,GBR,2013,8000043,460.4115,Europe,Europe,Northern Europe,Northern Europe
Germany,Luxembourg,DEU,LUX,2015,417652,215.9864,Europe,Europe,Western Europe,Western Europe
Italy,Denmark,ITA,DNK,2014,860328,1534.086,Europe,Europe,Southern Europe,Northern Europe
Lithuania,Denmark,LTU,DNK,2012,56414,815.5106,Europe,Europe,Northern Europe,Northern Europe
Belarus,Norway,BLR,NOR,2013,2429,1216.697,Europe,Europe,Eastern Europe,Northern Europe
United Kingdom of Great Britain and Northern Ireland,Spain,GBR,ESP,2013,19683056,1263.379,Europe,Europe,Northern Europe,Southern Europe
Greece,Denmark,GRC,DNK,2015,248582,2135.535,Europe,Europe,Southern Europe,Northern Europe
Netherlands,Austria,NLD,AUT,2014,441942,934.7828,Europe,Europe,Western Europe,Western Europe
Finland,Bosnia and Herzegovina,FIN,BIH,2013,1709,1863.34,Europe,Europe,Northern Europe,Southern Europe
Belgium,Netherlands,BEL,NLD,2011,3265003,173.0333,Europe,Europe,Western Europe,Western Europe
Macedonia (the former Yugoslav Republic of),Switzerland,MKD,CHE,2016,188664,1240.798,Europe,Europe,Southern Europe,Western Europe
Portugal,Denmark,PRT,DNK,2014,176295,2478.47,Europe,Europe,Southern Europe,Northern Europe
Ukraine,Denmark,UKR,DNK,2012,45032,1328.55,Europe,Europe,Eastern Europe,Northern Europe
Hungary,Denmark,HUN,DNK,2014,122040,1011.98,Europe,Europe,Eastern Europe,Northern Europe
Slovakia,Denmark,SVK,DNK,2013,11983,891.5908,Europe,Europe,Eastern Europe,Northern Europe
Slovakia,Belarus,SVK,BLR,2016,9896,959.4427,Europe,Europe,Eastern Europe,Eastern Europe
Slovakia,Luxembourg,SVK,LUX,2015,3004,821.1423,Europe,Europe,Eastern Europe,Western Europe
Italy,Denmark,ITA,DNK,2016,1100606,1534.086,Europe,Europe,Southern Europe,Northern Europe
Russian Federation,Belarus,RUS,BLR,2015,690344,686.9657,Europe,Europe,Eastern Europe,Eastern Europe
Gibraltar,Italy,GIB,ITA,2014,293,1667.082,Europe,Europe,Southern Europe,Southern Europe
Ukraine,Germany,UKR,DEU,2013,504748,1646.271,Europe,Europe,Eastern Europe,Western Europe
Austria,Portugal,AUT,PRT,2012,117071,2299.266,Europe,Europe,Western Europe,Southern Europe
Austria,Bulgaria,AUT,BGR,2014,285681,820.7289,Europe,Europe,Western Europe,Eastern Europe
Portugal,Bulgaria,PRT,BGR,2011,16277,2754.19,Europe,Europe,Southern Europe,Eastern Europe
Lithuania,Belgium,LTU,BEL,2015,70154,1469.434,Europe,Europe,Northern Europe,Western Europe
Portugal,Ukraine,PRT,UKR,2015,32273,3351.661,Europe,Europe,Southern Europe,Eastern Europe
Austria,Netherlands,AUT,NLD,2014,440365,934.7828,Europe,Europe,Western Europe,Western Europe
Slovenia,Hungary,SVN,HUN,2013,72953,381.6249,Europe,Europe,Southern Europe,Eastern Europe
Finland,Poland,FIN,POL,2014,178751,911.2882,Europe,Europe,Northern Europe,Eastern Europe
Poland,Spain,POL,ESP,2014,700101,2293.005,Europe,Europe,Eastern Europe,Southern Europe
Lithuania,Bulgaria,LTU,BGR,2014,17621,1345.486,Europe,Europe,Northern Europe,Eastern Europe
Slovakia,Lithuania,SVK,LTU,2011,17814,918.5131,Europe,Europe,Eastern Europe,Northern Europe
Netherlands,Denmark,NLD,DNK,2011,456156,622.9741,Europe,Europe,Western Europe,Northern Europe
Italy,United Kingdom of Great Britain and Northern Ireland,ITA,GBR,2015,8814279,1438.425,Europe,Europe,Southern Europe,Northern Europe
United Kingdom of Great Britain and Northern Ireland,Germany,GBR,DEU,2014,8977767,495.3633,Europe,Europe,Northern Europe,Western Europe
San Marino,Italy,SMR,ITA,2013,,230.0196,Europe,Europe,Southern Europe,Southern Europe
Andorra,Belgium,AND,BEL,2013,,952.5,Europe,Europe,Southern Europe,Western Europe
Hungary,Spain,HUN,ESP,2013,262068,1977.705,Europe,Europe,Eastern Europe,Southern Europe
Hungary,Ukraine,HUN,UKR,2014,1161184,896.3701,Europe,Europe,Eastern Europe,Eastern Europe
Gibraltar,Austria,GIB,AUT,2015,62,2226.795,Europe,Europe,Southern Europe,Western Europe
Iceland,Bulgaria,ISL,BGR,2014,629,3709.101,Europe,Europe,Northern Europe,Eastern Europe
Belarus,Slovenia,BLR,SVN,2014,1392,1267.967,Europe,Europe,Eastern Europe,Southern Europe
Andorra,Denmark,AND,DNK,2012,,1668.749,Europe,Europe,Southern Europe,Northern Europe
Ireland,Bosnia and Herzegovina,IRL,BIH,2014,1037,2084.593,Europe,Europe,Northern Europe,Southern Europe
Russian Federation,Hungary,RUS,HUN,2012,102570,1574.19,Europe,Europe,Eastern Europe,Eastern Europe
Romania,Slovakia,ROU,SVK,2013,122954,,Europe,Europe,Eastern Europe,Eastern Europe
Austria,Belarus,AUT,BLR,2014,24973,998.225,Europe,Europe,Western Europe,Eastern Europe
Romania,Spain,ROU,ESP,2015,622292,,Europe,Europe,Eastern Europe,Southern Europe
Slovenia,Belgium,SVN,BEL,2014,60667,916.7943,Europe,Europe,Southern Europe,Western Europe
Estonia,Denmark,EST,DNK,2014,52191,836.2802,Europe,Europe,Northern Europe,Northern Europe
Slovenia,Portugal,SVN,PRT,2015,5223,2096.808,Europe,Europe,Southern Europe,Southern Europe
Ukraine,Bulgaria,UKR,BGR,2015,342958,1022.553,Europe,Europe,Eastern Europe,Eastern Europe
San Marino,Belarus,SMR,BLR,2014,,1549.646,Europe,Europe,Southern Europe,Eastern Europe
Bosnia and Herzegovina,Norway,BIH,NOR,2011,9015,1859.721,Europe,Europe,Southern Europe,Northern Europe
Iceland,Denmark,ISL,DNK,2014,201513,2111.384,Europe,Europe,Northern Europe,Northern Europe
Albania,Hungary,ALB,HUN,2011,9734,689.0358,Europe,Europe,Southern Europe,Eastern Europe
Croatia,Andorra,HRV,AND,2015,,1210.269,Europe,Europe,Southern Europe,Southern Europe
Andorra,Bulgaria,AND,BGR,2011,,1781.612,Europe,Europe,Southern Europe,Eastern Europe
Malta,Bulgaria,MLT,BGR,2014,19689,1065.425,Europe,Europe,Southern Europe,Eastern Europe
Latvia,Malta,LVA,MLT,2012,2161,2449.608,Europe,Europe,Northern Europe,Southern Europe
Austria,Luxembourg,AUT,LUX,2015,72952,762.4356,Europe,Europe,Western Europe,Western Europe
Ukraine,Luxembourg,UKR,LUX,2013,3294,1736.302,Europe,Europe,Eastern Europe,Western Europe
Switzerland,Andorra,CHE,AND,2011,0,681.8435,Europe,Europe,Western Europe,Southern Europe
Estonia,Sweden,EST,SWE,2012,332110,377.9402,Europe,Europe,Northern Europe,Northern Europe
Estonia,San Marino,EST,SMR,2013,,1911.032,Europe,Europe,Northern Europe,Southern Europe
Iceland,Bulgaria,ISL,BGR,2013,379,3709.101,Europe,Europe,Northern Europe,Eastern Europe
Ireland,Albania,IRL,ALB,2011,1622,2355.755,Europe,Europe,Northern Europe,Southern Europe
Slovakia,Sweden,SVK,SWE,2015,850,1244.273,Europe,Europe,Eastern Europe,Northern Europe
Italy,Ireland,ITA,IRL,2014,694661,1887.733,Europe,Europe,Southern Europe,Northern Europe
Macedonia (the former Yugoslav Republic of),Hungary,MKD,HUN,2013,1921,641.169,Europe,Europe,Southern Europe,Eastern Europe
Denmark,France,DNK,FRA,2012,765847,1027.609,Europe,Europe,Northern Europe,Western Europe
Slovenia,France,SVN,FRA,2014,44787,965.7366,Europe,Europe,Southern Europe,Western Europe
Belarus,San Marino,BLR,SMR,2014,,1549.646,Europe,Europe,Eastern Europe,Southern Europe
Ireland,Greece,IRL,GRC,2015,53887,2855.222,Europe,Europe,Northern Europe,Southern Europe
Croatia,Andorra,HRV,AND,2012,,1210.269,Europe,Europe,Southern Europe,Southern Europe
Albania,Hungary,ALB,HUN,2016,4504,689.0358,Europe,Europe,Southern Europe,Eastern Europe
Romania,United Kingdom of Great Britain and Northern Ireland,ROU,GBR,2012,379682,,Europe,Europe,Eastern Europe,Northern Europe
Croatia,Luxembourg,HRV,LUX,2013,6493,847.312,Europe,Europe,Southern Europe,Western Europe
Macedonia (the former Yugoslav Republic of),Sweden,MKD,SWE,2016,112979,1943.276,Europe,Europe,Southern Europe,Northern Europe
Slovenia,Norway,SVN,NOR,2015,14911,1561.207,Europe,Europe,Southern Europe,Northern Europe
France,Sweden,FRA,SWE,2014,1122371,1545.797,Europe,Europe,Western Europe,Northern Europe
Luxembourg,Gibraltar,LUX,GIB,2016,29,1763.693,Europe,Europe,Western Europe,Southern Europe
Gibraltar,San Marino,GIB,SMR,2015,,1746.044,Europe,Europe,Southern Europe,Southern Europe
Switzerland,Denmark,CHE,DNK,2016,427914,1033.508,Europe,Europe,Western Europe,Northern Europe
Portugal,Bulgaria,PRT,BGR,2012,15798,2754.19,Europe,Europe,Southern Europe,Eastern Europe
Andorra,Sweden,AND,SWE,2015,,2191.849,Europe,Europe,Southern Europe,Northern Europe
Finland,Estonia,FIN,EST,2015,99896,80.98481,Europe,Europe,Northern Europe,Northern Europe
Iceland,Albania,ISL,ALB,2013,43,3675.061,Europe,Europe,Northern Europe,Southern Europe
Austria,Greece,AUT,GRC,2014,464420,1283.6,Europe,Europe,Western Europe,Southern Europe
Malta,Germany,MLT,DEU,2014,279850,1833.687,Europe,Europe,Southern Europe,Western Europe
Belgium,Switzerland,BEL,CHE,2015,595867,487.4555,Europe,Europe,Western Europe,Western Europe
Greece,Austria,GRC,AUT,2015,550521,1283.6,Europe,Europe,Southern Europe,Western Europe
San Marino,Portugal,SMR,PRT,2015,,1891.408,Europe,Europe,Southern Europe,Southern Europe
Gibraltar,Spain,GIB,ESP,2016,75,497.6063,Europe,Europe,Southern Europe,Southern Europe
Portugal,Slovakia,PRT,SVK,2016,399,2354.293,Europe,Europe,Southern Europe,Eastern Europe
Belgium,Bulgaria,BEL,BGR,2016,160215,1699.686,Europe,Europe,Western Europe,Eastern Europe
Norway,Andorra,NOR,AND,2014,,2038.357,Europe,Europe,Northern Europe,Southern Europe
Ireland,Albania,IRL,ALB,2014,1672,2355.755,Europe,Europe,Northern Europe,Southern Europe
Iceland,Netherlands,ISL,NLD,2013,61856,2022.635,Europe,Europe,Northern Europe,Western Europe
Spain,Russian Federation,ESP,RUS,2011,1151628,3449.3,Europe,Europe,Southern Europe,Eastern Europe
Moldova (Republic of),Macedonia (the former Yugoslav Republic of),MDA,MKD,2014,173,806.5962,Europe,Europe,Eastern Europe,Southern Europe
Gibraltar,Russian Federation,GIB,RUS,2012,903,3890.748,Europe,Europe,Southern Europe,Eastern Europe
Hungary,Russian Federation,HUN,RUS,2011,110536,1574.19,Europe,Europe,Eastern Europe,Eastern Europe
Ireland,San Marino,IRL,SMR,2012,,1720.421,Europe,Europe,Northern Europe,Southern Europe
San Marino,Czechia,SMR,CZE,2016,,700.1221,Europe,Europe,Southern Europe,Eastern Europe
Lithuania,Sweden,LTU,SWE,2016,141115,677.4822,Europe,Europe,Northern Europe,Northern Europe
Finland,Switzerland,FIN,CHE,2012,150998,1859.36,Europe,Europe,Northern Europe,Western Europe
Germany,Iceland,DEU,ISL,2011,136915,2189.024,Europe,Europe,Western Europe,Northern Europe
Poland,Ireland,POL,IRL,2011,660587,1826.82,Europe,Europe,Eastern Europe,Northern Europe
Slovakia,Estonia,SVK,EST,2015,6624,1345.682,Europe,Europe,Eastern Europe,Northern Europe
Finland,Latvia,FIN,LVA,2014,118929,358.1294,Europe,Europe,Northern Europe,Northern Europe
Greece,Netherlands,GRC,NLD,2013,318186,2162.912,Europe,Europe,Southern Europe,Western Europe
Ukraine,France,UKR,FRA,2016,132676,2025.144,Europe,Europe,Eastern Europe,Western Europe
Germany,Portugal,DEU,PRT,2015,2184655,1892.032,Europe,Europe,Western Europe,Southern Europe
Germany,Slovakia,DEU,SVK,2014,249455,817.4212,Europe,Europe,Western Europe,Eastern Europe
Poland,Latvia,POL,LVA,2014,946021,559.8441,Europe,Europe,Eastern Europe,Northern Europe
Latvia,Norway,LVA,NOR,2015,213653,843.114,Europe,Europe,Northern Europe,Northern Europe
Malta,France,MLT,FRA,2012,149680,1752.693,Europe,Europe,Southern Europe,Western Europe
Italy,Sweden,ITA,SWE,2015,716712,1980.122,Europe,Europe,Southern Europe,Northern Europe
Italy,Hungary,ITA,HUN,2014,989879,811.4083,Europe,Europe,Southern Europe,Eastern Europe
Ireland,France,IRL,FRA,2016,8090296,778.2031,Europe,Europe,Northern Europe,Western Europe
Andorra,Slovakia,AND,SVK,2012,,1374.983,Europe,Europe,Southern Europe,Eastern Europe
Greece,Bosnia and Herzegovina,GRC,BIH,2016,1988,790.14,Europe,Europe,Southern Europe,Southern Europe
Belgium,Belarus,BEL,BLR,2016,5677,1601.903,Europe,Europe,Western Europe,Eastern Europe
Belarus,Ukraine,BLR,UKR,2013,3355631,433.5281,Europe,Europe,Eastern Europe,Eastern Europe
Belgium,Norway,BEL,NOR,2011,113252,1087.773,Europe,Europe,Western Europe,Northern Europe
Austria,Malta,AUT,MLT,2016,57892,1379.07,Europe,Europe,Western Europe,Southern Europe
Austria,Gibraltar,AUT,GIB,2011,67,2226.795,Europe,Europe,Western Europe,Southern Europe
Belarus,Portugal,BLR,PRT,2012,934,3229.235,Europe,Europe,Eastern Europe,Southern Europe
Luxembourg,Finland,LUX,FIN,2015,10908,1671.633,Europe,Europe,Western Europe,Northern Europe
Slovakia,San Marino,SVK,SMR,2012,,591.9698,Europe,Europe,Eastern Europe,Southern Europe
Spain,Gibraltar,ESP,GIB,2013,40,497.6063,Europe,Europe,Southern Europe,Southern Europe
Macedonia (the former Yugoslav Republic of),Belgium,MKD,BEL,2014,31195,1634.022,Europe,Europe,Southern Europe,Western Europe
Hungary,Iceland,HUN,ISL,2014,2071,3077.932,Europe,Europe,Eastern Europe,Northern Europe
Bosnia and Herzegovina,Finland,BIH,FIN,2016,1930,1863.34,Europe,Europe,Southern Europe,Northern Europe
Moldova (Republic of),Slovenia,MDA,SVN,2014,567,1100.799,Europe,Europe,Eastern Europe,Southern Europe
Belarus,Spain,BLR,ESP,2013,20343,2762.7,Europe,Europe,Eastern Europe,Southern Europe
Moldova (Republic of),Finland,MDA,FIN,2013,1026,1482.904,Europe,Europe,Eastern Europe,Northern Europe
Germany,Iceland,DEU,ISL,2014,184837,2189.024,Europe,Europe,Western Europe,Northern Europe
Ireland,Denmark,IRL,DNK,2014,154912,1240.498,Europe,Europe,Northern Europe,Northern Europe
Germany,Czechia,DEU,CZE,2014,2000880,545.6255,Europe,Europe,Western Europe,Eastern Europe
Czechia,Croatia,CZE,HRV,2016,741969,492.0173,Europe,Europe,Eastern Europe,Southern Europe
Poland,Austria,POL,AUT,2014,857730,556.8245,Europe,Europe,Eastern Europe,Western Europe
United Kingdom of Great Britain and Northern Ireland,Albania,GBR,ALB,2016,77306,1895.345,Europe,Europe,Northern Europe,Southern Europe
Slovenia,Moldova (Republic of),SVN,MDA,2011,354,1100.799,Europe,Europe,Southern Europe,Eastern Europe
Belgium,Hungary,BEL,HUN,2012,325452,1129.979,Europe,Europe,Western Europe,Eastern Europe
Ireland,Hungary,IRL,HUN,2011,99358,1895.995,Europe,Europe,Northern Europe,Eastern Europe
Netherlands,Austria,NLD,AUT,2011,386902,934.7828,Europe,Europe,Western Europe,Western Europe
Croatia,Switzerland,HRV,CHE,2011,89067,667.2937,Europe,Europe,Southern Europe,Western Europe
Belgium,Ukraine,BEL,UKR,2016,42165,1837.307,Europe,Europe,Western Europe,Eastern Europe
Gibraltar,Portugal,GIB,PRT,2015,35,442.1214,Europe,Europe,Southern Europe,Southern Europe
Lithuania,Moldova (Republic of),LTU,MDA,2013,1489,889.8586,Europe,Europe,Northern Europe,Eastern Europe
Latvia,Iceland,LVA,ISL,2014,1521,2579.342,Europe,Europe,Northern Europe,Northern Europe
Malta,Ireland,MLT,IRL,2012,38708,2525.637,Europe,Europe,Southern Europe,Northern Europe
Slovenia,Finland,SVN,FIN,2014,18679,1710.822,Europe,Europe,Southern Europe,Northern Europe
Lithuania,Hungary,LTU,HUN,2015,7530,910.8107,Europe,Europe,Northern Europe,Eastern Europe
Luxembourg,Poland,LUX,POL,2011,25952,1080.571,Europe,Europe,Western Europe,Eastern Europe
Luxembourg,Spain,LUX,ESP,2013,224845,1281.233,Europe,Europe,Western Europe,Southern Europe
Belarus,Czechia,BLR,CZE,2016,24250,986.366,Europe,Europe,Eastern Europe,Eastern Europe
Andorra,Macedonia (the former Yugoslav Republic of),AND,MKD,2012,,1642.107,Europe,Europe,Southern Europe,Southern Europe
Finland,Denmark,FIN,DNK,2014,396547,884.6371,Europe,Europe,Northern Europe,Northern Europe
Finland,Denmark,FIN,DNK,2012,445964,884.6371,Europe,Europe,Northern Europe,Northern Europe
Sweden,Belgium,SWE,BEL,2013,240269,1283.716,Europe,Europe,Northern Europe,Western Europe
Denmark,San Marino,DNK,SMR,2013,,1304.072,Europe,Europe,Northern Europe,Southern Europe
Norway,Malta,NOR,MLT,2013,20233,2686.866,Europe,Europe,Northern Europe,Southern Europe
Croatia,Denmark,HRV,DNK,2014,101342,1123.37,Europe,Europe,Southern Europe,Northern Europe
Lithuania,San Marino,LTU,SMR,2014,,1509.381,Europe,Europe,Northern Europe,Southern Europe
Denmark,Finland,DNK,FIN,2013,442687,884.6371,Europe,Europe,Northern Europe,Northern Europe
San Marino,Bulgaria,SMR,BGR,2016,10977,886.4001,Europe,Europe,Southern Europe,Eastern Europe
San Marino,Netherlands,SMR,NLD,2011,,1090.303,Europe,Europe,Southern Europe,Western Europe
Moldova (Republic of),Iceland,MDA,ISL,2016,102,3584.765,Europe,Europe,Eastern Europe,Northern Europe
Estonia,France,EST,FRA,2013,32109,1859.091,Europe,Europe,Northern Europe,Western Europe
Czechia,Austria,CZE,AUT,2011,789300,252.4479,Europe,Europe,Eastern Europe,Western Europe
Lithuania,Denmark,LTU,DNK,2011,57627,815.5106,Europe,Europe,Northern Europe,Northern Europe
Slovenia,Macedonia (the former Yugoslav Republic of),SVN,MKD,2011,28589,717.5879,Europe,Europe,Southern Europe,Southern Europe
Italy,Denmark,ITA,DNK,2012,772540,1534.086,Europe,Europe,Southern Europe,Northern Europe
Slovenia,Luxembourg,SVN,LUX,2012,2790,736.8185,Europe,Europe,Southern Europe,Western Europe
Italy,Iceland,ITA,ISL,2015,33847,3307.978,Europe,Europe,Southern Europe,Northern Europe
Gibraltar,Estonia,GIB,EST,2012,20,3375.481,Europe,Europe,Southern Europe,Northern Europe
Hungary,Ireland,HUN,IRL,2016,156170,1895.995,Europe,Europe,Eastern Europe,Northern Europe
Croatia,Italy,HRV,ITA,2013,1221226,517.0557,Europe,Europe,Southern Europe,Southern Europe
Russian Federation,Poland,RUS,POL,2015,4065847,1156.427,Europe,Europe,Eastern Europe,Eastern Europe
Czechia,Belarus,CZE,BLR,2014,35224,986.366,Europe,Europe,Eastern Europe,Eastern Europe
Denmark,Finland,DNK,FIN,2014,392770,884.6371,Europe,Europe,Northern Europe,Northern Europe
Estonia,Belarus,EST,BLR,2011,2312,641.8873,Europe,Europe,Northern Europe,Eastern Europe
France,Belarus,FRA,BLR,2012,23262,1823.709,Europe,Europe,Western Europe,Eastern Europe
Bulgaria,Ireland,BGR,IRL,2012,20853,2475.312,Europe,Europe,Eastern Europe,Northern Europe
France,Greece,FRA,GRC,2013,1364292,2098.726,Europe,Europe,Western Europe,Southern Europe
Macedonia (the former Yugoslav Republic of),Russian Federation,MKD,RUS,2012,6951,1927.484,Europe,Europe,Southern Europe,Eastern Europe
Norway,Belarus,NOR,BLR,2016,1599,1216.697,Europe,Europe,Northern Europe,Eastern Europe
Belarus,Macedonia (the former Yugoslav Republic of),BLR,MKD,2015,208,1392.291,Europe,Europe,Eastern Europe,Southern Europe
Netherlands,Belarus,NLD,BLR,2014,21492,1512.952,Europe,Europe,Western Europe,Eastern Europe
Spain,Belarus,ESP,BLR,2015,31234,2762.7,Europe,Europe,Southern Europe,Eastern Europe
France,Belarus,FRA,BLR,2011,26037,1823.709,Europe,Europe,Western Europe,Eastern Europe
Hungary,Luxembourg,HUN,LUX,2014,6800,977.394,Europe,Europe,Eastern Europe,Western Europe
Lithuania,Belarus,LTU,BLR,2011,95418,169.5256,Europe,Europe,Northern Europe,Eastern Europe
Gibraltar,Estonia,GIB,EST,2015,30,3375.481,Europe,Europe,Southern Europe,Northern Europe
Slovenia,Belarus,SVN,BLR,2015,1110,1267.967,Europe,Europe,Southern Europe,Eastern Europe
Poland,Belarus,POL,BLR,2014,4067702,469.7038,Europe,Europe,Eastern Europe,Eastern Europe
Netherlands,Luxembourg,NLD,LUX,2016,41743,318.3489,Europe,Europe,Western Europe,Western Europe
Slovakia,Belarus,SVK,BLR,2012,5949,959.4427,Europe,Europe,Eastern Europe,Eastern Europe
Switzerland,Belarus,CHE,BLR,2011,8417,1609.652,Europe,Europe,Western Europe,Eastern Europe
Macedonia (the former Yugoslav Republic of),Belarus,MKD,BLR,2016,177,1392.291,Europe,Europe,Southern Europe,Eastern Europe
Andorra,Czechia,AND,CZE,2012,,1302.353,Europe,Europe,Southern Europe,Eastern Europe
Moldova (Republic of),Malta,MDA,MLT,2015,543,1712.083,Europe,Europe,Eastern Europe,Southern Europe
Czechia,Belarus,CZE,BLR,2011,21311,986.366,Europe,Europe,Eastern Europe,Eastern Europe
Italy,Andorra,ITA,AND,2012,0,909.03,Europe,Europe,Southern Europe,Southern Europe
Spain,Belarus,ESP,BLR,2014,30781,2762.7,Europe,Europe,Southern Europe,Eastern Europe
Lithuania,Belarus,LTU,BLR,2014,189973,169.5256,Europe,Europe,Northern Europe,Eastern Europe
Malta,United Kingdom of Great Britain and Northern Ireland,MLT,GBR,2013,700711,2092.273,Europe,Europe,Southern Europe,Northern Europe
Austria,Belarus,AUT,BLR,2015,25024,998.225,Europe,Europe,Western Europe,Eastern Europe
Poland,Sweden,POL,SWE,2013,683199,809.0182,Europe,Europe,Eastern Europe,Northern Europe
Bulgaria,Belarus,BGR,BLR,2016,95128,1282.432,Europe,Europe,Eastern Europe,Eastern Europe
Slovenia,Belarus,SVN,BLR,2011,916,1267.967,Europe,Europe,Southern Europe,Eastern Europe
Spain,Ireland,ESP,IRL,2012,1920057,1450.236,Europe,Europe,Southern Europe,Northern Europe
United Kingdom of Great Britain and Northern Ireland,Slovenia,GBR,SVN,2013,125667,1230.756,Europe,Europe,Northern Europe,Southern Europe
Hungary,Belarus,HUN,BLR,2011,2372,923.2194,Europe,Europe,Eastern Europe,Eastern Europe
Switzerland,Belarus,CHE,BLR,2015,16544,1609.652,Europe,Europe,Western Europe,Eastern Europe
Russian Federation,Lithuania,RUS,LTU,2012,768233,794.0689,Europe,Europe,Eastern Europe,Northern Europe
Finland,Gibraltar,FIN,GIB,2011,41,3434.65,Europe,Europe,Northern Europe,Southern Europe
Latvia,Belarus,LVA,BLR,2014,204313,406.3581,Europe,Europe,Northern Europe,Eastern Europe
Austria,Belarus,AUT,BLR,2016,32461,998.225,Europe,Europe,Western Europe,Eastern Europe
Slovakia,Lithuania,SVK,LTU,2013,18552,918.5131,Europe,Europe,Eastern Europe,Northern Europe
Albania,Finland,ALB,FIN,2011,2171,2122.475,Europe,Europe,Southern Europe,Northern Europe
France,Luxembourg,FRA,LUX,2015,6755165,289.1023,Europe,Europe,Western Europe,Western Europe
Luxembourg,Belarus,LUX,BLR,2011,275,1539.179,Europe,Europe,Western Europe,Eastern Europe
Italy,Denmark,ITA,DNK,2015,999522,1534.086,Europe,Europe,Southern Europe,Northern Europe
Ireland,Gibraltar,IRL,GIB,2011,129,1915.628,Europe,Europe,Northern Europe,Southern Europe
Luxembourg,Belarus,LUX,BLR,2014,415,1539.179,Europe,Europe,Western Europe,Eastern Europe
Ukraine,Denmark,UKR,DNK,2016,35478,1328.55,Europe,Europe,Eastern Europe,Northern Europe
Slovakia,Belarus,SVK,BLR,2011,4463,959.4427,Europe,Europe,Eastern Europe,Eastern Europe
Switzerland,Belarus,CHE,BLR,2016,13096,1609.652,Europe,Europe,Western Europe,Eastern Europe
Norway,Slovenia,NOR,SVN,2016,18388,1561.207,Europe,Europe,Northern Europe,Southern Europe
Czechia,Bulgaria,CZE,BGR,2014,213658,1069.866,Europe,Europe,Eastern Europe,Eastern Europe
France,Belarus,FRA,BLR,2014,33498,1823.709,Europe,Europe,Western Europe,Eastern Europe
Hungary,Belarus,HUN,BLR,2013,2834,923.2194,Europe,Europe,Eastern Europe,Eastern Europe
Croatia,Belarus,HRV,BLR,2013,7543,1217.08,Europe,Europe,Southern Europe,Eastern Europe
Bulgaria,Belarus,BGR,BLR,2014,142180,1282.432,Europe,Europe,Eastern Europe,Eastern Europe
Poland,Belarus,POL,BLR,2016,3520992,469.7038,Europe,Europe,Eastern Europe,Eastern Europe
Netherlands,Slovakia,NLD,SVK,2013,2354,987.487,Europe,Europe,Western Europe,Eastern Europe
United Kingdom of Great Britain and Northern Ireland,Bulgaria,GBR,BGR,2013,446649,2019.341,Europe,Europe,Northern Europe,Eastern Europe
Netherlands,Germany,NLD,DEU,2014,8131865,173.5239,Europe,Europe,Western Europe,Western Europe
Ireland,Belarus,IRL,BLR,2014,763,2209.153,Europe,Europe,Northern Europe,Eastern Europe
Malta,Estonia,MLT,EST,2012,2001,2719.935,Europe,Europe,Southern Europe,Northern Europe
Russian Federation,Belarus,RUS,BLR,2014,609179,686.9657,Europe,Europe,Eastern Europe,Eastern Europe
Austria,Portugal,AUT,PRT,2014,114215,2299.266,Europe,Europe,Western Europe,Southern Europe
France,Bosnia and Herzegovina,FRA,BIH,2011,12852,1352.463,Europe,Europe,Western Europe,Southern Europe
Andorra,Bosnia and Herzegovina,AND,BIH,2013,,1380.175,Europe,Europe,Southern Europe,Southern Europe
Estonia,Czechia,EST,CZE,2015,23403,1227.457,Europe,Europe,Northern Europe,Eastern Europe
Czechia,Slovakia,CZE,SVK,2013,945134,293.086,Europe,Europe,Eastern Europe,Eastern Europe
Finland,Gibraltar,FIN,GIB,2013,48,3434.65,Europe,Europe,Northern Europe,Southern Europe
Bulgaria,Germany,BGR,DEU,2011,905289,1571.797,Europe,Europe,Eastern Europe,Western Europe
Norway,Bosnia and Herzegovina,NOR,BIH,2014,10648,1859.721,Europe,Europe,Northern Europe,Southern Europe
Portugal,Bosnia and Herzegovina,PRT,BIH,2014,1650,2362.739,Europe,Europe,Southern Europe,Southern Europe
Portugal,Bosnia and Herzegovina,PRT,BIH,2015,1552,2362.739,Europe,Europe,Southern Europe,Southern Europe
Belarus,United Kingdom of Great Britain and Northern Ireland,BLR,GBR,2015,20953,1873.072,Europe,Europe,Eastern Europe,Northern Europe
Portugal,Bosnia and Herzegovina,PRT,BIH,2012,828,2362.739,Europe,Europe,Southern Europe,Southern Europe
Croatia,Finland,HRV,FIN,2016,85340,1702.673,Europe,Europe,Southern Europe,Northern Europe
San Marino,Moldova (Republic of),SMR,MDA,2014,,1317.19,Europe,Europe,Southern Europe,Eastern Europe
United Kingdom of Great Britain and Northern Ireland,Bosnia and Herzegovina,GBR,BIH,2014,14446,1625.285,Europe,Europe,Northern Europe,Southern Europe
Norway,Greece,NOR,GRC,2014,255206,2606.405,Europe,Europe,Northern Europe,Southern Europe
Portugal,Bosnia and Herzegovina,PRT,BIH,2011,898,2362.739,Europe,Europe,Southern Europe,Southern Europe
Norway,Bosnia and Herzegovina,NOR,BIH,2012,9479,1859.721,Europe,Europe,Northern Europe,Southern Europe
Italy,Switzerland,ITA,CHE,2013,1303921,692.6592,Europe,Europe,Southern Europe,Western Europe
Slovenia,Finland,SVN,FIN,2015,22227,1710.822,Europe,Europe,Southern Europe,Northern Europe
Germany,Bosnia and Herzegovina,DEU,BIH,2016,181916,1202.42,Europe,Europe,Western Europe,Southern Europe
Macedonia (the former Yugoslav Republic of),Bosnia and Herzegovina,MKD,BIH,2014,11182,322.8538,Europe,Europe,Southern Europe,Southern Europe
Croatia,Bosnia and Herzegovina,HRV,BIH,2012,292962,290.1541,Europe,Europe,Southern Europe,Southern Europe
Andorra,Bosnia and Herzegovina,AND,BIH,2015,,1380.175,Europe,Europe,Southern Europe,Southern Europe
Belgium,Czechia,BEL,CZE,2013,155573,718.4293,Europe,Europe,Western Europe,Eastern Europe
Spain,Belarus,ESP,BLR,2012,8676,2762.7,Europe,Europe,Southern Europe,Eastern Europe
Belarus,Germany,BLR,DEU,2011,61248,1405.056,Europe,Europe,Eastern Europe,Western Europe
Italy,Bosnia and Herzegovina,ITA,BIH,2012,407811,531.7457,Europe,Europe,Southern Europe,Southern Europe
Bosnia and Herzegovina,Bulgaria,BIH,BGR,2015,59835,416.3402,Europe,Europe,Southern Europe,Eastern Europe
Andorra,Estonia,AND,EST,2012,,2464.161,Europe,Europe,Southern Europe,Northern Europe
Luxembourg,Bosnia and Herzegovina,LUX,BIH,2015,786,1131.459,Europe,Europe,Western Europe,Southern Europe
Romania,Ireland,ROU,IRL,2011,37319,,Europe,Europe,Eastern Europe,Northern Europe
Germany,Greece,DEU,GRC,2015,3313384,1990.582,Europe,Europe,Western Europe,Southern Europe
Belarus,Bosnia and Herzegovina,BLR,BIH,2016,217,1292.046,Europe,Europe,Eastern Europe,Southern Europe
Belgium,Iceland,BEL,ISL,2016,33020,2133.168,Europe,Europe,Western Europe,Northern Europe
Italy,Bosnia and Herzegovina,ITA,BIH,2011,283700,531.7457,Europe,Europe,Southern Europe,Southern Europe
Denmark,Bosnia and Herzegovina,DNK,BIH,2016,17088,1377.807,Europe,Europe,Northern Europe,Southern Europe
Romania,Germany,ROU,DEU,2014,704539,,Europe,Europe,Eastern Europe,Western Europe
Slovenia,Bosnia and Herzegovina,SVN,BIH,2012,70321,394.7473,Europe,Europe,Southern Europe,Southern Europe
Finland,Bosnia and Herzegovina,FIN,BIH,2011,2927,1863.34,Europe,Europe,Northern Europe,Southern Europe
Portugal,Greece,PRT,GRC,2013,31833,2853.773,Europe,Europe,Southern Europe,Southern Europe
Andorra,Bosnia and Herzegovina,AND,BIH,2011,,1380.175,Europe,Europe,Southern Europe,Southern Europe
Romania,Bosnia and Herzegovina,ROU,BIH,2015,12889,,Europe,Europe,Eastern Europe,Southern Europe
Luxembourg,Bosnia and Herzegovina,LUX,BIH,2013,534,1131.459,Europe,Europe,Western Europe,Southern Europe
Italy,Bosnia and Herzegovina,ITA,BIH,2013,662086,531.7457,Europe,Europe,Southern Europe,Southern Europe
San Marino,Latvia,SMR,LVA,2015,,1659.333,Europe,Europe,Southern Europe,Northern Europe
Andorra,Italy,AND,ITA,2013,0,909.03,Europe,Europe,Southern Europe,Southern Europe
Hungary,Ukraine,HUN,UKR,2011,1062051,896.3701,Europe,Europe,Eastern Europe,Eastern Europe
Belgium,Bosnia and Herzegovina,BEL,BIH,2015,7011,1311.355,Europe,Europe,Western Europe,Southern Europe
Germany,Ireland,DEU,IRL,2012,976634,920.8693,Europe,Europe,Western Europe,Northern Europe
Poland,Bosnia and Herzegovina,POL,BIH,2011,2378,952.2305,Europe,Europe,Eastern Europe,Southern Europe
Czechia,Estonia,CZE,EST,2016,26238,1227.457,Europe,Europe,Eastern Europe,Northern Europe
Malta,Bosnia and Herzegovina,MLT,BIH,2012,234,946.8785,Europe,Europe,Southern Europe,Southern Europe
Malta,Norway,MLT,NOR,2011,19313,2686.866,Europe,Europe,Southern Europe,Northern Europe
France,Bosnia and Herzegovina,FRA,BIH,2012,10504,1352.463,Europe,Europe,Western Europe,Southern Europe
Moldova (Republic of),Malta,MDA,MLT,2013,196,1712.083,Europe,Europe,Eastern Europe,Southern Europe
Bulgaria,Netherlands,BGR,NLD,2013,81091,1745.082,Europe,Europe,Eastern Europe,Western Europe
Austria,Bosnia and Herzegovina,AUT,BIH,2014,20771,509.7472,Europe,Europe,Western Europe,Southern Europe
Iceland,Bosnia and Herzegovina,ISL,BIH,2015,172,3376.985,Europe,Europe,Northern Europe,Southern Europe
Ireland,Belgium,IRL,BEL,2013,335603,775.6281,Europe,Europe,Northern Europe,Western Europe
Malta,Denmark,MLT,DNK,2014,46753,2204.997,Europe,Europe,Southern Europe,Northern Europe
Czechia,Albania,CZE,ALB,2011,4648,1060.922,Europe,Europe,Eastern Europe,Southern Europe
Albania,Lithuania,ALB,LTU,2015,418,1540.066,Europe,Europe,Southern Europe,Northern Europe
Slovenia,Slovakia,SVN,SVK,2016,54746,308.8653,Europe,Europe,Southern Europe,Eastern Europe
Estonia,Ukraine,EST,UKR,2016,28475,1066.134,Europe,Europe,Northern Europe,Eastern Europe
Poland,Romania,POL,ROU,2015,593389,,Europe,Europe,Eastern Europe,Eastern Europe
Romania,United Kingdom of Great Britain and Northern Ireland,ROU,GBR,2015,815076,,Europe,Europe,Eastern Europe,Northern Europe
Latvia,Ukraine,LVA,UKR,2011,99258,839.8457,Europe,Europe,Northern Europe,Eastern Europe
Estonia,Switzerland,EST,CHE,2013,16166,1794.213,Europe,Europe,Northern Europe,Western Europe
Bulgaria,Netherlands,BGR,NLD,2015,92350,1745.082,Europe,Europe,Eastern Europe,Western Europe
Finland,Romania,FIN,ROU,2012,19337,,Europe,Europe,Northern Europe,Eastern Europe
San Marino,Belarus,SMR,BLR,2011,,1549.646,Europe,Europe,Southern Europe,Eastern Europe
Malta,Ukraine,MLT,UKR,2012,3227,2062.274,Europe,Europe,Southern Europe,Eastern Europe
Ukraine,Belarus,UKR,BLR,2013,3355631,433.5281,Europe,Europe,Eastern Europe,Eastern Europe
Lithuania,Bosnia and Herzegovina,LTU,BIH,2012,254,1302.017,Europe,Europe,Northern Europe,Southern Europe
Belarus,Denmark,BLR,DNK,2012,3678,977.0479,Europe,Europe,Eastern Europe,Northern Europe
Malta,Bulgaria,MLT,BGR,2011,7482,1065.425,Europe,Europe,Southern Europe,Eastern Europe
Greece,Ireland,GRC,IRL,2011,20190,2855.222,Europe,Europe,Southern Europe,Northern Europe
Austria,Luxembourg,AUT,LUX,2011,63097,762.4356,Europe,Europe,Western Europe,Western Europe
Albania,Germany,ALB,DEU,2012,57219,1493.096,Europe,Europe,Southern Europe,Western Europe
Latvia,Denmark,LVA,DNK,2013,84320,724.3204,Europe,Europe,Northern Europe,Northern Europe
Switzerland,Slovakia,CHE,SVK,2012,3035,742.9638,Europe,Europe,Western Europe,Eastern Europe
Sweden,Belgium,SWE,BEL,2015,246083,1283.716,Europe,Europe,Northern Europe,Western Europe
Spain,Macedonia (the former Yugoslav Republic of),ESP,MKD,2012,3599,2108.379,Europe,Europe,Southern Europe,Southern Europe
Luxembourg,Estonia,LUX,EST,2013,2437,1614.171,Europe,Europe,Western Europe,Northern Europe
Malta,Iceland,MLT,ISL,2011,226,3978.502,Europe,Europe,Southern Europe,Northern Europe
Greece,Andorra,GRC,AND,2011,,1947.636,Europe,Europe,Southern Europe,Southern Europe
Estonia,Lithuania,EST,LTU,2014,100067,527.9267,Europe,Europe,Northern Europe,Northern Europe
Germany,Denmark,DEU,DNK,2015,4373886,595.8536,Europe,Europe,Western Europe,Northern Europe
Finland,Greece,FIN,GRC,2014,62757,2465.045,Europe,Europe,Northern Europe,Southern Europe
Greece,Moldova (Republic of),GRC,MDA,2015,13977,1084.991,Europe,Europe,Southern Europe,Eastern Europe
Macedonia (the former Yugoslav Republic of),Spain,MKD,ESP,2016,26878,2108.379,Europe,Europe,Southern Europe,Southern Europe
San Marino,Ukraine,SMR,UKR,2011,5429,1535.241,Europe,Europe,Southern Europe,Eastern Europe
Russian Federation,Denmark,RUS,DNK,2016,95304,1566.362,Europe,Europe,Eastern Europe,Northern Europe
Lithuania,Poland,LTU,POL,2013,3017330,393.7521,Europe,Europe,Northern Europe,Eastern Europe
Moldova (Republic of),Slovenia,MDA,SVN,2015,715,1100.799,Europe,Europe,Eastern Europe,Southern Europe
Ukraine,Russian Federation,UKR,RUS,2012,16029238,763.4056,Europe,Europe,Eastern Europe,Eastern Europe
Portugal,Italy,PRT,ITA,2014,702628,1864.041,Europe,Europe,Southern Europe,Southern Europe
Netherlands,France,NLD,FRA,2013,7176052,427.9169,Europe,Europe,Western Europe,Western Europe
Moldova (Republic of),Iceland,MDA,ISL,2015,48,3584.765,Europe,Europe,Eastern Europe,Northern Europe
Luxembourg,Poland,LUX,POL,2014,23755,1080.571,Europe,Europe,Western Europe,Eastern Europe
Iceland,Germany,ISL,DEU,2016,311157,2189.024,Europe,Europe,Northern Europe,Western Europe
Ireland,Belgium,IRL,BEL,2015,417996,775.6281,Europe,Europe,Northern Europe,Western Europe
Italy,Estonia,ITA,EST,2015,85181,2126.436,Europe,Europe,Southern Europe,Northern Europe
Ukraine,Poland,UKR,POL,2014,9855945,690.8161,Europe,Europe,Eastern Europe,Eastern Europe
Switzerland,Germany,CHE,DEU,2014,3405583,503.8007,Europe,Europe,Western Europe,Western Europe
Albania,Greece,ALB,GRC,2014,857774,500.1241,Europe,Europe,Southern Europe,Southern Europe
Netherlands,Bulgaria,NLD,BGR,2011,99691,1745.082,Europe,Europe,Western Europe,Eastern Europe
Finland,Belgium,FIN,BEL,2016,122934,1651.582,Europe,Europe,Northern Europe,Western Europe
Czechia,Romania,CZE,ROU,2014,149494,,Europe,Europe,Eastern Europe,Eastern Europe
Lithuania,Belgium,LTU,BEL,2013,74180,1469.434,Europe,Europe,Northern Europe,Western Europe
Germany,Poland,DEU,POL,2016,33688100,965.9211,Europe,Europe,Western Europe,Eastern Europe
Denmark,Moldova (Republic of),DNK,MDA,2015,3306,1479.282,Europe,Europe,Northern Europe,Eastern Europe
Slovakia,Andorra,SVK,AND,2015,,1374.983,Europe,Europe,Eastern Europe,Southern Europe
Ukraine,Switzerland,UKR,CHE,2013,91280,1730.779,Europe,Europe,Eastern Europe,Western Europe
Switzerland,Lithuania,CHE,LTU,2012,16549,1516.998,Europe,Europe,Western Europe,Northern Europe
Russian Federation,Spain,RUS,ESP,2012,1303609,3449.3,Europe,Europe,Eastern Europe,Southern Europe
Malta,Finland,MLT,FIN,2013,8403,2799.607,Europe,Europe,Southern Europe,Northern Europe
Netherlands,United Kingdom of Great Britain and Northern Ireland,NLD,GBR,2014,5375983,360.315,Europe,Europe,Western Europe,Northern Europe
Switzerland,Slovenia,CHE,SVN,2014,36643,549.9726,Europe,Europe,Western Europe,Southern Europe
Finland,Lithuania,FIN,LTU,2012,78545,606.8758,Europe,Europe,Northern Europe,Northern Europe
Belarus,Finland,BLR,FIN,2012,8475,715.4365,Europe,Europe,Eastern Europe,Northern Europe
Ukraine,Romania,UKR,ROU,2016,1829929,,Europe,Europe,Eastern Europe,Eastern Europe
Ukraine,Norway,UKR,NOR,2011,29934,1630.325,Europe,Europe,Eastern Europe,Northern Europe
Luxembourg,Norway,LUX,NOR,2015,8483,1184.92,Europe,Europe,Western Europe,Northern Europe
Slovenia,Hungary,SVN,HUN,2014,80291,381.6249,Europe,Europe,Southern Europe,Eastern Europe
United Kingdom of Great Britain and Northern Ireland,San Marino,GBR,SMR,2012,,1263.348,Europe,Europe,Northern Europe,Southern Europe
Switzerland,Belgium,CHE,BEL,2016,612865,487.4555,Europe,Europe,Western Europe,Western Europe
Gibraltar,Denmark,GIB,DNK,2011,73,2562.962,Europe,Europe,Southern Europe,Northern Europe
Romania,Macedonia (the former Yugoslav Republic of),ROU,MKD,2014,32683,,Europe,Europe,Eastern Europe,Southern Europe
Albania,Bosnia and Herzegovina,ALB,BIH,2015,24250,303.8697,Europe,Europe,Southern Europe,Southern Europe
Slovenia,Albania,SVN,ALB,2016,17055,678.3095,Europe,Europe,Southern Europe,Southern Europe
Denmark,Bulgaria,DNK,BGR,2011,50528,1639.385,Europe,Europe,Northern Europe,Eastern Europe
Portugal,Latvia,PRT,LVA,2014,10257,3152.139,Europe,Europe,Southern Europe,Northern Europe
Greece,Bulgaria,GRC,BGR,2014,2635354,520.6937,Europe,Europe,Southern Europe,Eastern Europe
Switzerland,Bulgaria,CHE,BGR,2013,46398,1337.572,Europe,Europe,Western Europe,Eastern Europe
Sweden,Bulgaria,SWE,BGR,2012,15110,1889.219,Europe,Europe,Northern Europe,Eastern Europe
Germany,Netherlands,DEU,NLD,2014,8131865,173.5239,Europe,Europe,Western Europe,Western Europe
Iceland,Bulgaria,ISL,BGR,2016,1471,3709.101,Europe,Europe,Northern Europe,Eastern Europe
Belgium,Macedonia (the former Yugoslav Republic of),BEL,MKD,2014,31265,1634.022,Europe,Europe,Western Europe,Southern Europe
Austria,Belarus,AUT,BLR,2012,20755,998.225,Europe,Europe,Western Europe,Eastern Europe
Portugal,Bulgaria,PRT,BGR,2014,20676,2754.19,Europe,Europe,Southern Europe,Eastern Europe
Gibraltar,Bulgaria,GIB,BGR,2016,56,2555.137,Europe,Europe,Southern Europe,Eastern Europe
Gibraltar,Bulgaria,GIB,BGR,2011,31,2555.137,Europe,Europe,Southern Europe,Eastern Europe
Ukraine,Austria,UKR,AUT,2013,144197,1052.484,Europe,Europe,Eastern Europe,Western Europe
Denmark,Bulgaria,DNK,BGR,2015,38365,1639.385,Europe,Europe,Northern Europe,Eastern Europe
Germany,Denmark,DEU,DNK,2013,3610515,595.8536,Europe,Europe,Western Europe,Northern Europe
Belarus,Netherlands,BLR,NLD,2015,21442,1512.952,Europe,Europe,Eastern Europe,Western Europe
Latvia,Bulgaria,LVA,BGR,2015,16475,1590.733,Europe,Europe,Northern Europe,Eastern Europe
France,Finland,FRA,FIN,2011,398706,1911.138,Europe,Europe,Western Europe,Northern Europe
Ukraine,Bulgaria,UKR,BGR,2014,378175,1022.553,Europe,Europe,Eastern Europe,Eastern Europe
Lithuania,Andorra,LTU,AND,2011,,2198.052,Europe,Europe,Northern Europe,Southern Europe
Poland,Bulgaria,POL,BGR,2015,389455,1080.42,Europe,Europe,Eastern Europe,Eastern Europe
Slovakia,Netherlands,SVK,NLD,2011,10049,987.487,Europe,Europe,Eastern Europe,Western Europe
Ukraine,Bulgaria,UKR,BGR,2012,371908,1022.553,Europe,Europe,Eastern Europe,Eastern Europe
Spain,Netherlands,ESP,NLD,2016,4570842,1481.366,Europe,Europe,Southern Europe,Western Europe
Germany,Bulgaria,DEU,BGR,2011,905289,1571.797,Europe,Europe,Western Europe,Eastern Europe
Portugal,Moldova (Republic of),PRT,MDA,2012,4808,3195.949,Europe,Europe,Southern Europe,Eastern Europe
Italy,Bulgaria,ITA,BGR,2011,270505,893.0574,Europe,Europe,Southern Europe,Eastern Europe
San Marino,France,SMR,FRA,2015,,951.0759,Europe,Europe,Southern Europe,Western Europe
Estonia,Bulgaria,EST,BGR,2016,21702,1866.91,Europe,Europe,Northern Europe,Eastern Europe
San Marino,Belgium,SMR,BEL,2015,18342,980.1509,Europe,Europe,Southern Europe,Western Europe
Ireland,Gibraltar,IRL,GIB,2012,36,1915.628,Europe,Europe,Northern Europe,Southern Europe
Moldova (Republic of),Switzerland,MDA,CHE,2013,6330,1620.078,Europe,Europe,Eastern Europe,Western Europe
Hungary,Bosnia and Herzegovina,HUN,BIH,2011,5083,407.2162,Europe,Europe,Eastern Europe,Southern Europe
Spain,Bulgaria,ESP,BGR,2015,219313,2254.799,Europe,Europe,Southern Europe,Eastern Europe
Czechia,Netherlands,CZE,NLD,2011,281329,709.4576,Europe,Europe,Eastern Europe,Western Europe
Denmark,Italy,DNK,ITA,2013,861623,1534.086,Europe,Europe,Northern Europe,Southern Europe
Belarus,Macedonia (the former Yugoslav Republic of),BLR,MKD,2013,350,1392.291,Europe,Europe,Eastern Europe,Southern Europe
Denmark,Gibraltar,DNK,GIB,2011,104,2562.962,Europe,Europe,Northern Europe,Southern Europe
France,Ireland,FRA,IRL,2016,8090296,778.2031,Europe,Europe,Western Europe,Northern Europe
Hungary,Bulgaria,HUN,BGR,2015,486189,632.9641,Europe,Europe,Eastern Europe,Eastern Europe
Greece,Bulgaria,GRC,BGR,2012,1686370,520.6937,Europe,Europe,Southern Europe,Eastern Europe
San Marino,Bulgaria,SMR,BGR,2015,6018,886.4001,Europe,Europe,Southern Europe,Eastern Europe
Greece,Bulgaria,GRC,BGR,2015,2925168,520.6937,Europe,Europe,Southern Europe,Eastern Europe
France,Czechia,FRA,CZE,2013,593444,884.6105,Europe,Europe,Western Europe,Eastern Europe
Romania,Bulgaria,ROU,BGR,2012,2411680,,Europe,Europe,Eastern Europe,Eastern Europe
Romania,Bulgaria,ROU,BGR,2011,2296797,,Europe,Europe,Eastern Europe,Eastern Europe
Sweden,Bulgaria,SWE,BGR,2013,18217,1889.219,Europe,Europe,Northern Europe,Eastern Europe
Estonia,France,EST,FRA,2014,43819,1859.091,Europe,Europe,Northern Europe,Western Europe
Croatia,Czechia,HRV,CZE,2014,702848,492.0173,Europe,Europe,Southern Europe,Eastern Europe
Spain,Bulgaria,ESP,BGR,2014,207108,2254.799,Europe,Europe,Southern Europe,Eastern Europe
Bulgaria,Romania,BGR,ROU,2012,2411680,,Europe,Europe,Eastern Europe,Eastern Europe
Sweden,Bulgaria,SWE,BGR,2011,26077,1889.219,Europe,Europe,Northern Europe,Eastern Europe
Belarus,Bulgaria,BLR,BGR,2016,95128,1282.432,Europe,Europe,Eastern Europe,Eastern Europe
Lithuania,Poland,LTU,POL,2012,3137033,393.7521,Europe,Europe,Northern Europe,Eastern Europe
Spain,Greece,ESP,GRC,2014,382283,2372.903,Europe,Europe,Southern Europe,Southern Europe
Spain,Bulgaria,ESP,BGR,2012,192316,2254.799,Europe,Europe,Southern Europe,Eastern Europe
France,Albania,FRA,ALB,2011,30973,1603.534,Europe,Europe,Western Europe,Southern Europe
Greece,Bulgaria,GRC,BGR,2016,3679862,520.6937,Europe,Europe,Southern Europe,Eastern Europe
United Kingdom of Great Britain and Northern Ireland,Germany,GBR,DEU,2011,9562547,495.3633,Europe,Europe,Northern Europe,Western Europe
Czechia,Bulgaria,CZE,BGR,2012,200308,1069.866,Europe,Europe,Eastern Europe,Eastern Europe
France,Iceland,FRA,ISL,2015,132889,2234.723,Europe,Europe,Western Europe,Northern Europe
Germany,Bulgaria,DEU,BGR,2013,891542,1571.797,Europe,Europe,Western Europe,Eastern Europe
Macedonia (the former Yugoslav Republic of),Bulgaria,MKD,BGR,2016,599347,168.0973,Europe,Europe,Southern Europe,Eastern Europe
Netherlands,Andorra,NLD,AND,2015,,1125.463,Europe,Europe,Western Europe,Southern Europe
Moldova (Republic of),Lithuania,MDA,LTU,2014,1865,889.8586,Europe,Europe,Eastern Europe,Northern Europe
Poland,Iceland,POL,ISL,2012,19936,2773.481,Europe,Europe,Eastern Europe,Northern Europe
Austria,Sweden,AUT,SWE,2013,178325,1242.31,Europe,Europe,Western Europe,Northern Europe
Netherlands,Slovenia,NLD,SVN,2012,19679,986.5178,Europe,Europe,Western Europe,Southern Europe
Bosnia and Herzegovina,Latvia,BIH,LVA,2016,488,1509.34,Europe,Europe,Southern Europe,Northern Europe
Belarus,Estonia,BLR,EST,2012,2403,641.8873,Europe,Europe,Eastern Europe,Northern Europe
Gibraltar,Latvia,GIB,LVA,2013,36,3185.494,Europe,Europe,Southern Europe,Northern Europe
Ireland,Ukraine,IRL,UKR,2012,6843,2517.525,Europe,Europe,Northern Europe,Eastern Europe
Poland,Norway,POL,NOR,2014,950646,1062.053,Europe,Europe,Eastern Europe,Northern Europe
Netherlands,Russian Federation,NLD,RUS,2015,228169,2155.229,Europe,Europe,Western Europe,Eastern Europe
Spain,Croatia,ESP,HRV,2013,110309,1702.46,Europe,Europe,Southern Europe,Southern Europe
Russian Federation,Macedonia (the former Yugoslav Republic of),RUS,MKD,2012,6951,1927.484,Europe,Europe,Eastern Europe,Southern Europe
Germany,Estonia,DEU,EST,2011,170514,1421.076,Europe,Europe,Western Europe,Northern Europe
Norway,Bulgaria,NOR,BGR,2012,46415,2101.033,Europe,Europe,Northern Europe,Eastern Europe
Portugal,Finland,PRT,FIN,2015,95836,3362.978,Europe,Europe,Southern Europe,Northern Europe
Denmark,San Marino,DNK,SMR,2014,,1304.072,Europe,Europe,Northern Europe,Southern Europe
Iceland,Greece,ISL,GRC,2016,4005,4166.699,Europe,Europe,Northern Europe,Southern Europe
Netherlands,Croatia,NLD,HRV,2013,65502,1085.255,Europe,Europe,Western Europe,Southern Europe
Slovenia,Slovakia,SVN,SVK,2013,37011,308.8653,Europe,Europe,Southern Europe,Eastern Europe
Latvia,Greece,LVA,GRC,2016,28275,2109.292,Europe,Europe,Northern Europe,Southern Europe
Malta,Sweden,MLT,SWE,2013,63914,2620.794,Europe,Europe,Southern Europe,Northern Europe
Belarus,Portugal,BLR,PRT,2015,2037,3229.235,Europe,Europe,Eastern Europe,Southern Europe
Spain,Gibraltar,ESP,GIB,2014,54,497.6063,Europe,Europe,Southern Europe,Southern Europe
Italy,Gibraltar,ITA,GIB,2014,297,1667.082,Europe,Europe,Southern Europe,Southern Europe
Hungary,Greece,HUN,GRC,2015,162636,1123.943,Europe,Europe,Eastern Europe,Southern Europe
Ireland,Norway,IRL,NOR,2016,78800,1267.015,Europe,Europe,Northern Europe,Northern Europe
Belarus,Bosnia and Herzegovina,BLR,BIH,2011,823,1292.046,Europe,Europe,Eastern Europe,Southern Europe
Poland,Macedonia (the former Yugoslav Republic of),POL,MKD,2011,3267,1141.357,Europe,Europe,Eastern Europe,Southern Europe
Ireland,Slovenia,IRL,SVN,2014,1866,1689.878,Europe,Europe,Northern Europe,Southern Europe
San Marino,Lithuania,SMR,LTU,2015,,1509.381,Europe,Europe,Southern Europe,Northern Europe
Russian Federation,United Kingdom of Great Britain and Northern Ireland,RUS,GBR,2016,474529,2510.88,Europe,Europe,Eastern Europe,Northern Europe
Greece,Albania,GRC,ALB,2015,847994,500.1241,Europe,Europe,Southern Europe,Southern Europe
Luxembourg,Belgium,LUX,BEL,2013,286095,187.8091,Europe,Europe,Western Europe,Western Europe
Netherlands,Iceland,NLD,ISL,2012,50917,2022.635,Europe,Europe,Western Europe,Northern Europe
Belarus,Greece,BLR,GRC,2013,2985,1787.387,Europe,Europe,Eastern Europe,Southern Europe
Moldova (Republic of),Portugal,MDA,PRT,2012,8047,3195.949,Europe,Europe,Eastern Europe,Southern Europe
Estonia,Czechia,EST,CZE,2013,26615,1227.457,Europe,Europe,Northern Europe,Eastern Europe
Lithuania,Bosnia and Herzegovina,LTU,BIH,2014,348,1302.017,Europe,Europe,Northern Europe,Southern Europe
Slovenia,Ireland,SVN,IRL,2014,1865,1689.878,Europe,Europe,Southern Europe,Northern Europe
Latvia,Estonia,LVA,EST,2011,1125901,277.1711,Europe,Europe,Northern Europe,Northern Europe
Bulgaria,Denmark,BGR,DNK,2014,38263,1639.385,Europe,Europe,Eastern Europe,Northern Europe
Portugal,Spain,PRT,ESP,2016,3716117,500.9223,Europe,Europe,Southern Europe,Southern Europe
Belgium,Latvia,BEL,LVA,2011,96069,1456.065,Europe,Europe,Western Europe,Northern Europe
Finland,Moldova (Republic of),FIN,MDA,2012,975,1482.904,Europe,Europe,Northern Europe,Eastern Europe
Netherlands,San Marino,NLD,SMR,2015,,1090.303,Europe,Europe,Western Europe,Southern Europe
Netherlands,Gibraltar,NLD,GIB,2016,157,1976.745,Europe,Europe,Western Europe,Southern Europe
Iceland,Slovakia,ISL,SVK,2012,12,2932.617,Europe,Europe,Northern Europe,Eastern Europe
Russian Federation,Sweden,RUS,SWE,2011,564142,1232.383,Europe,Europe,Eastern Europe,Northern Europe
Macedonia (the former Yugoslav Republic of),Switzerland,MKD,CHE,2014,118658,1240.798,Europe,Europe,Southern Europe,Western Europe
Italy,Slovenia,ITA,SVN,2011,590808,492.3427,Europe,Europe,Southern Europe,Southern Europe
Albania,Iceland,ALB,ISL,2013,39,3675.061,Europe,Europe,Southern Europe,Northern Europe
Netherlands,Macedonia (the former Yugoslav Republic of),NLD,MKD,2013,27288,1694.944,Europe,Europe,Western Europe,Southern Europe
Romania,Portugal,ROU,PRT,2015,85648,,Europe,Europe,Eastern Europe,Southern Europe
Romania,Slovenia,ROU,SVN,2012,41379,,Europe,Europe,Eastern Europe,Southern Europe
Ireland,Italy,IRL,ITA,2016,845362,1887.733,Europe,Europe,Northern Europe,Southern Europe
Gibraltar,Romania,GIB,ROU,2014,60,,Europe,Europe,Southern Europe,Eastern Europe
Romania,Gibraltar,ROU,GIB,2015,61,,Europe,Europe,Eastern Europe,Southern Europe
Bulgaria,Andorra,BGR,AND,2016,,1781.612,Europe,Europe,Eastern Europe,Southern Europe
Belgium,Andorra,BEL,AND,2015,,952.5,Europe,Europe,Western Europe,Southern Europe
Germany,Portugal,DEU,PRT,2013,1683890,1892.032,Europe,Europe,Western Europe,Southern Europe
Belarus,Iceland,BLR,ISL,2011,18,2965.109,Europe,Europe,Eastern Europe,Northern Europe
Poland,Malta,POL,MLT,2014,49021,1889.904,Europe,Europe,Eastern Europe,Southern Europe
Portugal,Lithuania,PRT,LTU,2011,6441,3123.619,Europe,Europe,Southern Europe,Northern Europe
Portugal,Czechia,PRT,CZE,2012,47483,2245.294,Europe,Europe,Southern Europe,Eastern Europe
Sweden,Hungary,SWE,HUN,2014,241685,1318.564,Europe,Europe,Northern Europe,Eastern Europe
Gibraltar,Sweden,GIB,SWE,2016,156,3086.185,Europe,Europe,Southern Europe,Northern Europe
Slovenia,Hungary,SVN,HUN,2012,68856,381.6249,Europe,Europe,Southern Europe,Eastern Europe
Sweden,Netherlands,SWE,NLD,2011,480309,1128.93,Europe,Europe,Northern Europe,Western Europe
United Kingdom of Great Britain and Northern Ireland,Romania,GBR,ROU,2012,379682,,Europe,Europe,Northern Europe,Eastern Europe
Greece,Luxembourg,GRC,LUX,2014,48035,1904.941,Europe,Europe,Southern Europe,Western Europe
Germany,Albania,DEU,ALB,2014,69700,1493.096,Europe,Europe,Western Europe,Southern Europe
Norway,Greece,NOR,GRC,2013,272187,2606.405,Europe,Europe,Northern Europe,Southern Europe
Poland,Belarus,POL,BLR,2013,3953126,469.7038,Europe,Europe,Eastern Europe,Eastern Europe
Hungary,Ukraine,HUN,UKR,2013,1071038,896.3701,Europe,Europe,Eastern Europe,Eastern Europe
Slovakia,Slovenia,SVK,SVN,2012,35403,308.8653,Europe,Europe,Eastern Europe,Southern Europe
Gibraltar,Slovenia,GIB,SVN,2013,2,1989.75,Europe,Europe,Southern Europe,Southern Europe
Latvia,Switzerland,LVA,CHE,2014,44306,1587.651,Europe,Europe,Northern Europe,Western Europe
Bosnia and Herzegovina,Ukraine,BIH,UKR,2014,3747,1166.276,Europe,Europe,Southern Europe,Eastern Europe
United Kingdom of Great Britain and Northern Ireland,Netherlands,GBR,NLD,2012,4809363,360.315,Europe,Europe,Northern Europe,Western Europe
Switzerland,Bosnia and Herzegovina,CHE,BIH,2011,29465,924.4724,Europe,Europe,Western Europe,Southern Europe
Belgium,France,BEL,FRA,2016,5340223,262.3845,Europe,Europe,Western Europe,Western Europe
Bosnia and Herzegovina,Ukraine,BIH,UKR,2012,780,1166.276,Europe,Europe,Southern Europe,Eastern Europe
Luxembourg,Gibraltar,LUX,GIB,2013,29,1763.693,Europe,Europe,Western Europe,Southern Europe
Macedonia (the former Yugoslav Republic of),Romania,MKD,ROU,2013,30339,,Europe,Europe,Southern Europe,Eastern Europe
Poland,Croatia,POL,HRV,2011,514702,805.9365,Europe,Europe,Eastern Europe,Southern Europe
Moldova (Republic of),Italy,MDA,ITA,2014,255110,1413.827,Europe,Europe,Eastern Europe,Southern Europe
Germany,Estonia,DEU,EST,2014,164567,1421.076,Europe,Europe,Western Europe,Northern Europe
Moldova (Republic of),Ireland,MDA,IRL,2014,7815,2569.662,Europe,Europe,Eastern Europe,Northern Europe
Netherlands,Italy,NLD,ITA,2011,2196678,1297.695,Europe,Europe,Western Europe,Southern Europe
Croatia,Latvia,HRV,LVA,2011,2097,1361.346,Europe,Europe,Southern Europe,Northern Europe
Romania,Malta,ROU,MLT,2016,22811,,Europe,Europe,Eastern Europe,Southern Europe
Bosnia and Herzegovina,Malta,BIH,MLT,2014,454,946.8785,Europe,Europe,Southern Europe,Southern Europe
Gibraltar,Romania,GIB,ROU,2011,50,,Europe,Europe,Southern Europe,Eastern Europe
France,Sweden,FRA,SWE,2012,898764,1545.797,Europe,Europe,Western Europe,Northern Europe
Portugal,Belgium,PRT,BEL,2015,780933,1711.396,Europe,Europe,Southern Europe,Western Europe
Albania,Macedonia (the former Yugoslav Republic of),ALB,MKD,2015,533618,155.9628,Europe,Europe,Southern Europe,Southern Europe
Andorra,Portugal,AND,PRT,2012,,990.3965,Europe,Europe,Southern Europe,Southern Europe
Portugal,Denmark,PRT,DNK,2013,168603,2478.47,Europe,Europe,Southern Europe,Northern Europe
Moldova (Republic of),Austria,MDA,AUT,2012,12505,944.1378,Europe,Europe,Eastern Europe,Western Europe
Bosnia and Herzegovina,Iceland,BIH,ISL,2013,67,3376.985,Europe,Europe,Southern Europe,Northern Europe
Estonia,Belgium,EST,BEL,2014,32372,1601.098,Europe,Europe,Northern Europe,Western Europe
Luxembourg,Bosnia and Herzegovina,LUX,BIH,2012,488,1131.459,Europe,Europe,Western Europe,Southern Europe
Luxembourg,Austria,LUX,AUT,2012,64461,762.4356,Europe,Europe,Western Europe,Western Europe
Malta,Macedonia (the former Yugoslav Republic of),MLT,MKD,2016,1528,905.4888,Europe,Europe,Southern Europe,Southern Europe
United Kingdom of Great Britain and Northern Ireland,Sweden,GBR,SWE,2012,1717703,1437.571,Europe,Europe,Northern Europe,Northern Europe
Finland,Lithuania,FIN,LTU,2014,58295,606.8758,Europe,Europe,Northern Europe,Northern Europe
Macedonia (the former Yugoslav Republic of),Belgium,MKD,BEL,2013,12816,1634.022,Europe,Europe,Southern Europe,Western Europe
Romania,Ireland,ROU,IRL,2013,23305,,Europe,Europe,Eastern Europe,Northern Europe
Hungary,Belgium,HUN,BEL,2011,208578,1129.979,Europe,Europe,Eastern Europe,Western Europe
Russian Federation,Belgium,RUS,BEL,2016,139267,2261.25,Europe,Europe,Eastern Europe,Western Europe
Andorra,Belgium,AND,BEL,2011,,952.5,Europe,Europe,Southern Europe,Western Europe
Switzerland,Belgium,CHE,BEL,2011,522946,487.4555,Europe,Europe,Western Europe,Western Europe
Gibraltar,Belgium,GIB,BEL,2014,107,1810.312,Europe,Europe,Southern Europe,Western Europe
Romania,Belgium,ROU,BEL,2011,119141,,Europe,Europe,Eastern Europe,Western Europe
Estonia,San Marino,EST,SMR,2012,,1911.032,Europe,Europe,Northern Europe,Southern Europe
Belarus,Spain,BLR,ESP,2011,11715,2762.7,Europe,Europe,Eastern Europe,Southern Europe
Switzerland,San Marino,CHE,SMR,2015,,516.8909,Europe,Europe,Western Europe,Southern Europe
Greece,Belgium,GRC,BEL,2014,638393,2089.225,Europe,Europe,Southern Europe,Western Europe
Macedonia (the former Yugoslav Republic of),Belgium,MKD,BEL,2016,32083,1634.022,Europe,Europe,Southern Europe,Western Europe
Latvia,France,LVA,FRA,2012,45746,1704.598,Europe,Europe,Northern Europe,Western Europe
United Kingdom of Great Britain and Northern Ireland,Ireland,GBR,IRL,2013,8019172,460.4115,Europe,Europe,Northern Europe,Northern Europe
Belgium,Malta,BEL,MLT,2015,71619,1851.035,Europe,Europe,Western Europe,Southern Europe
Bosnia and Herzegovina,Belgium,BIH,BEL,2011,5851,1311.355,Europe,Europe,Southern Europe,Western Europe
Finland,Romania,FIN,ROU,2013,8865,,Europe,Europe,Northern Europe,Eastern Europe
United Kingdom of Great Britain and Northern Ireland,Belgium,GBR,BEL,2014,2148003,323.7796,Europe,Europe,Northern Europe,Western Europe
Portugal,Romania,PRT,ROU,2014,94059,,Europe,Europe,Southern Europe,Eastern Europe
Luxembourg,Ukraine,LUX,UKR,2016,4106,1736.302,Europe,Europe,Western Europe,Eastern Europe
Ireland,Belgium,IRL,BEL,2014,339090,775.6281,Europe,Europe,Northern Europe,Western Europe
Latvia,Belgium,LVA,BEL,2012,76851,1456.065,Europe,Europe,Northern Europe,Western Europe
Russian Federation,Belgium,RUS,BEL,2011,126372,2261.25,Europe,Europe,Eastern Europe,Western Europe
Norway,Belgium,NOR,BEL,2016,126514,1087.773,Europe,Europe,Northern Europe,Western Europe
Hungary,Belgium,HUN,BEL,2014,294056,1129.979,Europe,Europe,Eastern Europe,Western Europe
Germany,Belgium,DEU,BEL,2011,2030879,196.8761,Europe,Europe,Western Europe,Western Europe
Spain,Belgium,ESP,BEL,2016,3822724,1316.64,Europe,Europe,Southern Europe,Western Europe
Sweden,Belgium,SWE,BEL,2014,229880,1283.716,Europe,Europe,Northern Europe,Western Europe
Romania,Bosnia and Herzegovina,ROU,BIH,2012,10829,,Europe,Europe,Eastern Europe,Southern Europe
Finland,Norway,FIN,NOR,2013,276599,791.2361,Europe,Europe,Northern Europe,Northern Europe
United Kingdom of Great Britain and Northern Ireland,Belgium,GBR,BEL,2015,2218613,323.7796,Europe,Europe,Northern Europe,Western Europe
Belgium,Finland,BEL,FIN,2015,130321,1651.582,Europe,Europe,Western Europe,Northern Europe
Germany,Belgium,DEU,BEL,2013,2111030,196.8761,Europe,Europe,Western Europe,Western Europe
San Marino,Belgium,SMR,BEL,2016,21495,980.1509,Europe,Europe,Southern Europe,Western Europe
Finland,Belgium,FIN,BEL,2015,130149,1651.582,Europe,Europe,Northern Europe,Western Europe
Lithuania,Belgium,LTU,BEL,2016,63588,1469.434,Europe,Europe,Northern Europe,Western Europe
Latvia,Belgium,LVA,BEL,2011,92129,1456.065,Europe,Europe,Northern Europe,Western Europe
Ukraine,Estonia,UKR,EST,2015,23257,1066.134,Europe,Europe,Eastern Europe,Northern Europe
Latvia,Belgium,LVA,BEL,2015,89147,1456.065,Europe,Europe,Northern Europe,Western Europe
Slovakia,Belgium,SVK,BEL,2015,46175,971.336,Europe,Europe,Eastern Europe,Western Europe
Slovenia,Portugal,SVN,PRT,2012,2814,2096.808,Europe,Europe,Southern Europe,Southern Europe
Estonia,Belgium,EST,BEL,2015,32518,1601.098,Europe,Europe,Northern Europe,Western Europe
Czechia,Belgium,CZE,BEL,2015,217408,718.4293,Europe,Europe,Eastern Europe,Western Europe
Romania,Belgium,ROU,BEL,2015,241425,,Europe,Europe,Eastern Europe,Western Europe
Belarus,Belgium,BLR,BEL,2011,4510,1601.903,Europe,Europe,Eastern Europe,Western Europe
Croatia,Albania,HRV,ALB,2012,3101,585.956,Europe,Europe,Southern Europe,Southern Europe
Macedonia (the former Yugoslav Republic of),Norway,MKD,NOR,2011,5469,2124.664,Europe,Europe,Southern Europe,Northern Europe
Finland,Bosnia and Herzegovina,FIN,BIH,2016,2078,1863.34,Europe,Europe,Northern Europe,Southern Europe
Estonia,Poland,EST,POL,2015,191728,831.0393,Europe,Europe,Northern Europe,Eastern Europe
Denmark,Switzerland,DNK,CHE,2016,438754,1033.508,Europe,Europe,Northern Europe,Western Europe
Iceland,Belgium,ISL,BEL,2015,23634,2133.168,Europe,Europe,Northern Europe,Western Europe
Estonia,Belgium,EST,BEL,2012,28933,1601.098,Europe,Europe,Northern Europe,Western Europe
Gibraltar,Romania,GIB,ROU,2016,224,,Europe,Europe,Southern Europe,Eastern Europe
Ukraine,San Marino,UKR,SMR,2015,3112,1535.241,Europe,Europe,Eastern Europe,Southern Europe
Albania,Belgium,ALB,BEL,2014,38199,1589.107,Europe,Europe,Southern Europe,Western Europe
Gibraltar,Spain,GIB,ESP,2014,95,497.6063,Europe,Europe,Southern Europe,Southern Europe
Malta,Bulgaria,MLT,BGR,2015,30457,1065.425,Europe,Europe,Southern Europe,Eastern Europe
Lithuania,Andorra,LTU,AND,2015,,2198.052,Europe,Europe,Northern Europe,Southern Europe
Austria,Malta,AUT,MLT,2014,53288,1379.07,Europe,Europe,Western Europe,Southern Europe
Luxembourg,Belgium,LUX,BEL,2011,269780,187.8091,Europe,Europe,Western Europe,Western Europe
Latvia,Norway,LVA,NOR,2016,212015,843.114,Europe,Europe,Northern Europe,Northern Europe
Italy,Belgium,ITA,BEL,2011,2104630,1174.904,Europe,Europe,Southern Europe,Western Europe
Czechia,Belgium,CZE,BEL,2014,154387,718.4293,Europe,Europe,Eastern Europe,Western Europe
Ukraine,Belgium,UKR,BEL,2014,39154,1837.307,Europe,Europe,Eastern Europe,Western Europe
Macedonia (the former Yugoslav Republic of),Finland,MKD,FIN,2016,2600,2032.59,Europe,Europe,Southern Europe,Northern Europe
Belarus,Czechia,BLR,CZE,2015,31185,986.366,Europe,Europe,Eastern Europe,Eastern Europe
Ireland,Hungary,IRL,HUN,2016,160569,1895.995,Europe,Europe,Northern Europe,Eastern Europe
Greece,Ukraine,GRC,UKR,2011,64123,1482.129,Europe,Europe,Southern Europe,Eastern Europe
Iceland,Belgium,ISL,BEL,2014,19509,2133.168,Europe,Europe,Northern Europe,Western Europe
Czechia,Norway,CZE,NOR,2016,146007,1117.156,Europe,Europe,Eastern Europe,Northern Europe
Macedonia (the former Yugoslav Republic of),Romania,MKD,ROU,2014,32683,,Europe,Europe,Southern Europe,Eastern Europe
Switzerland,Andorra,CHE,AND,2013,0,681.8435,Europe,Europe,Western Europe,Southern Europe
Estonia,United Kingdom of Great Britain and Northern Ireland,EST,GBR,2015,140193,1787.092,Europe,Europe,Northern Europe,Northern Europe
Ireland,France,IRL,FRA,2013,8169146,778.2031,Europe,Europe,Northern Europe,Western Europe
Belarus,Germany,BLR,DEU,2013,58882,1405.056,Europe,Europe,Eastern Europe,Western Europe
Finland,Ireland,FIN,IRL,2016,60162,2028.749,Europe,Europe,Northern Europe,Northern Europe
Italy,Bosnia and Herzegovina,ITA,BIH,2014,470150,531.7457,Europe,Europe,Southern Europe,Southern Europe
Croatia,Ukraine,HRV,UKR,2016,69464,1193.37,Europe,Europe,Southern Europe,Eastern Europe
Italy,San Marino,ITA,SMR,2014,,230.0196,Europe,Europe,Southern Europe,Southern Europe
Ukraine,Andorra,UKR,AND,2011,,2372.859,Europe,Europe,Eastern Europe,Southern Europe
Netherlands,Czechia,NLD,CZE,2012,285297,709.4576,Europe,Europe,Western Europe,Eastern Europe
Belgium,Portugal,BEL,PRT,2011,400816,1711.396,Europe,Europe,Western Europe,Southern Europe
Czechia,Bosnia and Herzegovina,CZE,BIH,2011,2643,757.0533,Europe,Europe,Eastern Europe,Southern Europe
Luxembourg,Slovenia,LUX,SVN,2014,3225,736.8185,Europe,Europe,Western Europe,Southern Europe
Andorra,San Marino,AND,SMR,2011,,905.0686,Europe,Europe,Southern Europe,Southern Europe
Italy,Portugal,ITA,PRT,2011,709891,1864.041,Europe,Europe,Southern Europe,Southern Europe
Croatia,Ukraine,HRV,UKR,2014,52028,1193.37,Europe,Europe,Southern Europe,Eastern Europe
Slovenia,Bulgaria,SVN,BGR,2016,57313,795.2473,Europe,Europe,Southern Europe,Eastern Europe
Macedonia (the former Yugoslav Republic of),Czechia,MKD,CZE,2013,2406,1051.492,Europe,Europe,Southern Europe,Eastern Europe
Malta,Albania,MLT,ALB,2016,1668,759.1236,Europe,Europe,Southern Europe,Southern Europe
Spain,Denmark,ESP,DNK,2012,1224179,2074.977,Europe,Europe,Southern Europe,Northern Europe
Gibraltar,San Marino,GIB,SMR,2014,,1746.044,Europe,Europe,Southern Europe,Southern Europe
Sweden,Czechia,SWE,CZE,2011,127010,1053.71,Europe,Europe,Northern Europe,Eastern Europe
Germany,San Marino,DEU,SMR,2012,,932.1286,Europe,Europe,Western Europe,Southern Europe
Lithuania,Iceland,LTU,ISL,2014,4259,2797.459,Europe,Europe,Northern Europe,Northern Europe
Croatia,Andorra,HRV,AND,2016,,1210.269,Europe,Europe,Southern Europe,Southern Europe
Finland,Czechia,FIN,CZE,2014,109819,1300.095,Europe,Europe,Northern Europe,Eastern Europe
Portugal,Slovakia,PRT,SVK,2015,332,2354.293,Europe,Europe,Southern Europe,Eastern Europe
Slovenia,Latvia,SVN,LVA,2011,1385,1378.849,Europe,Europe,Southern Europe,Northern Europe
Iceland,Ireland,ISL,IRL,2012,1208,1499.031,Europe,Europe,Northern Europe,Northern Europe
Bulgaria,Iceland,BGR,ISL,2015,894,3709.101,Europe,Europe,Eastern Europe,Northern Europe
Germany,Sweden,DEU,SWE,2011,2422725,1118.929,Europe,Europe,Western Europe,Northern Europe
Luxembourg,Croatia,LUX,HRV,2012,2544,847.312,Europe,Europe,Western Europe,Southern Europe
Ukraine,Romania,UKR,ROU,2013,1670846,,Europe,Europe,Eastern Europe,Eastern Europe
Greece,Andorra,GRC,AND,2014,,1947.636,Europe,Europe,Southern Europe,Southern Europe
Croatia,Portugal,HRV,PRT,2012,18168,2200.561,Europe,Europe,Southern Europe,Southern Europe
Malta,Belarus,MLT,BLR,2015,526,2236.243,Europe,Europe,Southern Europe,Eastern Europe
Malta,Latvia,MLT,LVA,2016,6089,2449.608,Europe,Europe,Southern Europe,Northern Europe
Bosnia and Herzegovina,Slovakia,BIH,SVK,2013,6348,488.4783,Europe,Europe,Southern Europe,Eastern Europe
Luxembourg,Latvia,LUX,LVA,2015,3860,1440.968,Europe,Europe,Western Europe,Northern Europe
United Kingdom of Great Britain and Northern Ireland,Italy,GBR,ITA,2015,8876647,1438.425,Europe,Europe,Northern Europe,Southern Europe
Moldova (Republic of),Macedonia (the former Yugoslav Republic of),MDA,MKD,2012,166,806.5962,Europe,Europe,Eastern Europe,Southern Europe
Spain,Macedonia (the former Yugoslav Republic of),ESP,MKD,2014,4644,2108.379,Europe,Europe,Southern Europe,Southern Europe
Greece,Portugal,GRC,PRT,2013,30563,2853.773,Europe,Europe,Southern Europe,Southern Europe
Romania,Hungary,ROU,HUN,2016,4336026,,Europe,Europe,Eastern Europe,Eastern Europe
Albania,Romania,ALB,ROU,2016,27166,,Europe,Europe,Southern Europe,Eastern Europe
France,Slovenia,FRA,SVN,2016,44539,965.7366,Europe,Europe,Western Europe,Southern Europe
Bulgaria,Greece,BGR,GRC,2016,3679862,520.6937,Europe,Europe,Eastern Europe,Southern Europe
Belarus,Austria,BLR,AUT,2015,26084,998.225,Europe,Europe,Eastern Europe,Western Europe
Bulgaria,Bosnia and Herzegovina,BGR,BIH,2012,44455,416.3402,Europe,Europe,Eastern Europe,Southern Europe
Bulgaria,Germany,BGR,DEU,2015,919789,1571.797,Europe,Europe,Eastern Europe,Western Europe
Albania,Malta,ALB,MLT,2013,94,759.1236,Europe,Europe,Southern Europe,Southern Europe
Latvia,Slovakia,LVA,SVK,2016,26008,1083.025,Europe,Europe,Northern Europe,Eastern Europe
Estonia,Belarus,EST,BLR,2015,3561,641.8873,Europe,Europe,Northern Europe,Eastern Europe
Ukraine,Norway,UKR,NOR,2014,30981,1630.325,Europe,Europe,Eastern Europe,Northern Europe
Ukraine,Portugal,UKR,PRT,2011,33177,3351.661,Europe,Europe,Eastern Europe,Southern Europe
Slovenia,Austria,SVN,AUT,2016,462860,277.8844,Europe,Europe,Southern Europe,Western Europe
Lithuania,Slovakia,LTU,SVK,2015,21087,918.5131,Europe,Europe,Northern Europe,Eastern Europe
Portugal,Bulgaria,PRT,BGR,2016,28149,2754.19,Europe,Europe,Southern Europe,Eastern Europe
Netherlands,Italy,NLD,ITA,2014,2358711,1297.695,Europe,Europe,Western Europe,Southern Europe
Norway,Austria,NOR,AUT,2012,135396,1351.699,Europe,Europe,Northern Europe,Western Europe
Andorra,Macedonia (the former Yugoslav Republic of),AND,MKD,2014,,1642.107,Europe,Europe,Southern Europe,Southern Europe
Italy,Albania,ITA,ALB,2014,817228,611.7626,Europe,Europe,Southern Europe,Southern Europe
Italy,Poland,ITA,POL,2011,1497758,1319.479,Europe,Europe,Southern Europe,Eastern Europe
Italy,Latvia,ITA,LVA,2011,136104,1869.574,Europe,Europe,Southern Europe,Northern Europe
Netherlands,Ukraine,NLD,UKR,2014,60387,1781.716,Europe,Europe,Western Europe,Eastern Europe
Norway,Iceland,NOR,ISL,2011,111413,1749.596,Europe,Europe,Northern Europe,Northern Europe
Belgium,Austria,BEL,AUT,2014,560148,914.4633,Europe,Europe,Western Europe,Western Europe
Croatia,Austria,HRV,AUT,2014,1131090,270.6798,Europe,Europe,Southern Europe,Western Europe
Albania,Austria,ALB,AUT,2015,27273,812.9326,Europe,Europe,Southern Europe,Western Europe
Germany,Latvia,DEU,LVA,2015,399395,1265.433,Europe,Europe,Western Europe,Northern Europe
Czechia,France,CZE,FRA,2013,591504,884.6105,Europe,Europe,Eastern Europe,Western Europe
Luxembourg,United Kingdom of Great Britain and Northern Ireland,LUX,GBR,2015,298212,494.0174,Europe,Europe,Western Europe,Northern Europe
Ireland,Spain,IRL,ESP,2013,2071947,1450.236,Europe,Europe,Northern Europe,Southern Europe
Malta,Estonia,MLT,EST,2014,2874,2719.935,Europe,Europe,Southern Europe,Northern Europe
Belarus,Moldova (Republic of),BLR,MDA,2013,1499,768.2014,Europe,Europe,Eastern Europe,Eastern Europe
Bulgaria,Andorra,BGR,AND,2011,,1781.612,Europe,Europe,Eastern Europe,Southern Europe
Portugal,Austria,PRT,AUT,2012,117071,2299.266,Europe,Europe,Southern Europe,Western Europe
Italy,Austria,ITA,AUT,2011,4292171,767.4132,Europe,Europe,Southern Europe,Western Europe
Malta,Austria,MLT,AUT,2012,41765,1379.07,Europe,Europe,Southern Europe,Western Europe
Italy,Austria,ITA,AUT,2015,4539950,767.4132,Europe,Europe,Southern Europe,Western Europe
Moldova (Republic of),Belarus,MDA,BLR,2012,1207,768.2014,Europe,Europe,Eastern Europe,Eastern Europe
Poland,Austria,POL,AUT,2015,903921,556.8245,Europe,Europe,Eastern Europe,Western Europe
Ireland,San Marino,IRL,SMR,2015,,1720.421,Europe,Europe,Northern Europe,Southern Europe
Macedonia (the former Yugoslav Republic of),Austria,MKD,AUT,2014,23802,799.0887,Europe,Europe,Southern Europe,Western Europe
Iceland,Austria,ISL,AUT,2015,13565,2891.521,Europe,Europe,Northern Europe,Western Europe
Russian Federation,Moldova (Republic of),RUS,MDA,2016,619197,1150.314,Europe,Europe,Eastern Europe,Eastern Europe
Bosnia and Herzegovina,Greece,BIH,GRC,2016,2019,790.14,Europe,Europe,Southern Europe,Southern Europe
France,Austria,FRA,AUT,2012,1561150,1035.144,Europe,Europe,Western Europe,Western Europe
Czechia,Austria,CZE,AUT,2015,981097,252.4479,Europe,Europe,Eastern Europe,Western Europe
Ukraine,Austria,UKR,AUT,2015,114182,1052.484,Europe,Europe,Eastern Europe,Western Europe
France,Latvia,FRA,LVA,2015,75338,1704.598,Europe,Europe,Western Europe,Northern Europe
Sweden,Switzerland,SWE,CHE,2013,332452,1546.508,Europe,Europe,Northern Europe,Western Europe
Moldova (Republic of),Austria,MDA,AUT,2015,22982,944.1378,Europe,Europe,Eastern Europe,Western Europe
Spain,Austria,ESP,AUT,2015,1052578,1811.999,Europe,Europe,Southern Europe,Western Europe
Germany,Croatia,DEU,HRV,2014,2060268,912.2662,Europe,Europe,Western Europe,Southern Europe
Bulgaria,Moldova (Republic of),BGR,MDA,2015,226806,650.3213,Europe,Europe,Eastern Europe,Eastern Europe
Lithuania,Austria,LTU,AUT,2015,40718,948.9832,Europe,Europe,Northern Europe,Western Europe
Andorra,Russian Federation,AND,RUS,2016,,2973.003,Europe,Europe,Southern Europe,Eastern Europe
San Marino,Austria,SMR,AUT,2015,,561.1404,Europe,Europe,Southern Europe,Western Europe
Austria,Estonia,AUT,EST,2014,29645,1360.358,Europe,Europe,Western Europe,Northern Europe
Bosnia and Herzegovina,Estonia,BIH,EST,2013,229,1782.909,Europe,Europe,Southern Europe,Northern Europe
Greece,United Kingdom of Great Britain and Northern Ireland,GRC,GBR,2013,2027333,2394.85,Europe,Europe,Southern Europe,Northern Europe
Slovakia,Denmark,SVK,DNK,2015,2633,891.5908,Europe,Europe,Eastern Europe,Northern Europe
Bulgaria,Austria,BGR,AUT,2012,253480,820.7289,Europe,Europe,Eastern Europe,Western Europe
Romania,Sweden,ROU,SWE,2012,21768,,Europe,Europe,Eastern Europe,Northern Europe
Spain,Austria,ESP,AUT,2012,982006,1811.999,Europe,Europe,Southern Europe,Western Europe
United Kingdom of Great Britain and Northern Ireland,Switzerland,GBR,CHE,2011,3980428,748.7117,Europe,Europe,Northern Europe,Western Europe
Latvia,Austria,LVA,AUT,2012,42900,1102.181,Europe,Europe,Northern Europe,Western Europe
Germany,United Kingdom of Great Britain and Northern Ireland,DEU,GBR,2015,9582709,495.3633,Europe,Europe,Western Europe,Northern Europe
Bulgaria,Austria,BGR,AUT,2014,285681,820.7289,Europe,Europe,Eastern Europe,Western Europe
Gibraltar,Croatia,GIB,HRV,2012,51,2079.915,Europe,Europe,Southern Europe,Southern Europe
Italy,Ireland,ITA,IRL,2015,830860,1887.733,Europe,Europe,Southern Europe,Northern Europe
Latvia,Austria,LVA,AUT,2013,43764,1102.181,Europe,Europe,Northern Europe,Western Europe
Romania,Austria,ROU,AUT,2012,483403,,Europe,Europe,Eastern Europe,Western Europe
Iceland,Austria,ISL,AUT,2011,7036,2891.521,Europe,Europe,Northern Europe,Western Europe
Albania,Austria,ALB,AUT,2013,27062,812.9326,Europe,Europe,Southern Europe,Western Europe
Latvia,Portugal,LVA,PRT,2012,6686,3152.139,Europe,Europe,Northern Europe,Southern Europe
Moldova (Republic of),Austria,MDA,AUT,2013,12490,944.1378,Europe,Europe,Eastern Europe,Western Europe
Bulgaria,Iceland,BGR,ISL,2016,1830,3709.101,Europe,Europe,Eastern Europe,Northern Europe
Moldova (Republic of),Slovenia,MDA,SVN,2013,437,1100.799,Europe,Europe,Eastern Europe,Southern Europe
United Kingdom of Great Britain and Northern Ireland,Bosnia and Herzegovina,GBR,BIH,2013,11014,1625.285,Europe,Europe,Northern Europe,Southern Europe
Gibraltar,Austria,GIB,AUT,2011,57,2226.795,Europe,Europe,Southern Europe,Western Europe
Austria,United Kingdom of Great Britain and Northern Ireland,AUT,GBR,2013,1049117,1238.199,Europe,Europe,Western Europe,Northern Europe
Slovakia,Luxembourg,SVK,LUX,2011,1355,821.1423,Europe,Europe,Eastern Europe,Western Europe
Malta,Portugal,MLT,PRT,2013,4090,2112.431,Europe,Europe,Southern Europe,Southern Europe
Luxembourg,Lithuania,LUX,LTU,2016,3171,1420.353,Europe,Europe,Western Europe,Northern Europe
Hungary,Austria,HUN,AUT,2016,1583825,215.6626,Europe,Europe,Eastern Europe,Western Europe
Andorra,Austria,AND,AUT,2012,,1322.201,Europe,Europe,Southern Europe,Western Europe
Albania,Netherlands,ALB,NLD,2016,18701,1664.815,Europe,Europe,Southern Europe,Western Europe
Slovenia,Austria,SVN,AUT,2013,372554,277.8844,Europe,Europe,Southern Europe,Western Europe
Romania,France,ROU,FRA,2016,349657,,Europe,Europe,Eastern Europe,Western Europe
Slovakia,Sweden,SVK,SWE,2012,889,1244.273,Europe,Europe,Eastern Europe,Northern Europe
Latvia,Poland,LVA,POL,2015,944112,559.8441,Europe,Europe,Northern Europe,Eastern Europe
Malta,Austria,MLT,AUT,2013,43110,1379.07,Europe,Europe,Southern Europe,Western Europe
Sweden,Denmark,SWE,DNK,2013,4781608,523.7871,Europe,Europe,Northern Europe,Northern Europe
Belgium,Moldova (Republic of),BEL,MDA,2013,3986,1831.669,Europe,Europe,Western Europe,Eastern Europe
Finland,Croatia,FIN,HRV,2013,72626,1702.673,Europe,Europe,Northern Europe,Southern Europe
Norway,Spain,NOR,ESP,2012,1372419,2390.782,Europe,Europe,Northern Europe,Southern Europe
Iceland,Norway,ISL,NOR,2016,217246,1749.596,Europe,Europe,Northern Europe,Northern Europe
Luxembourg,Spain,LUX,ESP,2015,270117,1281.233,Europe,Europe,Western Europe,Southern Europe
Norway,Belgium,NOR,BEL,2015,121274,1087.773,Europe,Europe,Northern Europe,Western Europe
Italy,Andorra,ITA,AND,2013,0,909.03,Europe,Europe,Southern Europe,Southern Europe
Ukraine,Macedonia (the former Yugoslav Republic of),UKR,MKD,2014,7142,1165.076,Europe,Europe,Eastern Europe,Southern Europe
Gibraltar,Netherlands,GIB,NLD,2013,154,1976.745,Europe,Europe,Southern Europe,Western Europe
Sweden,Czechia,SWE,CZE,2015,172479,1053.71,Europe,Europe,Northern Europe,Eastern Europe
Finland,Iceland,FIN,ISL,2014,40220,2424.555,Europe,Europe,Northern Europe,Northern Europe
Croatia,Malta,HRV,MLT,2011,3705,1108.396,Europe,Europe,Southern Europe,Southern Europe
Malta,Latvia,MLT,LVA,2015,6241,2449.608,Europe,Europe,Southern Europe,Northern Europe
Switzerland,Finland,CHE,FIN,2014,174043,1859.36,Europe,Europe,Western Europe,Northern Europe
Romania,Estonia,ROU,EST,2015,9665,,Europe,Europe,Eastern Europe,Northern Europe
Norway,Ireland,NOR,IRL,2014,82695,1267.015,Europe,Europe,Northern Europe,Northern Europe
Macedonia (the former Yugoslav Republic of),Belgium,MKD,BEL,2015,35112,1634.022,Europe,Europe,Southern Europe,Western Europe
Gibraltar,Switzerland,GIB,CHE,2015,142,1603.114,Europe,Europe,Southern Europe,Western Europe
Albania,Latvia,ALB,LVA,2013,250,1765.015,Europe,Europe,Southern Europe,Northern Europe
Belgium,Ireland,BEL,IRL,2012,313631,775.6281,Europe,Europe,Western Europe,Northern Europe
Bulgaria,Greece,BGR,GRC,2014,2635354,520.6937,Europe,Europe,Eastern Europe,Southern Europe
Portugal,Switzerland,PRT,CHE,2015,1212627,1626.974,Europe,Europe,Southern Europe,Western Europe
Moldova (Republic of),United Kingdom of Great Britain and Northern Ireland,MDA,GBR,2013,14944,2150.279,Europe,Europe,Eastern Europe,Northern Europe
Belarus,Estonia,BLR,EST,2015,3714,641.8873,Europe,Europe,Eastern Europe,Northern Europe
Belgium,Estonia,BEL,EST,2016,33004,1601.098,Europe,Europe,Western Europe,Northern Europe
Albania,Malta,ALB,MLT,2015,1182,759.1236,Europe,Europe,Southern Europe,Southern Europe
Bosnia and Herzegovina,Andorra,BIH,AND,2015,,1380.175,Europe,Europe,Southern Europe,Southern Europe
Croatia,San Marino,HRV,SMR,2015,,342.8565,Europe,Europe,Southern Europe,Southern Europe
Bulgaria,Ukraine,BGR,UKR,2015,342958,1022.553,Europe,Europe,Eastern Europe,Eastern Europe
Moldova (Republic of),Croatia,MDA,HRV,2016,1028,995.402,Europe,Europe,Eastern Europe,Southern Europe
Czechia,Latvia,CZE,LVA,2011,52243,993.2449,Europe,Europe,Eastern Europe,Northern Europe
Portugal,Czechia,PRT,CZE,2011,46899,2245.294,Europe,Europe,Southern Europe,Eastern Europe
Latvia,Iceland,LVA,ISL,2011,1405,2579.342,Europe,Europe,Northern Europe,Northern Europe
Belarus,Poland,BLR,POL,2016,3520992,469.7038,Europe,Europe,Eastern Europe,Eastern Europe
Spain,Belgium,ESP,BEL,2012,2628905,1316.64,Europe,Europe,Southern Europe,Western Europe
San Marino,Moldova (Republic of),SMR,MDA,2011,141,1317.19,Europe,Europe,Southern Europe,Eastern Europe
Macedonia (the former Yugoslav Republic of),Croatia,MKD,HRV,2011,39234,610.8091,Europe,Europe,Southern Europe,Southern Europe
Ukraine,Luxembourg,UKR,LUX,2014,2743,1736.302,Europe,Europe,Eastern Europe,Western Europe
Belarus,Latvia,BLR,LVA,2013,195736,406.3581,Europe,Europe,Eastern Europe,Northern Europe
Belarus,Iceland,BLR,ISL,2015,69,2965.109,Europe,Europe,Eastern Europe,Northern Europe
Bulgaria,Switzerland,BGR,CHE,2011,51747,1337.572,Europe,Europe,Eastern Europe,Western Europe
Albania,Spain,ALB,ESP,2011,9995,1977.061,Europe,Europe,Southern Europe,Southern Europe
Belgium,Italy,BEL,ITA,2015,2302541,1174.904,Europe,Europe,Western Europe,Southern Europe
Sweden,Netherlands,SWE,NLD,2015,403641,1128.93,Europe,Europe,Northern Europe,Western Europe
Norway,Belgium,NOR,BEL,2014,119490,1087.773,Europe,Europe,Northern Europe,Western Europe
Andorra,Poland,AND,POL,2012,,1817.341,Europe,Europe,Southern Europe,Eastern Europe
Greece,Belgium,GRC,BEL,2011,465335,2089.225,Europe,Europe,Southern Europe,Western Europe
Germany,San Marino,DEU,SMR,2015,,932.1286,Europe,Europe,Western Europe,Southern Europe
France,Russian Federation,FRA,RUS,2013,898776,2494.316,Europe,Europe,Western Europe,Eastern Europe
Croatia,Italy,HRV,ITA,2012,1323539,517.0557,Europe,Europe,Southern Europe,Southern Europe
Czechia,United Kingdom of Great Britain and Northern Ireland,CZE,GBR,2016,1415080,1036.988,Europe,Europe,Eastern Europe,Northern Europe
Switzerland,Malta,CHE,MLT,2016,88764,1363.745,Europe,Europe,Western Europe,Southern Europe
Sweden,Austria,SWE,AUT,2015,244944,1242.31,Europe,Europe,Northern Europe,Western Europe
United Kingdom of Great Britain and Northern Ireland,Russian Federation,GBR,RUS,2011,557006,2510.88,Europe,Europe,Northern Europe,Eastern Europe
Macedonia (the former Yugoslav Republic of),Iceland,MKD,ISL,2013,30,3686.858,Europe,Europe,Southern Europe,Northern Europe
Norway,Andorra,NOR,AND,2012,,2038.357,Europe,Europe,Northern Europe,Southern Europe
Andorra,Luxembourg,AND,LUX,2014,,867.6033,Europe,Europe,Southern Europe,Western Europe
United Kingdom of Great Britain and Northern Ireland,Malta,GBR,MLT,2013,701947,2092.273,Europe,Europe,Northern Europe,Southern Europe
Spain,Croatia,ESP,HRV,2014,138123,1702.46,Europe,Europe,Southern Europe,Southern Europe
Ireland,Hungary,IRL,HUN,2014,130610,1895.995,Europe,Europe,Northern Europe,Eastern Europe
Gibraltar,Belarus,GIB,BLR,2013,2,3204.334,Europe,Europe,Southern Europe,Eastern Europe
Sweden,Denmark,SWE,DNK,2016,1175375,523.7871,Europe,Europe,Northern Europe,Northern Europe
Switzerland,Greece,CHE,GRC,2011,373496,1662.651,Europe,Europe,Western Europe,Southern Europe
Gibraltar,Austria,GIB,AUT,2016,86,2226.795,Europe,Europe,Southern Europe,Western Europe
Albania,Iceland,ALB,ISL,2015,97,3675.061,Europe,Europe,Southern Europe,Northern Europe
Lithuania,Macedonia (the former Yugoslav Republic of),LTU,MKD,2013,339,1439.533,Europe,Europe,Northern Europe,Southern Europe
Andorra,Slovenia,AND,SVN,2014,,1107.667,Europe,Europe,Southern Europe,Southern Europe
Hungary,Gibraltar,HUN,GIB,2012,7,2371.369,Europe,Europe,Eastern Europe,Southern Europe
Malta,Belgium,MLT,BEL,2015,71218,1851.035,Europe,Europe,Southern Europe,Western Europe
Hungary,Austria,HUN,AUT,2015,1630628,215.6626,Europe,Europe,Eastern Europe,Western Europe
Germany,Croatia,DEU,HRV,2013,1986313,912.2662,Europe,Europe,Western Europe,Southern Europe
Lithuania,Finland,LTU,FIN,2013,63584,606.8758,Europe,Europe,Northern Europe,Northern Europe
Portugal,Iceland,PRT,ISL,2012,1238,2952.572,Europe,Europe,Southern Europe,Northern Europe
Latvia,Bulgaria,LVA,BGR,2012,8519,1590.733,Europe,Europe,Northern Europe,Eastern Europe
Iceland,Bosnia and Herzegovina,ISL,BIH,2011,20,3376.985,Europe,Europe,Northern Europe,Southern Europe
France,Gibraltar,FRA,GIB,2012,175,1549.175,Europe,Europe,Western Europe,Southern Europe
Czechia,Andorra,CZE,AND,2016,,1302.353,Europe,Europe,Eastern Europe,Southern Europe
Luxembourg,Bulgaria,LUX,BGR,2016,18848,1526.197,Europe,Europe,Western Europe,Eastern Europe
Andorra,Slovakia,AND,SVK,2013,,1374.983,Europe,Europe,Southern Europe,Eastern Europe
Andorra,Bosnia and Herzegovina,AND,BIH,2012,,1380.175,Europe,Europe,Southern Europe,Southern Europe
Norway,Iceland,NOR,ISL,2016,200769,1749.596,Europe,Europe,Northern Europe,Northern Europe
Slovakia,France,SVK,FRA,2015,28049,1094.61,Europe,Europe,Eastern Europe,Western Europe
Slovakia,San Marino,SVK,SMR,2015,,591.9698,Europe,Europe,Eastern Europe,Southern Europe
Bosnia and Herzegovina,San Marino,BIH,SMR,2013,,476.5566,Europe,Europe,Southern Europe,Southern Europe
Netherlands,Luxembourg,NLD,LUX,2014,27054,318.3489,Europe,Europe,Western Europe,Western Europe
Bulgaria,Slovakia,BGR,SVK,2015,83648,776.8502,Europe,Europe,Eastern Europe,Eastern Europe
Latvia,Luxembourg,LVA,LUX,2016,3908,1440.968,Europe,Europe,Northern Europe,Western Europe
Moldova (Republic of),Romania,MDA,ROU,2014,1280108,,Europe,Europe,Eastern Europe,Eastern Europe
Albania,Norway,ALB,NOR,2012,2421,2160.437,Europe,Europe,Southern Europe,Northern Europe
Russian Federation,San Marino,RUS,SMR,2016,82123,2215.114,Europe,Europe,Eastern Europe,Southern Europe
Czechia,Slovakia,CZE,SVK,2014,929249,293.086,Europe,Europe,Eastern Europe,Eastern Europe
Latvia,Hungary,LVA,HUN,2013,9339,1105.945,Europe,Europe,Northern Europe,Eastern Europe
Malta,Luxembourg,MLT,LUX,2011,2680,1669.155,Europe,Europe,Southern Europe,Western Europe
Poland,Netherlands,POL,NLD,2016,627704,1093.599,Europe,Europe,Eastern Europe,Western Europe
Denmark,Russian Federation,DNK,RUS,2015,93380,1566.362,Europe,Europe,Northern Europe,Eastern Europe
Bulgaria,Portugal,BGR,PRT,2012,15798,2754.19,Europe,Europe,Eastern Europe,Southern Europe
Portugal,Estonia,PRT,EST,2013,7676,3311.847,Europe,Europe,Southern Europe,Northern Europe
Estonia,Sweden,EST,SWE,2015,105742,377.9402,Europe,Europe,Northern Europe,Northern Europe
Switzerland,France,CHE,FRA,2011,2126956,436.0778,Europe,Europe,Western Europe,Western Europe
Norway,Finland,NOR,FIN,2011,273630,791.2361,Europe,Europe,Northern Europe,Northern Europe
San Marino,Slovakia,SMR,SVK,2015,,591.9698,Europe,Europe,Southern Europe,Eastern Europe
Switzerland,Belgium,CHE,BEL,2014,562586,487.4555,Europe,Europe,Western Europe,Western Europe
Russian Federation,Greece,RUS,GRC,2011,786617,2233.583,Europe,Europe,Eastern Europe,Southern Europe
Denmark,United Kingdom of Great Britain and Northern Ireland,DNK,GBR,2013,1888286,959.5936,Europe,Europe,Northern Europe,Northern Europe
Estonia,Denmark,EST,DNK,2015,49140,836.2802,Europe,Europe,Northern Europe,Northern Europe
Bosnia and Herzegovina,Italy,BIH,ITA,2013,662086,531.7457,Europe,Europe,Southern Europe,Southern Europe
Switzerland,Luxembourg,CHE,LUX,2011,64756,309.8716,Europe,Europe,Western Europe,Western Europe
Lithuania,Slovenia,LTU,SVN,2013,6460,1225.651,Europe,Europe,Northern Europe,Southern Europe
Hungary,Bulgaria,HUN,BGR,2016,510211,632.9641,Europe,Europe,Eastern Europe,Eastern Europe
Netherlands,Moldova (Republic of),NLD,MDA,2011,4118,1813.739,Europe,Europe,Western Europe,Eastern Europe
Finland,Slovakia,FIN,SVK,2012,618,1424.061,Europe,Europe,Northern Europe,Eastern Europe
Andorra,Norway,AND,NOR,2012,,2038.357,Europe,Europe,Southern Europe,Northern Europe
Croatia,Belarus,HRV,BLR,2015,14476,1217.08,Europe,Europe,Southern Europe,Eastern Europe
Spain,Ukraine,ESP,UKR,2014,184275,2863.877,Europe,Europe,Southern Europe,Eastern Europe
Ukraine,Norway,UKR,NOR,2016,25834,1630.325,Europe,Europe,Eastern Europe,Northern Europe
Estonia,Belarus,EST,BLR,2016,2881,641.8873,Europe,Europe,Northern Europe,Eastern Europe
Iceland,Switzerland,ISL,CHE,2013,23168,2617.349,Europe,Europe,Northern Europe,Western Europe
Belarus,Gibraltar,BLR,GIB,2015,5,3204.334,Europe,Europe,Eastern Europe,Southern Europe
Malta,Czechia,MLT,CZE,2011,10145,1580.469,Europe,Europe,Southern Europe,Eastern Europe
Norway,Croatia,NOR,HRV,2014,151296,1608.583,Europe,Europe,Northern Europe,Southern Europe
Latvia,Macedonia (the former Yugoslav Republic of),LVA,MKD,2016,1045,1674.47,Europe,Europe,Northern Europe,Southern Europe
Lithuania,United Kingdom of Great Britain and Northern Ireland,LTU,GBR,2016,742653,1729.554,Europe,Europe,Northern Europe,Northern Europe
Czechia,Romania,CZE,ROU,2013,156107,,Europe,Europe,Eastern Europe,Eastern Europe
Denmark,Norway,DNK,NOR,2013,1903637,485.3148,Europe,Europe,Northern Europe,Northern Europe
United Kingdom of Great Britain and Northern Ireland,Austria,GBR,AUT,2012,1008672,1238.199,Europe,Europe,Northern Europe,Western Europe
Belgium,Poland,BEL,POL,2013,371309,1160.644,Europe,Europe,Western Europe,Eastern Europe
France,Lithuania,FRA,LTU,2015,106351,1700.296,Europe,Europe,Western Europe,Northern Europe
Poland,Moldova (Republic of),POL,MDA,2013,40823,811.762,Europe,Europe,Eastern Europe,Eastern Europe
Russian Federation,Denmark,RUS,DNK,2012,110426,1566.362,Europe,Europe,Eastern Europe,Northern Europe
Malta,Slovenia,MLT,SVN,2014,8359,1131.545,Europe,Europe,Southern Europe,Southern Europe
Moldova (Republic of),Andorra,MDA,AND,2011,,2205.669,Europe,Europe,Eastern Europe,Southern Europe
Iceland,Hungary,ISL,HUN,2012,869,3077.932,Europe,Europe,Northern Europe,Eastern Europe
Czechia,Finland,CZE,FIN,2016,164713,1300.095,Europe,Europe,Eastern Europe,Northern Europe
Belarus,Greece,BLR,GRC,2011,2742,1787.387,Europe,Europe,Eastern Europe,Southern Europe
Norway,Luxembourg,NOR,LUX,2012,6726,1184.92,Europe,Europe,Northern Europe,Western Europe
Italy,Luxembourg,ITA,LUX,2014,209373,989.5763,Europe,Europe,Southern Europe,Western Europe
Malta,Estonia,MLT,EST,2013,2361,2719.935,Europe,Europe,Southern Europe,Northern Europe
Slovakia,Belarus,SVK,BLR,2014,20503,959.4427,Europe,Europe,Eastern Europe,Eastern Europe
Belarus,Bosnia and Herzegovina,BLR,BIH,2013,108,1292.046,Europe,Europe,Eastern Europe,Southern Europe
Finland,Hungary,FIN,HUN,2016,138076,1457.984,Europe,Europe,Northern Europe,Eastern Europe
Finland,Malta,FIN,MLT,2014,12275,2799.607,Europe,Europe,Northern Europe,Southern Europe
Malta,Germany,MLT,DEU,2013,270207,1833.687,Europe,Europe,Southern Europe,Western Europe
Bosnia and Herzegovina,Slovenia,BIH,SVN,2015,83434,394.7473,Europe,Europe,Southern Europe,Southern Europe
Greece,Portugal,GRC,PRT,2011,53299,2853.773,Europe,Europe,Southern Europe,Southern Europe
Belarus,Russian Federation,BLR,RUS,2016,686487,686.9657,Europe,Europe,Eastern Europe,Eastern Europe
Macedonia (the former Yugoslav Republic of),Denmark,MKD,DNK,2015,9698,1651.324,Europe,Europe,Southern Europe,Northern Europe
San Marino,Iceland,SMR,ISL,2013,,3109.966,Europe,Europe,Southern Europe,Northern Europe
Albania,Czechia,ALB,CZE,2013,4948,1060.922,Europe,Europe,Southern Europe,Eastern Europe
Denmark,Germany,DNK,DEU,2012,3589536,595.8536,Europe,Europe,Northern Europe,Western Europe
Bulgaria,Belgium,BGR,BEL,2016,163454,1699.686,Europe,Europe,Eastern Europe,Western Europe
Slovenia,Gibraltar,SVN,GIB,2013,1,1989.75,Europe,Europe,Southern Europe,Southern Europe
Belarus,Romania,BLR,ROU,2015,39420,,Europe,Europe,Eastern Europe,Eastern Europe
Bulgaria,Italy,BGR,ITA,2016,447933,893.0574,Europe,Europe,Eastern Europe,Southern Europe
France,Moldova (Republic of),FRA,MDA,2014,25581,1976.854,Europe,Europe,Western Europe,Eastern Europe
Belarus,Sweden,BLR,SWE,2011,12098,838.4113,Europe,Europe,Eastern Europe,Northern Europe
Bosnia and Herzegovina,Gibraltar,BIH,GIB,2015,0,2192.861,Europe,Europe,Southern Europe,Southern Europe
Romania,Norway,ROU,NOR,2011,19990,,Europe,Europe,Eastern Europe,Northern Europe
Luxembourg,Ukraine,LUX,UKR,2011,2951,1736.302,Europe,Europe,Western Europe,Eastern Europe
Poland,Moldova (Republic of),POL,MDA,2012,40505,811.762,Europe,Europe,Eastern Europe,Eastern Europe
Italy,Belarus,ITA,BLR,2011,67757,1732.921,Europe,Europe,Southern Europe,Eastern Europe
Greece,Austria,GRC,AUT,2016,513545,1283.6,Europe,Europe,Southern Europe,Western Europe
Latvia,Norway,LVA,NOR,2013,208391,843.114,Europe,Europe,Northern Europe,Northern Europe
Austria,Slovenia,AUT,SVN,2012,362790,277.8844,Europe,Europe,Western Europe,Southern Europe
Czechia,San Marino,CZE,SMR,2016,,700.1221,Europe,Europe,Eastern Europe,Southern Europe
Finland,Gibraltar,FIN,GIB,2014,76,3434.65,Europe,Europe,Northern Europe,Southern Europe
Italy,Estonia,ITA,EST,2013,59293,2126.436,Europe,Europe,Southern Europe,Northern Europe
Romania,Ukraine,ROU,UKR,2012,1530826,,Europe,Europe,Eastern Europe,Eastern Europe
Czechia,Luxembourg,CZE,LUX,2011,12656,596.739,Europe,Europe,Eastern Europe,Western Europe
Italy,Lithuania,ITA,LTU,2015,214422,1706.051,Europe,Europe,Southern Europe,Northern Europe
Sweden,San Marino,SWE,SMR,2013,,1753.689,Europe,Europe,Northern Europe,Southern Europe
Gibraltar,Bosnia and Herzegovina,GIB,BIH,2012,0,2192.861,Europe,Europe,Southern Europe,Southern Europe
Belarus,Luxembourg,BLR,LUX,2016,548,1539.179,Europe,Europe,Eastern Europe,Western Europe
Lithuania,Romania,LTU,ROU,2016,24228,,Europe,Europe,Northern Europe,Eastern Europe
Belgium,Iceland,BEL,ISL,2014,19219,2133.168,Europe,Europe,Western Europe,Northern Europe
Czechia,Albania,CZE,ALB,2014,3107,1060.922,Europe,Europe,Eastern Europe,Southern Europe
Russian Federation,Albania,RUS,ALB,2013,17817,2063.678,Europe,Europe,Eastern Europe,Southern Europe
Andorra,Malta,AND,MLT,2011,,1340.487,Europe,Europe,Southern Europe,Southern Europe
Belgium,Luxembourg,BEL,LUX,2012,287136,187.8091,Europe,Europe,Western Europe,Western Europe
Malta,Sweden,MLT,SWE,2016,69624,2620.794,Europe,Europe,Southern Europe,Northern Europe
Ireland,Gibraltar,IRL,GIB,2014,120,1915.628,Europe,Europe,Northern Europe,Southern Europe
Romania,Croatia,ROU,HRV,2014,84395,,Europe,Europe,Eastern Europe,Southern Europe
Estonia,Luxembourg,EST,LUX,2013,2420,1614.171,Europe,Europe,Northern Europe,Western Europe
United Kingdom of Great Britain and Northern Ireland,Germany,GBR,DEU,2016,10202705,495.3633,Europe,Europe,Northern Europe,Western Europe
Ukraine,Hungary,UKR,HUN,2012,963445,896.3701,Europe,Europe,Eastern Europe,Eastern Europe
Albania,Slovenia,ALB,SVN,2015,16078,678.3095,Europe,Europe,Southern Europe,Southern Europe
Estonia,United Kingdom of Great Britain and Northern Ireland,EST,GBR,2016,125999,1787.092,Europe,Europe,Northern Europe,Northern Europe
San Marino,Bosnia and Herzegovina,SMR,BIH,2012,,476.5566,Europe,Europe,Southern Europe,Southern Europe
Czechia,Belgium,CZE,BEL,2013,157606,718.4293,Europe,Europe,Eastern Europe,Western Europe
Poland,Germany,POL,DEU,2011,26424192,965.9211,Europe,Europe,Eastern Europe,Western Europe
Estonia,Latvia,EST,LVA,2014,1299494,277.1711,Europe,Europe,Northern Europe,Northern Europe
Latvia,United Kingdom of Great Britain and Northern Ireland,LVA,GBR,2013,389100,1680.389,Europe,Europe,Northern Europe,Northern Europe
Greece,Slovenia,GRC,SVN,2016,10385,1176.784,Europe,Europe,Southern Europe,Southern Europe
Italy,Malta,ITA,MLT,2012,477589,688.7803,Europe,Europe,Southern Europe,Southern Europe
Lithuania,Estonia,LTU,EST,2015,107336,527.9267,Europe,Europe,Northern Europe,Northern Europe
Belgium,Moldova (Republic of),BEL,MDA,2012,4259,1831.669,Europe,Europe,Western Europe,Eastern Europe
Gibraltar,Albania,GIB,ALB,2015,0,2251.487,Europe,Europe,Southern Europe,Southern Europe
Russian Federation,Estonia,RUS,EST,2013,734808,871.7853,Europe,Europe,Eastern Europe,Northern Europe
Hungary,Bulgaria,HUN,BGR,2011,239735,632.9641,Europe,Europe,Eastern Europe,Eastern Europe
Hungary,Andorra,HUN,AND,2012,,1484.944,Europe,Europe,Eastern Europe,Southern Europe
Albania,Moldova (Republic of),ALB,MDA,2011,56,955.9489,Europe,Europe,Southern Europe,Eastern Europe
Albania,Belgium,ALB,BEL,2015,46893,1589.107,Europe,Europe,Southern Europe,Western Europe
Czechia,Greece,CZE,GRC,2015,509246,1535.797,Europe,Europe,Eastern Europe,Southern Europe
Romania,Macedonia (the former Yugoslav Republic of),ROU,MKD,2012,26134,,Europe,Europe,Eastern Europe,Southern Europe
Greece,Belarus,GRC,BLR,2014,3555,1787.387,Europe,Europe,Southern Europe,Eastern Europe
Slovenia,Sweden,SVN,SWE,2016,11072,1495.673,Europe,Europe,Southern Europe,Northern Europe
Italy,Ireland,ITA,IRL,2012,652902,1887.733,Europe,Europe,Southern Europe,Northern Europe
Albania,Denmark,ALB,DNK,2016,7798,1679.912,Europe,Europe,Southern Europe,Northern Europe
Slovenia,Moldova (Republic of),SVN,MDA,2015,583,1100.799,Europe,Europe,Southern Europe,Eastern Europe
Lithuania,Bulgaria,LTU,BGR,2012,9428,1345.486,Europe,Europe,Northern Europe,Eastern Europe
Iceland,Gibraltar,ISL,GIB,2015,7,3312.355,Europe,Europe,Northern Europe,Southern Europe
Switzerland,Ukraine,CHE,UKR,2011,78955,1730.779,Europe,Europe,Western Europe,Eastern Europe
Latvia,Albania,LVA,ALB,2012,217,1765.015,Europe,Europe,Northern Europe,Southern Europe
Austria,Latvia,AUT,LVA,2012,42900,1102.181,Europe,Europe,Western Europe,Northern Europe
Bulgaria,Malta,BGR,MLT,2013,9884,1065.425,Europe,Europe,Eastern Europe,Southern Europe
Slovakia,Malta,SVK,MLT,2013,5188,1382.29,Europe,Europe,Eastern Europe,Southern Europe
Ukraine,Spain,UKR,ESP,2011,142647,2863.877,Europe,Europe,Eastern Europe,Southern Europe
Estonia,Andorra,EST,AND,2014,,2464.161,Europe,Europe,Northern Europe,Southern Europe
Poland,Andorra,POL,AND,2012,0,1817.341,Europe,Europe,Eastern Europe,Southern Europe
Latvia,Belgium,LVA,BEL,2016,68801,1456.065,Europe,Europe,Northern Europe,Western Europe
Switzerland,Andorra,CHE,AND,2012,0,681.8435,Europe,Europe,Western Europe,Southern Europe
Estonia,Andorra,EST,AND,2013,,2464.161,Europe,Europe,Northern Europe,Southern Europe
Bulgaria,Slovakia,BGR,SVK,2011,100872,776.8502,Europe,Europe,Eastern Europe,Eastern Europe
Macedonia (the former Yugoslav Republic of),Andorra,MKD,AND,2014,,1642.107,Europe,Europe,Southern Europe,Southern Europe
Lithuania,Andorra,LTU,AND,2012,,2198.052,Europe,Europe,Northern Europe,Southern Europe
Slovakia,Bosnia and Herzegovina,SVK,BIH,2015,4363,488.4783,Europe,Europe,Eastern Europe,Southern Europe
Estonia,Andorra,EST,AND,2016,,2464.161,Europe,Europe,Northern Europe,Southern Europe
San Marino,Hungary,SMR,HUN,2012,,644.5287,Europe,Europe,Southern Europe,Eastern Europe
Iceland,Andorra,ISL,AND,2016,,2833.952,Europe,Europe,Northern Europe,Southern Europe
Austria,Andorra,AUT,AND,2014,,1322.201,Europe,Europe,Western Europe,Southern Europe
Norway,Andorra,NOR,AND,2015,,2038.357,Europe,Europe,Northern Europe,Southern Europe
Ireland,Macedonia (the former Yugoslav Republic of),IRL,MKD,2014,598,2407.447,Europe,Europe,Northern Europe,Southern Europe
Netherlands,Andorra,NLD,AND,2012,,1125.463,Europe,Europe,Western Europe,Southern Europe
Hungary,Belarus,HUN,BLR,2015,7001,923.2194,Europe,Europe,Eastern Europe,Eastern Europe
Hungary,Andorra,HUN,AND,2016,,1484.944,Europe,Europe,Eastern Europe,Southern Europe
Germany,Andorra,DEU,AND,2014,,1080.611,Europe,Europe,Western Europe,Southern Europe
Switzerland,Andorra,CHE,AND,2015,2,681.8435,Europe,Europe,Western Europe,Southern Europe
Malta,Andorra,MLT,AND,2015,,1340.487,Europe,Europe,Southern Europe,Southern Europe
Malta,Italy,MLT,ITA,2016,820152,688.7803,Europe,Europe,Southern Europe,Southern Europe
Slovenia,Andorra,SVN,AND,2015,,1107.667,Europe,Europe,Southern Europe,Southern Europe
Poland,Andorra,POL,AND,2015,0,1817.341,Europe,Europe,Eastern Europe,Southern Europe
Moldova (Republic of),Andorra,MDA,AND,2016,,2205.669,Europe,Europe,Eastern Europe,Southern Europe
Luxembourg,Andorra,LUX,AND,2015,,867.6033,Europe,Europe,Western Europe,Southern Europe
Lithuania,Andorra,LTU,AND,2014,,2198.052,Europe,Europe,Northern Europe,Southern Europe
Malta,Slovakia,MLT,SVK,2013,5188,1382.29,Europe,Europe,Southern Europe,Eastern Europe
Latvia,Andorra,LVA,AND,2016,,2266.706,Europe,Europe,Northern Europe,Southern Europe
Greece,Belgium,GRC,BEL,2013,397239,2089.225,Europe,Europe,Southern Europe,Western Europe
Spain,Italy,ESP,ITA,2014,6760827,1366.76,Europe,Europe,Southern Europe,Southern Europe
Malta,Andorra,MLT,AND,2013,,1340.487,Europe,Europe,Southern Europe,Southern Europe
Latvia,Andorra,LVA,AND,2011,,2266.706,Europe,Europe,Northern Europe,Southern Europe
Austria,Andorra,AUT,AND,2012,,1322.201,Europe,Europe,Western Europe,Southern Europe
Estonia,Andorra,EST,AND,2015,,2464.161,Europe,Europe,Northern Europe,Southern Europe
Portugal,Andorra,PRT,AND,2012,,990.3965,Europe,Europe,Southern Europe,Southern Europe
Romania,Estonia,ROU,EST,2012,6304,,Europe,Europe,Eastern Europe,Northern Europe
Russian Federation,Andorra,RUS,AND,2014,,2973.003,Europe,Europe,Eastern Europe,Southern Europe
Greece,Andorra,GRC,AND,2016,,1947.636,Europe,Europe,Southern Europe,Southern Europe
Italy,Croatia,ITA,HRV,2011,1510251,517.0557,Europe,Europe,Southern Europe,Southern Europe
Norway,Andorra,NOR,AND,2016,,2038.357,Europe,Europe,Northern Europe,Southern Europe
Bosnia and Herzegovina,Moldova (Republic of),BIH,MDA,2011,213,883.0676,Europe,Europe,Southern Europe,Eastern Europe
Czechia,Andorra,CZE,AND,2012,,1302.353,Europe,Europe,Eastern Europe,Southern Europe
Estonia,Greece,EST,GRC,2011,12573,2384.76,Europe,Europe,Northern Europe,Southern Europe
Greece,Andorra,GRC,AND,2012,,1947.636,Europe,Europe,Southern Europe,Southern Europe
Norway,Andorra,NOR,AND,2013,,2038.357,Europe,Europe,Northern Europe,Southern Europe
Moldova (Republic of),Andorra,MDA,AND,2015,,2205.669,Europe,Europe,Eastern Europe,Southern Europe
France,Andorra,FRA,AND,2016,,711.5485,Europe,Europe,Western Europe,Southern Europe
Finland,Hungary,FIN,HUN,2013,132094,1457.984,Europe,Europe,Northern Europe,Eastern Europe
Russian Federation,Andorra,RUS,AND,2013,,2973.003,Europe,Europe,Eastern Europe,Southern Europe
France,Andorra,FRA,AND,2013,,711.5485,Europe,Europe,Western Europe,Southern Europe
San Marino,Andorra,SMR,AND,2015,,905.0686,Europe,Europe,Southern Europe,Southern Europe
Finland,Andorra,FIN,AND,2013,,2526.079,Europe,Europe,Northern Europe,Southern Europe
Bulgaria,San Marino,BGR,SMR,2015,6018,886.4001,Europe,Europe,Eastern Europe,Southern Europe
Belarus,Andorra,BLR,AND,2015,,2286.099,Europe,Europe,Eastern Europe,Southern Europe
Poland,Lithuania,POL,LTU,2012,3137033,393.7521,Europe,Europe,Eastern Europe,Northern Europe
Spain,Lithuania,ESP,LTU,2011,83105,2666.384,Europe,Europe,Southern Europe,Northern Europe
Romania,Russian Federation,ROU,RUS,2015,77952,,Europe,Europe,Eastern Europe,Eastern Europe
Slovakia,Iceland,SVK,ISL,2012,8,2932.617,Europe,Europe,Eastern Europe,Northern Europe
Spain,Greece,ESP,GRC,2011,465304,2372.903,Europe,Europe,Southern Europe,Southern Europe
United Kingdom of Great Britain and Northern Ireland,Andorra,GBR,AND,2015,0,1009.577,Europe,Europe,Northern Europe,Southern Europe
San Marino,Albania,SMR,ALB,2015,,666.4761,Europe,Europe,Southern Europe,Southern Europe
United Kingdom of Great Britain and Northern Ireland,Albania,GBR,ALB,2015,68285,1895.345,Europe,Europe,Northern Europe,Southern Europe
Luxembourg,Albania,LUX,ALB,2011,761,1404.884,Europe,Europe,Western Europe,Southern Europe
Slovakia,Albania,SVK,ALB,2013,4633,788.7294,Europe,Europe,Eastern Europe,Southern Europe
Poland,Lithuania,POL,LTU,2016,3168425,393.7521,Europe,Europe,Eastern Europe,Northern Europe
Finland,Albania,FIN,ALB,2011,2069,2122.475,Europe,Europe,Northern Europe,Southern Europe
Denmark,Slovakia,DNK,SVK,2016,4054,891.5908,Europe,Europe,Northern Europe,Eastern Europe
Poland,Albania,POL,ALB,2014,2868,1218.313,Europe,Europe,Eastern Europe,Southern Europe
San Marino,Spain,SMR,ESP,2014,,1390.619,Europe,Europe,Southern Europe,Southern Europe
Switzerland,Albania,CHE,ALB,2014,14688,1167.984,Europe,Europe,Western Europe,Southern Europe
Ukraine,Lithuania,UKR,LTU,2015,94449,590.0546,Europe,Europe,Eastern Europe,Northern Europe
Belgium,Albania,BEL,ALB,2016,48166,1589.107,Europe,Europe,Western Europe,Southern Europe
Russian Federation,Albania,RUS,ALB,2011,10945,2063.678,Europe,Europe,Eastern Europe,Southern Europe
Croatia,San Marino,HRV,SMR,2012,,342.8565,Europe,Europe,Southern Europe,Southern Europe
United Kingdom of Great Britain and Northern Ireland,Malta,GBR,MLT,2015,841801,2092.273,Europe,Europe,Northern Europe,Southern Europe
Sweden,Albania,SWE,ALB,2014,4864,2006.998,Europe,Europe,Northern Europe,Southern Europe
Germany,Iceland,DEU,ISL,2015,227500,2189.024,Europe,Europe,Western Europe,Northern Europe
Denmark,Malta,DNK,MLT,2014,47008,2204.997,Europe,Europe,Northern Europe,Southern Europe
Denmark,Albania,DNK,ALB,2013,3332,1679.912,Europe,Europe,Northern Europe,Southern Europe
Lithuania,Macedonia (the former Yugoslav Republic of),LTU,MKD,2015,361,1439.533,Europe,Europe,Northern Europe,Southern Europe
Macedonia (the former Yugoslav Republic of),Norway,MKD,NOR,2015,14486,2124.664,Europe,Europe,Southern Europe,Northern Europe
Ukraine,Albania,UKR,ALB,2013,5129,1303.97,Europe,Europe,Eastern Europe,Southern Europe
Andorra,Ukraine,AND,UKR,2013,,2372.859,Europe,Europe,Southern Europe,Eastern Europe
Iceland,Czechia,ISL,CZE,2015,4072,2640.109,Europe,Europe,Northern Europe,Eastern Europe
Greece,Moldova (Republic of),GRC,MDA,2013,5392,1084.991,Europe,Europe,Southern Europe,Eastern Europe
Belarus,Italy,BLR,ITA,2013,65566,1732.921,Europe,Europe,Eastern Europe,Southern Europe
Portugal,Albania,PRT,ALB,2011,927,2472.398,Europe,Europe,Southern Europe,Southern Europe
Spain,Sweden,ESP,SWE,2012,1615676,2596.908,Europe,Europe,Southern Europe,Northern Europe
Switzerland,Albania,CHE,ALB,2013,11592,1167.984,Europe,Europe,Western Europe,Southern Europe
Lithuania,Gibraltar,LTU,GIB,2013,14,3119.053,Europe,Europe,Northern Europe,Southern Europe
Slovakia,Albania,SVK,ALB,2011,3241,788.7294,Europe,Europe,Eastern Europe,Southern Europe
Portugal,Albania,PRT,ALB,2012,814,2472.398,Europe,Europe,Southern Europe,Southern Europe
Belarus,Sweden,BLR,SWE,2012,11421,838.4113,Europe,Europe,Eastern Europe,Northern Europe
Norway,Denmark,NOR,DNK,2013,1903637,485.3148,Europe,Europe,Northern Europe,Northern Europe
Bulgaria,Albania,BGR,ALB,2012,46725,324.0465,Europe,Europe,Eastern Europe,Southern Europe
Czechia,Albania,CZE,ALB,2012,9200,1060.922,Europe,Europe,Eastern Europe,Southern Europe
Lithuania,Albania,LTU,ALB,2014,284,1540.066,Europe,Europe,Northern Europe,Southern Europe
Finland,Czechia,FIN,CZE,2012,91288,1300.095,Europe,Europe,Northern Europe,Eastern Europe
Sweden,Hungary,SWE,HUN,2012,277978,1318.564,Europe,Europe,Northern Europe,Eastern Europe
Latvia,Austria,LVA,AUT,2011,39790,1102.181,Europe,Europe,Northern Europe,Western Europe
Russian Federation,Croatia,RUS,HRV,2013,169363,1875.36,Europe,Europe,Eastern Europe,Southern Europe
Ireland,Switzerland,IRL,CHE,2011,208840,1203.958,Europe,Europe,Northern Europe,Western Europe
Belgium,Lithuania,BEL,LTU,2016,58765,1469.434,Europe,Europe,Western Europe,Northern Europe
Spain,Albania,ESP,ALB,2016,15500,1977.061,Europe,Europe,Southern Europe,Southern Europe
Andorra,Albania,AND,ALB,2015,,1519.551,Europe,Europe,Southern Europe,Southern Europe
Poland,Switzerland,POL,CHE,2015,300600,1139.992,Europe,Europe,Eastern Europe,Western Europe
Iceland,Albania,ISL,ALB,2015,83,3675.061,Europe,Europe,Northern Europe,Southern Europe
Greece,Albania,GRC,ALB,2014,857774,500.1241,Europe,Europe,Southern Europe,Southern Europe
Portugal,Albania,PRT,ALB,2013,804,2472.398,Europe,Europe,Southern Europe,Southern Europe
Czechia,Ukraine,CZE,UKR,2013,197147,1141.565,Europe,Europe,Eastern Europe,Eastern Europe
Ireland,Albania,IRL,ALB,2016,2157,2355.755,Europe,Europe,Northern Europe,Southern Europe
Luxembourg,Albania,LUX,ALB,2012,606,1404.884,Europe,Europe,Western Europe,Southern Europe
Albania,Spain,ALB,ESP,2012,8823,1977.061,Europe,Europe,Southern Europe,Southern Europe
San Marino,Albania,SMR,ALB,2016,,666.4761,Europe,Europe,Southern Europe,Southern Europe
Switzerland,Iceland,CHE,ISL,2016,71335,2617.349,Europe,Europe,Western Europe,Northern Europe
Italy,Albania,ITA,ALB,2016,809489,611.7626,Europe,Europe,Southern Europe,Southern Europe
Andorra,Bulgaria,AND,BGR,2013,,1781.612,Europe,Europe,Southern Europe,Eastern Europe
Bulgaria,Albania,BGR,ALB,2014,57105,324.0465,Europe,Europe,Eastern Europe,Southern Europe
Denmark,Albania,DNK,ALB,2012,3704,1679.912,Europe,Europe,Northern Europe,Southern Europe
Belgium,Moldova (Republic of),BEL,MDA,2014,4691,1831.669,Europe,Europe,Western Europe,Eastern Europe
Portugal,Latvia,PRT,LVA,2015,14133,3152.139,Europe,Europe,Southern Europe,Northern Europe
Finland,Albania,FIN,ALB,2016,3601,2122.475,Europe,Europe,Northern Europe,Southern Europe
Belarus,Albania,BLR,ALB,2012,42,1505.639,Europe,Europe,Eastern Europe,Southern Europe
Italy,Finland,ITA,FIN,2012,355241,2203.158,Europe,Europe,Southern Europe,Northern Europe
Slovenia,Iceland,SVN,ISL,2011,272,2999.913,Europe,Europe,Southern Europe,Northern Europe
Switzerland,Sweden,CHE,SWE,2015,399781,1546.508,Europe,Europe,Western Europe,Northern Europe
Croatia,Albania,HRV,ALB,2015,2925,585.956,Europe,Europe,Southern Europe,Southern Europe
Ireland,Albania,IRL,ALB,2012,918,2355.755,Europe,Europe,Northern Europe,Southern Europe
Belgium,Albania,BEL,ALB,2011,43777,1589.107,Europe,Europe,Western Europe,Southern Europe
Portugal,Albania,PRT,ALB,2016,2033,2472.398,Europe,Europe,Southern Europe,Southern Europe
Russian Federation,Albania,RUS,ALB,2012,11185,2063.678,Europe,Europe,Eastern Europe,Southern Europe
Finland,Albania,FIN,ALB,2014,2384,2122.475,Europe,Europe,Northern Europe,Southern Europe
Finland,Belarus,FIN,BLR,2013,9174,715.4365,Europe,Europe,Northern Europe,Eastern Europe
Denmark,Albania,DNK,ALB,2016,6791,1679.912,Europe,Europe,Northern Europe,Southern Europe
Norway,Albania,NOR,ALB,2013,3671,2160.437,Europe,Europe,Northern Europe,Southern Europe
Poland,Albania,POL,ALB,2016,4278,1218.313,Europe,Europe,Eastern Europe,Southern Europe
Hungary,Iceland,HUN,ISL,2011,1013,3077.932,Europe,Europe,Eastern Europe,Northern Europe
United Kingdom of Great Britain and Northern Ireland,Lithuania,GBR,LTU,2012,544846,1729.554,Europe,Europe,Northern Europe,Northern Europe
United Kingdom of Great Britain and Northern Ireland,Moldova (Republic of),GBR,MDA,2011,8766,2150.279,Europe,Europe,Northern Europe,Eastern Europe
Czechia,Switzerland,CZE,CHE,2011,174972,623.4171,Europe,Europe,Eastern Europe,Western Europe
Luxembourg,Austria,LUX,AUT,2011,63097,762.4356,Europe,Europe,Western Europe,Western Europe
Hungary,Slovakia,HUN,SVK,2011,659000,159.0699,Europe,Europe,Eastern Europe,Eastern Europe
Czechia,Macedonia (the former Yugoslav Republic of),CZE,MKD,2013,2417,1051.492,Europe,Europe,Eastern Europe,Southern Europe
Switzerland,Moldova (Republic of),CHE,MDA,2011,5395,1620.078,Europe,Europe,Western Europe,Eastern Europe
Moldova (Republic of),Albania,MDA,ALB,2014,199,955.9489,Europe,Europe,Eastern Europe,Southern Europe
Hungary,Slovenia,HUN,SVN,2014,80291,381.6249,Europe,Europe,Eastern Europe,Southern Europe
Germany,Italy,DEU,ITA,2013,11125289,1146.023,Europe,Europe,Western Europe,Southern Europe
Ireland,Poland,IRL,POL,2014,647874,1826.82,Europe,Europe,Northern Europe,Eastern Europe
Moldova (Republic of),Greece,MDA,GRC,2016,20683,1084.991,Europe,Europe,Eastern Europe,Southern Europe
Latvia,Macedonia (the former Yugoslav Republic of),LVA,MKD,2014,518,1674.47,Europe,Europe,Northern Europe,Southern Europe
Croatia,Czechia,HRV,CZE,2016,741969,492.0173,Europe,Europe,Southern Europe,Eastern Europe
Czechia,Sweden,CZE,SWE,2016,207078,1053.71,Europe,Europe,Eastern Europe,Northern Europe
Switzerland,Spain,CHE,ESP,2012,2825649,1153.117,Europe,Europe,Western Europe,Southern Europe
Moldova (Republic of),Gibraltar,MDA,GIB,2013,1,3062.09,Europe,Europe,Eastern Europe,Southern Europe
Belgium,Estonia,BEL,EST,2014,32096,1601.098,Europe,Europe,Western Europe,Northern Europe
Slovakia,Austria,SVK,AUT,2012,218581,59.61723,Europe,Europe,Eastern Europe,Western Europe
France,Romania,FRA,ROU,2015,343998,,Europe,Europe,Western Europe,Eastern Europe
Slovakia,France,SVK,FRA,2013,25883,1094.61,Europe,Europe,Eastern Europe,Western Europe
Albania,Netherlands,ALB,NLD,2013,9681,1664.815,Europe,Europe,Southern Europe,Western Europe
Sweden,Gibraltar,SWE,GIB,2015,46,3086.185,Europe,Europe,Northern Europe,Southern Europe
Spain,Belgium,ESP,BEL,2013,2810393,1316.64,Europe,Europe,Southern Europe,Western Europe
Croatia,Austria,HRV,AUT,2016,1363024,270.6798,Europe,Europe,Southern Europe,Western Europe
Belarus,Malta,BLR,MLT,2015,466,2236.243,Europe,Europe,Eastern Europe,Southern Europe
Estonia,San Marino,EST,SMR,2015,,1911.032,Europe,Europe,Northern Europe,Southern Europe
Romania,Italy,ROU,ITA,2015,1337376,,Europe,Europe,Eastern Europe,Southern Europe
United Kingdom of Great Britain and Northern Ireland,Poland,GBR,POL,2014,3814204,1451.644,Europe,Europe,Northern Europe,Eastern Europe
Ireland,Slovenia,IRL,SVN,2012,2124,1689.878,Europe,Europe,Northern Europe,Southern Europe
Moldova (Republic of),Portugal,MDA,PRT,2015,13412,3195.949,Europe,Europe,Eastern Europe,Southern Europe
Switzerland,Germany,CHE,DEU,2016,5133178,503.8007,Europe,Europe,Western Europe,Western Europe
Bosnia and Herzegovina,Greece,BIH,GRC,2015,2197,790.14,Europe,Europe,Southern Europe,Southern Europe
France,Slovakia,FRA,SVK,2016,30708,1094.61,Europe,Europe,Western Europe,Eastern Europe
Russian Federation,Sweden,RUS,SWE,2015,126914,1232.383,Europe,Europe,Eastern Europe,Northern Europe
France,Luxembourg,FRA,LUX,2012,6850889,289.1023,Europe,Europe,Western Europe,Western Europe
Slovenia,Belarus,SVN,BLR,2013,777,1267.967,Europe,Europe,Southern Europe,Eastern Europe
Lithuania,Iceland,LTU,ISL,2011,2048,2797.459,Europe,Europe,Northern Europe,Northern Europe
Russian Federation,Croatia,RUS,HRV,2016,117419,1875.36,Europe,Europe,Eastern Europe,Southern Europe
Andorra,Hungary,AND,HUN,2014,,1484.944,Europe,Europe,Southern Europe,Eastern Europe
Albania,Latvia,ALB,LVA,2012,187,1765.015,Europe,Europe,Southern Europe,Northern Europe
Denmark,Lithuania,DNK,LTU,2016,172126,815.5106,Europe,Europe,Northern Europe,Northern Europe
Finland,Belarus,FIN,BLR,2014,10085,715.4365,Europe,Europe,Northern Europe,Eastern Europe
Andorra,Germany,AND,DEU,2012,,1080.611,Europe,Europe,Southern Europe,Western Europe
Hungary,San Marino,HUN,SMR,2011,,644.5287,Europe,Europe,Eastern Europe,Southern Europe
Lithuania,Hungary,LTU,HUN,2016,7450,910.8107,Europe,Europe,Northern Europe,Eastern Europe
Poland,Bosnia and Herzegovina,POL,BIH,2015,2950,952.2305,Europe,Europe,Eastern Europe,Southern Europe
Luxembourg,Switzerland,LUX,CHE,2012,82655,309.8716,Europe,Europe,Western Europe,Western Europe
Switzerland,Hungary,CHE,HUN,2015,267271,879.3594,Europe,Europe,Western Europe,Eastern Europe
Bulgaria,Poland,BGR,POL,2012,386267,1080.42,Europe,Europe,Eastern Europe,Eastern Europe
Gibraltar,Malta,GIB,MLT,2011,74,1787.032,Europe,Europe,Southern Europe,Southern Europe
Ireland,Slovenia,IRL,SVN,2011,3470,1689.878,Europe,Europe,Northern Europe,Southern Europe
Sweden,Switzerland,SWE,CHE,2016,416270,1546.508,Europe,Europe,Northern Europe,Western Europe
Malta,Norway,MLT,NOR,2016,18611,2686.866,Europe,Europe,Southern Europe,Northern Europe
Denmark,Estonia,DNK,EST,2012,40524,836.2802,Europe,Europe,Northern Europe,Northern Europe
Estonia,Denmark,EST,DNK,2012,38498,836.2802,Europe,Europe,Northern Europe,Northern Europe
Ireland,Croatia,IRL,HRV,2011,40106,1799.206,Europe,Europe,Northern Europe,Southern Europe
Netherlands,Denmark,NLD,DNK,2014,508305,622.9741,Europe,Europe,Western Europe,Northern Europe
Macedonia (the former Yugoslav Republic of),Lithuania,MKD,LTU,2015,591,1439.533,Europe,Europe,Southern Europe,Northern Europe
Slovakia,Latvia,SVK,LVA,2014,480,1083.025,Europe,Europe,Eastern Europe,Northern Europe
United Kingdom of Great Britain and Northern Ireland,Gibraltar,GBR,GIB,2015,298068,1759.095,Europe,Europe,Northern Europe,Southern Europe
Switzerland,Andorra,CHE,AND,2014,0,681.8435,Europe,Europe,Western Europe,Southern Europe
United Kingdom of Great Britain and Northern Ireland,Slovakia,GBR,SVK,2015,489751,1294.938,Europe,Europe,Northern Europe,Eastern Europe
Spain,Moldova (Republic of),ESP,MDA,2013,10824,2697.714,Europe,Europe,Southern Europe,Eastern Europe
Estonia,Greece,EST,GRC,2012,7928,2384.76,Europe,Europe,Northern Europe,Southern Europe
Italy,Germany,ITA,DEU,2011,11412878,1146.023,Europe,Europe,Southern Europe,Western Europe
Denmark,Spain,DNK,ESP,2014,1443221,2074.977,Europe,Europe,Northern Europe,Southern Europe
Netherlands,Sweden,NLD,SWE,2013,482537,1128.93,Europe,Europe,Western Europe,Northern Europe
Denmark,Italy,DNK,ITA,2011,688029,1534.086,Europe,Europe,Northern Europe,Southern Europe
Sweden,Greece,SWE,GRC,2012,137752,2408.377,Europe,Europe,Northern Europe,Southern Europe
Netherlands,Greece,NLD,GRC,2011,576329,2162.912,Europe,Europe,Western Europe,Southern Europe
Norway,Germany,NOR,DEU,2016,1513720,969.2816,Europe,Europe,Northern Europe,Western Europe
Denmark,Czechia,DNK,CZE,2016,192727,631.8411,Europe,Europe,Northern Europe,Eastern Europe
Italy,France,ITA,FRA,2013,12422458,1109.901,Europe,Europe,Southern Europe,Western Europe
Lithuania,Finland,LTU,FIN,2014,60363,606.8758,Europe,Europe,Northern Europe,Northern Europe
Moldova (Republic of),Malta,MDA,MLT,2016,623,1712.083,Europe,Europe,Eastern Europe,Southern Europe
Slovakia,Austria,SVK,AUT,2013,235553,59.61723,Europe,Europe,Eastern Europe,Western Europe
Belgium,Belarus,BEL,BLR,2014,4661,1601.903,Europe,Europe,Western Europe,Eastern Europe
Belarus,Hungary,BLR,HUN,2012,2123,923.2194,Europe,Europe,Eastern Europe,Eastern Europe
Germany,Sweden,DEU,SWE,2014,2441592,1118.929,Europe,Europe,Western Europe,Northern Europe
Ireland,Latvia,IRL,LVA,2016,85170,1954.941,Europe,Europe,Northern Europe,Northern Europe
Bulgaria,Hungary,BGR,HUN,2012,245883,632.9641,Europe,Europe,Eastern Europe,Eastern Europe
Spain,Macedonia (the former Yugoslav Republic of),ESP,MKD,2011,6100,2108.379,Europe,Europe,Southern Europe,Southern Europe
Bulgaria,Gibraltar,BGR,GIB,2014,81,2555.137,Europe,Europe,Eastern Europe,Southern Europe
Moldova (Republic of),Estonia,MDA,EST,2014,1910,1407.85,Europe,Europe,Eastern Europe,Northern Europe
Poland,Ukraine,POL,UKR,2013,8589209,690.8161,Europe,Europe,Eastern Europe,Eastern Europe
Croatia,Estonia,HRV,EST,2015,18620,1624.37,Europe,Europe,Southern Europe,Northern Europe
Bulgaria,Croatia,BGR,HRV,2015,79888,680.4865,Europe,Europe,Eastern Europe,Southern Europe
Croatia,Bulgaria,HRV,BGR,2013,68055,680.4865,Europe,Europe,Southern Europe,Eastern Europe
San Marino,Norway,SMR,NOR,2012,,1780.931,Europe,Europe,Southern Europe,Northern Europe
Belgium,Albania,BEL,ALB,2012,40818,1589.107,Europe,Europe,Western Europe,Southern Europe
Russian Federation,Greece,RUS,GRC,2013,1401181,2233.583,Europe,Europe,Eastern Europe,Southern Europe
Macedonia (the former Yugoslav Republic of),Russian Federation,MKD,RUS,2013,8577,1927.484,Europe,Europe,Southern Europe,Eastern Europe
France,Slovakia,FRA,SVK,2015,27528,1094.61,Europe,Europe,Western Europe,Eastern Europe
Luxembourg,Romania,LUX,ROU,2012,4377,,Europe,Europe,Western Europe,Eastern Europe
Belarus,Austria,BLR,AUT,2016,32201,998.225,Europe,Europe,Eastern Europe,Western Europe
Switzerland,Gibraltar,CHE,GIB,2016,89,1603.114,Europe,Europe,Western Europe,Southern Europe
Latvia,Czechia,LVA,CZE,2016,61893,993.2449,Europe,Europe,Northern Europe,Eastern Europe
Greece,Belarus,GRC,BLR,2011,3067,1787.387,Europe,Europe,Southern Europe,Eastern Europe
Netherlands,Sweden,NLD,SWE,2014,477228,1128.93,Europe,Europe,Western Europe,Northern Europe
Spain,Austria,ESP,AUT,2016,1329708,1811.999,Europe,Europe,Southern Europe,Western Europe
Albania,Ukraine,ALB,UKR,2011,2986,1303.97,Europe,Europe,Southern Europe,Eastern Europe
Slovenia,Denmark,SVN,DNK,2014,13941,1076.812,Europe,Europe,Southern Europe,Northern Europe
Poland,Germany,POL,DEU,2013,29714468,965.9211,Europe,Europe,Eastern Europe,Western Europe
Malta,Bosnia and Herzegovina,MLT,BIH,2015,956,946.8785,Europe,Europe,Southern Europe,Southern Europe
Ireland,Luxembourg,IRL,LUX,2014,18360,953.1994,Europe,Europe,Northern Europe,Western Europe
United Kingdom of Great Britain and Northern Ireland,Belarus,GBR,BLR,2011,20793,1873.072,Europe,Europe,Northern Europe,Eastern Europe
Macedonia (the former Yugoslav Republic of),Moldova (Republic of),MKD,MDA,2016,369,806.5962,Europe,Europe,Southern Europe,Eastern Europe
Belgium,France,BEL,FRA,2014,5315066,262.3845,Europe,Europe,Western Europe,Western Europe
Slovakia,Austria,SVK,AUT,2015,275818,59.61723,Europe,Europe,Eastern Europe,Western Europe
Luxembourg,Russian Federation,LUX,RUS,2012,12769,2214.132,Europe,Europe,Western Europe,Eastern Europe
Andorra,Ireland,AND,IRL,2015,,1335.314,Europe,Europe,Southern Europe,Northern Europe
Spain,Lithuania,ESP,LTU,2016,170138,2666.384,Europe,Europe,Southern Europe,Northern Europe
Latvia,Belgium,LVA,BEL,2014,57443,1456.065,Europe,Europe,Northern Europe,Western Europe
Moldova (Republic of),Ukraine,MDA,UKR,2014,4369892,399.4606,Europe,Europe,Eastern Europe,Eastern Europe
France,Spain,FRA,ESP,2015,17595072,1054.656,Europe,Europe,Western Europe,Southern Europe
Poland,Belarus,POL,BLR,2011,3452983,469.7038,Europe,Europe,Eastern Europe,Eastern Europe
Poland,Denmark,POL,DNK,2012,203948,668.9079,Europe,Europe,Eastern Europe,Northern Europe
Macedonia (the former Yugoslav Republic of),Austria,MKD,AUT,2016,22461,799.0887,Europe,Europe,Southern Europe,Western Europe
Macedonia (the former Yugoslav Republic of),United Kingdom of Great Britain and Northern Ireland,MKD,GBR,2016,69329,1948.1,Europe,Europe,Southern Europe,Northern Europe
Czechia,United Kingdom of Great Britain and Northern Ireland,CZE,GBR,2012,981978,1036.988,Europe,Europe,Eastern Europe,Northern Europe
France,Albania,FRA,ALB,2016,42773,1603.534,Europe,Europe,Western Europe,Southern Europe
Germany,Bulgaria,DEU,BGR,2012,856673,1571.797,Europe,Europe,Western Europe,Eastern Europe
Macedonia (the former Yugoslav Republic of),Germany,MKD,DEU,2015,183645,1521.612,Europe,Europe,Southern Europe,Western Europe
Latvia,Belgium,LVA,BEL,2013,61814,1456.065,Europe,Europe,Northern Europe,Western Europe
Estonia,Ukraine,EST,UKR,2015,24907,1066.134,Europe,Europe,Northern Europe,Eastern Europe
San Marino,Slovenia,SMR,SVN,2014,,283.7302,Europe,Europe,Southern Europe,Southern Europe
Bulgaria,Macedonia (the former Yugoslav Republic of),BGR,MKD,2013,449922,168.0973,Europe,Europe,Eastern Europe,Southern Europe
Macedonia (the former Yugoslav Republic of),France,MKD,FRA,2011,11255,1672.04,Europe,Europe,Southern Europe,Western Europe
Spain,Ireland,ESP,IRL,2015,2406293,1450.236,Europe,Europe,Southern Europe,Northern Europe
Slovenia,Malta,SVN,MLT,2014,8359,1131.545,Europe,Europe,Southern Europe,Southern Europe
Estonia,Macedonia (the former Yugoslav Republic of),EST,MKD,2015,516,1951.641,Europe,Europe,Northern Europe,Southern Europe
United Kingdom of Great Britain and Northern Ireland,Ireland,GBR,IRL,2014,8249427,460.4115,Europe,Europe,Northern Europe,Northern Europe
Estonia,Finland,EST,FIN,2013,109566,80.98481,Europe,Europe,Northern Europe,Northern Europe
Czechia,Poland,CZE,POL,2012,12781997,516.6628,Europe,Europe,Eastern Europe,Eastern Europe
Estonia,Romania,EST,ROU,2016,9054,,Europe,Europe,Northern Europe,Eastern Europe
Slovenia,Belgium,SVN,BEL,2012,57991,916.7943,Europe,Europe,Southern Europe,Western Europe
Macedonia (the former Yugoslav Republic of),Russian Federation,MKD,RUS,2016,7431,1927.484,Europe,Europe,Southern Europe,Eastern Europe
Belgium,Albania,BEL,ALB,2013,35081,1589.107,Europe,Europe,Western Europe,Southern Europe
Gibraltar,Macedonia (the former Yugoslav Republic of),GIB,MKD,2013,0,2396.474,Europe,Europe,Southern Europe,Southern Europe
Poland,Romania,POL,ROU,2012,425794,,Europe,Europe,Eastern Europe,Eastern Europe
Latvia,Albania,LVA,ALB,2014,377,1765.015,Europe,Europe,Northern Europe,Southern Europe
Latvia,Andorra,LVA,AND,2015,,2266.706,Europe,Europe,Northern Europe,Southern Europe
Estonia,Belgium,EST,BEL,2013,30625,1601.098,Europe,Europe,Northern Europe,Western Europe
Portugal,Moldova (Republic of),PRT,MDA,2016,14227,3195.949,Europe,Europe,Southern Europe,Eastern Europe
Norway,United Kingdom of Great Britain and Northern Ireland,NOR,GBR,2013,1783467,1157.104,Europe,Europe,Northern Europe,Northern Europe
Poland,Finland,POL,FIN,2013,163738,911.2882,Europe,Europe,Eastern Europe,Northern Europe
Germany,Andorra,DEU,AND,2012,,1080.611,Europe,Europe,Western Europe,Southern Europe
Romania,Germany,ROU,DEU,2016,852536,,Europe,Europe,Eastern Europe,Western Europe
Malta,Spain,MLT,ESP,2016,137410,1670.797,Europe,Europe,Southern Europe,Southern Europe
Lithuania,Malta,LTU,MLT,2012,11514,2248.596,Europe,Europe,Northern Europe,Southern Europe
Portugal,Romania,PRT,ROU,2012,69472,,Europe,Europe,Southern Europe,Eastern Europe
Lithuania,Austria,LTU,AUT,2014,38099,948.9832,Europe,Europe,Northern Europe,Western Europe
Estonia,Malta,EST,MLT,2016,5813,2719.935,Europe,Europe,Northern Europe,Southern Europe
Macedonia (the former Yugoslav Republic of),Bosnia and Herzegovina,MKD,BIH,2013,10445,322.8538,Europe,Europe,Southern Europe,Southern Europe
Romania,Macedonia (the former Yugoslav Republic of),ROU,MKD,2011,22897,,Europe,Europe,Eastern Europe,Southern Europe
San Marino,Greece,SMR,GRC,2011,,1152.089,Europe,Europe,Southern Europe,Southern Europe
Italy,Czechia,ITA,CZE,2012,1232124,926.5591,Europe,Europe,Southern Europe,Eastern Europe
Slovakia,Germany,SVK,DEU,2012,231609,817.4212,Europe,Europe,Eastern Europe,Western Europe
Austria,Belarus,AUT,BLR,2011,22323,998.225,Europe,Europe,Western Europe,Eastern Europe
Albania,Spain,ALB,ESP,2014,9727,1977.061,Europe,Europe,Southern Europe,Southern Europe
Andorra,Greece,AND,GRC,2011,,1947.636,Europe,Europe,Southern Europe,Southern Europe
Italy,Estonia,ITA,EST,2014,71933,2126.436,Europe,Europe,Southern Europe,Northern Europe
Hungary,United Kingdom of Great Britain and Northern Ireland,HUN,GBR,2014,1069174,1453.666,Europe,Europe,Eastern Europe,Northern Europe
Norway,United Kingdom of Great Britain and Northern Ireland,NOR,GBR,2015,1636141,1157.104,Europe,Europe,Northern Europe,Northern Europe
Italy,Malta,ITA,MLT,2014,608514,688.7803,Europe,Europe,Southern Europe,Southern Europe
Moldova (Republic of),Greece,MDA,GRC,2013,8664,1084.991,Europe,Europe,Eastern Europe,Southern Europe
Macedonia (the former Yugoslav Republic of),Ireland,MKD,IRL,2011,784,2407.447,Europe,Europe,Southern Europe,Northern Europe
Luxembourg,Sweden,LUX,SWE,2016,34512,1325.934,Europe,Europe,Western Europe,Northern Europe
Poland,San Marino,POL,SMR,2016,,1117.929,Europe,Europe,Eastern Europe,Southern Europe
Iceland,Netherlands,ISL,NLD,2011,42566,2022.635,Europe,Europe,Northern Europe,Western Europe
Moldova (Republic of),Romania,MDA,ROU,2015,1635954,,Europe,Europe,Eastern Europe,Eastern Europe
Germany,Bulgaria,DEU,BGR,2015,919789,1571.797,Europe,Europe,Western Europe,Eastern Europe
Germany,Bosnia and Herzegovina,DEU,BIH,2015,148716,1202.42,Europe,Europe,Western Europe,Southern Europe
Croatia,Bulgaria,HRV,BGR,2014,76767,680.4865,Europe,Europe,Southern Europe,Eastern Europe
Luxembourg,Albania,LUX,ALB,2015,1142,1404.884,Europe,Europe,Western Europe,Southern Europe
Switzerland,Bulgaria,CHE,BGR,2014,56416,1337.572,Europe,Europe,Western Europe,Eastern Europe
Denmark,Spain,DNK,ESP,2012,1218284,2074.977,Europe,Europe,Northern Europe,Southern Europe
Denmark,United Kingdom of Great Britain and Northern Ireland,DNK,GBR,2014,1974020,959.5936,Europe,Europe,Northern Europe,Northern Europe
Andorra,France,AND,FRA,2012,8,711.5485,Europe,Europe,Southern Europe,Western Europe
Slovenia,Italy,SVN,ITA,2015,618742,492.3427,Europe,Europe,Southern Europe,Southern Europe
Belarus,Malta,BLR,MLT,2014,328,2236.243,Europe,Europe,Eastern Europe,Southern Europe
Belarus,Albania,BLR,ALB,2011,49,1505.639,Europe,Europe,Eastern Europe,Southern Europe
Spain,Czechia,ESP,CZE,2011,491468,1776.348,Europe,Europe,Southern Europe,Eastern Europe
Luxembourg,Moldova (Republic of),LUX,MDA,2013,399,1697.473,Europe,Europe,Western Europe,Eastern Europe
United Kingdom of Great Britain and Northern Ireland,Ukraine,GBR,UKR,2016,173220,2137.511,Europe,Europe,Northern Europe,Eastern Europe
Bulgaria,Slovakia,BGR,SVK,2012,98113,776.8502,Europe,Europe,Eastern Europe,Eastern Europe
Belgium,Italy,BEL,ITA,2016,2300706,1174.904,Europe,Europe,Western Europe,Southern Europe
Slovenia,Netherlands,SVN,NLD,2016,27189,986.5178,Europe,Europe,Southern Europe,Western Europe
Belarus,Denmark,BLR,DNK,2015,4143,977.0479,Europe,Europe,Eastern Europe,Northern Europe
Norway,Luxembourg,NOR,LUX,2011,6357,1184.92,Europe,Europe,Northern Europe,Western Europe
Latvia,Moldova (Republic of),LVA,MDA,2012,2636,1153.302,Europe,Europe,Northern Europe,Eastern Europe
San Marino,Belgium,SMR,BEL,2014,19101,980.1509,Europe,Europe,Southern Europe,Western Europe
Ireland,Macedonia (the former Yugoslav Republic of),IRL,MKD,2016,817,2407.447,Europe,Europe,Northern Europe,Southern Europe
Switzerland,Poland,CHE,POL,2015,303948,1139.992,Europe,Europe,Western Europe,Eastern Europe
Finland,San Marino,FIN,SMR,2015,,1986.678,Europe,Europe,Northern Europe,Southern Europe
Lithuania,Belgium,LTU,BEL,2014,68161,1469.434,Europe,Europe,Northern Europe,Western Europe
Denmark,Ireland,DNK,IRL,2012,114866,1240.498,Europe,Europe,Northern Europe,Northern Europe
Ukraine,Luxembourg,UKR,LUX,2011,2926,1736.302,Europe,Europe,Eastern Europe,Western Europe
Bosnia and Herzegovina,Poland,BIH,POL,2015,3198,952.2305,Europe,Europe,Southern Europe,Eastern Europe
France,Andorra,FRA,AND,2015,,711.5485,Europe,Europe,Western Europe,Southern Europe
Croatia,Slovenia,HRV,SVN,2016,1451482,117.3451,Europe,Europe,Southern Europe,Southern Europe
Ireland,Croatia,IRL,HRV,2014,57633,1799.206,Europe,Europe,Northern Europe,Southern Europe
Belarus,Norway,BLR,NOR,2015,2375,1216.697,Europe,Europe,Eastern Europe,Northern Europe
Bulgaria,Estonia,BGR,EST,2015,17158,1866.91,Europe,Europe,Eastern Europe,Northern Europe
Macedonia (the former Yugoslav Republic of),Denmark,MKD,DNK,2011,17285,1651.324,Europe,Europe,Southern Europe,Northern Europe
Portugal,United Kingdom of Great Britain and Northern Ireland,PRT,GBR,2011,3571976,1583.091,Europe,Europe,Southern Europe,Northern Europe
Hungary,Andorra,HUN,AND,2015,,1484.944,Europe,Europe,Eastern Europe,Southern Europe
Iceland,Lithuania,ISL,LTU,2016,13423,2797.459,Europe,Europe,Northern Europe,Northern Europe
Macedonia (the former Yugoslav Republic of),Ukraine,MKD,UKR,2015,6345,1165.076,Europe,Europe,Southern Europe,Eastern Europe
Austria,Spain,AUT,ESP,2012,1006455,1811.999,Europe,Europe,Western Europe,Southern Europe
San Marino,Romania,SMR,ROU,2014,6148,,Europe,Europe,Southern Europe,Eastern Europe
Austria,Hungary,AUT,HUN,2013,1311083,215.6626,Europe,Europe,Western Europe,Eastern Europe
Estonia,Latvia,EST,LVA,2016,1539519,277.1711,Europe,Europe,Northern Europe,Northern Europe
Hungary,Norway,HUN,NOR,2015,121691,1483.495,Europe,Europe,Eastern Europe,Northern Europe
Sweden,Bosnia and Herzegovina,SWE,BIH,2014,78761,1721.592,Europe,Europe,Northern Europe,Southern Europe
Latvia,Slovenia,LVA,SVN,2012,936,1378.849,Europe,Europe,Northern Europe,Southern Europe
Germany,San Marino,DEU,SMR,2013,,932.1286,Europe,Europe,Western Europe,Southern Europe
United Kingdom of Great Britain and Northern Ireland,Netherlands,GBR,NLD,2013,4954671,360.315,Europe,Europe,Northern Europe,Western Europe
Ukraine,Denmark,UKR,DNK,2013,33188,1328.55,Europe,Europe,Eastern Europe,Northern Europe
Romania,Luxembourg,ROU,LUX,2014,6324,,Europe,Europe,Eastern Europe,Western Europe
Andorra,San Marino,AND,SMR,2013,,905.0686,Europe,Europe,Southern Europe,Southern Europe
Sweden,Czechia,SWE,CZE,2013,166718,1053.71,Europe,Europe,Northern Europe,Eastern Europe
Spain,Netherlands,ESP,NLD,2011,3456244,1481.366,Europe,Europe,Southern Europe,Western Europe
San Marino,Greece,SMR,GRC,2012,,1152.089,Europe,Europe,Southern Europe,Southern Europe
Bosnia and Herzegovina,Switzerland,BIH,CHE,2011,27948,924.4724,Europe,Europe,Southern Europe,Western Europe
Bosnia and Herzegovina,Norway,BIH,NOR,2015,22694,1859.721,Europe,Europe,Southern Europe,Northern Europe
Gibraltar,Denmark,GIB,DNK,2015,52,2562.962,Europe,Europe,Southern Europe,Northern Europe
Czechia,Russian Federation,CZE,RUS,2013,879682,1673,Europe,Europe,Eastern Europe,Eastern Europe
Spain,Macedonia (the former Yugoslav Republic of),ESP,MKD,2015,18344,2108.379,Europe,Europe,Southern Europe,Southern Europe
Ukraine,Hungary,UKR,HUN,2013,1071038,896.3701,Europe,Europe,Eastern Europe,Eastern Europe
Switzerland,Romania,CHE,ROU,2015,139795,,Europe,Europe,Western Europe,Eastern Europe
Germany,Austria,DEU,AUT,2014,13475286,763.7314,Europe,Europe,Western Europe,Western Europe
Russian Federation,Poland,RUS,POL,2012,3860003,1156.427,Europe,Europe,Eastern Europe,Eastern Europe
Andorra,Estonia,AND,EST,2013,,2464.161,Europe,Europe,Southern Europe,Northern Europe
Malta,Russian Federation,MLT,RUS,2015,36194,2819.734,Europe,Europe,Southern Europe,Eastern Europe
Ukraine,Bulgaria,UKR,BGR,2016,380035,1022.553,Europe,Europe,Eastern Europe,Eastern Europe
Belgium,Ireland,BEL,IRL,2013,338636,775.6281,Europe,Europe,Western Europe,Northern Europe
Luxembourg,Slovakia,LUX,SVK,2014,2278,821.1423,Europe,Europe,Western Europe,Eastern Europe
Austria,Italy,AUT,ITA,2012,4143388,767.4132,Europe,Europe,Western Europe,Southern Europe
Belgium,Russian Federation,BEL,RUS,2013,145778,2261.25,Europe,Europe,Western Europe,Eastern Europe
Bulgaria,Ireland,BGR,IRL,2014,22466,2475.312,Europe,Europe,Eastern Europe,Northern Europe
Latvia,Russian Federation,LVA,RUS,2012,937356,847.8519,Europe,Europe,Northern Europe,Eastern Europe
San Marino,Germany,SMR,DEU,2012,,932.1286,Europe,Europe,Southern Europe,Western Europe
Albania,Sweden,ALB,SWE,2014,5627,2006.998,Europe,Europe,Southern Europe,Northern Europe
Latvia,United Kingdom of Great Britain and Northern Ireland,LVA,GBR,2012,363364,1680.389,Europe,Europe,Northern Europe,Northern Europe
Hungary,Lithuania,HUN,LTU,2012,5889,910.8107,Europe,Europe,Eastern Europe,Northern Europe
Portugal,Greece,PRT,GRC,2016,65852,2853.773,Europe,Europe,Southern Europe,Southern Europe
Bosnia and Herzegovina,Slovakia,BIH,SVK,2012,3594,488.4783,Europe,Europe,Southern Europe,Eastern Europe
Poland,Denmark,POL,DNK,2011,198417,668.9079,Europe,Europe,Eastern Europe,Northern Europe
Lithuania,Norway,LTU,NOR,2014,177553,1048.369,Europe,Europe,Northern Europe,Northern Europe
France,Bulgaria,FRA,BGR,2016,135778,1760.707,Europe,Europe,Western Europe,Eastern Europe
Italy,Austria,ITA,AUT,2013,4356391,767.4132,Europe,Europe,Southern Europe,Western Europe
Iceland,Germany,ISL,DEU,2014,176883,2189.024,Europe,Europe,Northern Europe,Western Europe
Malta,Switzerland,MLT,CHE,2013,55078,1363.745,Europe,Europe,Southern Europe,Western Europe
Belgium,Denmark,BEL,DNK,2015,291255,767.1575,Europe,Europe,Western Europe,Northern Europe
Denmark,Switzerland,DNK,CHE,2015,435484,1033.508,Europe,Europe,Northern Europe,Western Europe
Albania,Norway,ALB,NOR,2014,4754,2160.437,Europe,Europe,Southern Europe,Northern Europe
Ukraine,Moldova (Republic of),UKR,MDA,2011,4072974,399.4606,Europe,Europe,Eastern Europe,Eastern Europe
Ukraine,Hungary,UKR,HUN,2015,1300035,896.3701,Europe,Europe,Eastern Europe,Eastern Europe
Romania,Albania,ROU,ALB,2014,23006,,Europe,Europe,Eastern Europe,Southern Europe
Estonia,Luxembourg,EST,LUX,2011,2752,1614.171,Europe,Europe,Northern Europe,Western Europe
Macedonia (the former Yugoslav Republic of),Luxembourg,MKD,LUX,2014,314,1454.307,Europe,Europe,Southern Europe,Western Europe
Slovakia,Germany,SVK,DEU,2011,220204,817.4212,Europe,Europe,Eastern Europe,Western Europe
Albania,Italy,ALB,ITA,2013,973413,611.7626,Europe,Europe,Southern Europe,Southern Europe
United Kingdom of Great Britain and Northern Ireland,Bosnia and Herzegovina,GBR,BIH,2011,11906,1625.285,Europe,Europe,Northern Europe,Southern Europe
Hungary,Malta,HUN,MLT,2014,41753,1343.903,Europe,Europe,Eastern Europe,Southern Europe
Greece,Croatia,GRC,HRV,2012,17705,1079.422,Europe,Europe,Southern Europe,Southern Europe
Spain,Latvia,ESP,LVA,2014,63389,2715.85,Europe,Europe,Southern Europe,Northern Europe
Moldova (Republic of),Denmark,MDA,DNK,2013,2121,1479.282,Europe,Europe,Eastern Europe,Northern Europe
Romania,Czechia,ROU,CZE,2011,137629,,Europe,Europe,Eastern Europe,Eastern Europe
Germany,Croatia,DEU,HRV,2012,705196,912.2662,Europe,Europe,Western Europe,Southern Europe
Romania,Croatia,ROU,HRV,2016,121628,,Europe,Europe,Eastern Europe,Southern Europe
Luxembourg,Croatia,LUX,HRV,2014,7273,847.312,Europe,Europe,Western Europe,Southern Europe
Moldova (Republic of),Croatia,MDA,HRV,2013,783,995.402,Europe,Europe,Eastern Europe,Southern Europe
Gibraltar,Croatia,GIB,HRV,2016,169,2079.915,Europe,Europe,Southern Europe,Southern Europe
Slovenia,Estonia,SVN,EST,2013,4224,1634.182,Europe,Europe,Southern Europe,Northern Europe
Czechia,Bosnia and Herzegovina,CZE,BIH,2014,2220,757.0533,Europe,Europe,Eastern Europe,Southern Europe
Croatia,Spain,HRV,ESP,2014,132472,1702.46,Europe,Europe,Southern Europe,Southern Europe
Romania,Croatia,ROU,HRV,2013,84767,,Europe,Europe,Eastern Europe,Southern Europe
United Kingdom of Great Britain and Northern Ireland,Malta,GBR,MLT,2012,641530,2092.273,Europe,Europe,Northern Europe,Southern Europe
Albania,Moldova (Republic of),ALB,MDA,2015,375,955.9489,Europe,Europe,Southern Europe,Eastern Europe
Greece,Croatia,GRC,HRV,2014,54135,1079.422,Europe,Europe,Southern Europe,Southern Europe
Gibraltar,Slovakia,GIB,SVK,2012,0,2276.342,Europe,Europe,Southern Europe,Eastern Europe
Switzerland,Croatia,CHE,HRV,2016,247262,667.2937,Europe,Europe,Western Europe,Southern Europe
United Kingdom of Great Britain and Northern Ireland,Moldova (Republic of),GBR,MDA,2013,17282,2150.279,Europe,Europe,Northern Europe,Eastern Europe
Belarus,Croatia,BLR,HRV,2015,14476,1217.08,Europe,Europe,Eastern Europe,Southern Europe
Greece,Croatia,GRC,HRV,2016,51880,1079.422,Europe,Europe,Southern Europe,Southern Europe
Iceland,Gibraltar,ISL,GIB,2012,3,3312.355,Europe,Europe,Northern Europe,Southern Europe
Estonia,Croatia,EST,HRV,2016,22895,1624.37,Europe,Europe,Northern Europe,Southern Europe
Ukraine,Croatia,UKR,HRV,2016,69464,1193.37,Europe,Europe,Eastern Europe,Southern Europe
Belarus,Lithuania,BLR,LTU,2015,165204,169.5256,Europe,Europe,Eastern Europe,Northern Europe
Italy,Croatia,ITA,HRV,2012,1323539,517.0557,Europe,Europe,Southern Europe,Southern Europe
Sweden,Andorra,SWE,AND,2015,0,2191.849,Europe,Europe,Northern Europe,Southern Europe
San Marino,Slovenia,SMR,SVN,2016,,283.7302,Europe,Europe,Southern Europe,Southern Europe
Macedonia (the former Yugoslav Republic of),Croatia,MKD,HRV,2014,37758,610.8091,Europe,Europe,Southern Europe,Southern Europe
Gibraltar,France,GIB,FRA,2016,253,1549.175,Europe,Europe,Southern Europe,Western Europe
France,Russian Federation,FRA,RUS,2015,699446,2494.316,Europe,Europe,Western Europe,Eastern Europe
Sweden,Croatia,SWE,HRV,2015,158895,1512.846,Europe,Europe,Northern Europe,Southern Europe
Lithuania,Croatia,LTU,HRV,2012,4476,1189.612,Europe,Europe,Northern Europe,Southern Europe
Iceland,Croatia,ISL,HRV,2015,1153,3089.354,Europe,Europe,Northern Europe,Southern Europe
United Kingdom of Great Britain and Northern Ireland,Croatia,GBR,HRV,2015,684934,1341.216,Europe,Europe,Northern Europe,Southern Europe
Austria,Latvia,AUT,LVA,2016,49991,1102.181,Europe,Europe,Western Europe,Northern Europe
Macedonia (the former Yugoslav Republic of),Gibraltar,MKD,GIB,2014,,2396.474,Europe,Europe,Southern Europe,Southern Europe
Finland,Croatia,FIN,HRV,2016,86058,1702.673,Europe,Europe,Northern Europe,Southern Europe
Portugal,Ireland,PRT,IRL,2013,492566,1639.821,Europe,Europe,Southern Europe,Northern Europe
Belgium,Croatia,BEL,HRV,2016,193068,1024.412,Europe,Europe,Western Europe,Southern Europe
Slovenia,Hungary,SVN,HUN,2016,123663,381.6249,Europe,Europe,Southern Europe,Eastern Europe
Estonia,Bulgaria,EST,BGR,2014,14848,1866.91,Europe,Europe,Northern Europe,Eastern Europe
San Marino,Croatia,SMR,HRV,2014,,342.8565,Europe,Europe,Southern Europe,Southern Europe
Belarus,San Marino,BLR,SMR,2011,,1549.646,Europe,Europe,Eastern Europe,Southern Europe
Bosnia and Herzegovina,Croatia,BIH,HRV,2011,287006,290.1541,Europe,Europe,Southern Europe,Southern Europe
Ukraine,Croatia,UKR,HRV,2011,59915,1193.37,Europe,Europe,Eastern Europe,Southern Europe
Latvia,Croatia,LVA,HRV,2013,4164,1361.346,Europe,Europe,Northern Europe,Southern Europe
San Marino,Croatia,SMR,HRV,2011,,342.8565,Europe,Europe,Southern Europe,Southern Europe
Portugal,Croatia,PRT,HRV,2014,23074,2200.561,Europe,Europe,Southern Europe,Southern Europe
Spain,Greece,ESP,GRC,2015,398993,2372.903,Europe,Europe,Southern Europe,Southern Europe
Austria,United Kingdom of Great Britain and Northern Ireland,AUT,GBR,2014,1065552,1238.199,Europe,Europe,Western Europe,Northern Europe
Netherlands,Croatia,NLD,HRV,2011,56884,1085.255,Europe,Europe,Western Europe,Southern Europe
Denmark,Croatia,DNK,HRV,2011,62154,1123.37,Europe,Europe,Northern Europe,Southern Europe
Italy,Croatia,ITA,HRV,2013,1221226,517.0557,Europe,Europe,Southern Europe,Southern Europe
Albania,Croatia,ALB,HRV,2012,3134,585.956,Europe,Europe,Southern Europe,Southern Europe
San Marino,Croatia,SMR,HRV,2016,,342.8565,Europe,Europe,Southern Europe,Southern Europe
Poland,Romania,POL,ROU,2014,566932,,Europe,Europe,Eastern Europe,Eastern Europe
Andorra,Croatia,AND,HRV,2014,,1210.269,Europe,Europe,Southern Europe,Southern Europe
Andorra,Croatia,AND,HRV,2013,,1210.269,Europe,Europe,Southern Europe,Southern Europe
Luxembourg,Italy,LUX,ITA,2014,209373,989.5763,Europe,Europe,Western Europe,Southern Europe
Portugal,Croatia,PRT,HRV,2011,19794,2200.561,Europe,Europe,Southern Europe,Southern Europe
Belgium,Croatia,BEL,HRV,2011,126703,1024.412,Europe,Europe,Western Europe,Southern Europe
Andorra,Croatia,AND,HRV,2011,,1210.269,Europe,Europe,Southern Europe,Southern Europe
Latvia,Croatia,LVA,HRV,2012,2176,1361.346,Europe,Europe,Northern Europe,Southern Europe
Poland,Croatia,POL,HRV,2012,564134,805.9365,Europe,Europe,Eastern Europe,Southern Europe
Ukraine,Croatia,UKR,HRV,2014,52028,1193.37,Europe,Europe,Eastern Europe,Southern Europe
Estonia,Gibraltar,EST,GIB,2016,18,3375.481,Europe,Europe,Northern Europe,Southern Europe
Ukraine,Croatia,UKR,HRV,2013,57572,1193.37,Europe,Europe,Eastern Europe,Southern Europe
Hungary,Ireland,HUN,IRL,2015,132742,1895.995,Europe,Europe,Eastern Europe,Northern Europe
Denmark,Croatia,DNK,HRV,2015,97597,1123.37,Europe,Europe,Northern Europe,Southern Europe
Netherlands,Croatia,NLD,HRV,2016,144518,1085.255,Europe,Europe,Western Europe,Southern Europe
Latvia,Sweden,LVA,SWE,2014,553724,441.6495,Europe,Europe,Northern Europe,Northern Europe
Malta,Croatia,MLT,HRV,2015,5338,1108.396,Europe,Europe,Southern Europe,Southern Europe
Austria,Hungary,AUT,HUN,2014,1544055,215.6626,Europe,Europe,Western Europe,Eastern Europe
Ukraine,Netherlands,UKR,NLD,2012,69248,1781.716,Europe,Europe,Eastern Europe,Western Europe
Italy,Ukraine,ITA,UKR,2016,280447,1674.773,Europe,Europe,Southern Europe,Eastern Europe
Luxembourg,Belarus,LUX,BLR,2013,342,1539.179,Europe,Europe,Western Europe,Eastern Europe
Norway,Estonia,NOR,EST,2012,100844,787.4166,Europe,Europe,Northern Europe,Northern Europe
San Marino,Hungary,SMR,HUN,2011,,644.5287,Europe,Europe,Southern Europe,Eastern Europe
Greece,Estonia,GRC,EST,2012,8448,2384.76,Europe,Europe,Southern Europe,Northern Europe
Slovenia,Albania,SVN,ALB,2014,13653,678.3095,Europe,Europe,Southern Europe,Southern Europe
Andorra,Croatia,AND,HRV,2012,,1210.269,Europe,Europe,Southern Europe,Southern Europe
Hungary,Macedonia (the former Yugoslav Republic of),HUN,MKD,2013,1582,641.169,Europe,Europe,Eastern Europe,Southern Europe
Czechia,San Marino,CZE,SMR,2014,,700.1221,Europe,Europe,Eastern Europe,Southern Europe
Italy,Finland,ITA,FIN,2016,355474,2203.158,Europe,Europe,Southern Europe,Northern Europe
Andorra,Italy,AND,ITA,2015,0,909.03,Europe,Europe,Southern Europe,Southern Europe
Belgium,Austria,BEL,AUT,2015,559982,914.4633,Europe,Europe,Western Europe,Western Europe
Portugal,Denmark,PRT,DNK,2015,165822,2478.47,Europe,Europe,Southern Europe,Northern Europe
Albania,Luxembourg,ALB,LUX,2014,1010,1404.884,Europe,Europe,Southern Europe,Western Europe
Poland,Gibraltar,POL,GIB,2011,214,2736.609,Europe,Europe,Eastern Europe,Southern Europe
Ireland,Slovakia,IRL,SVK,2014,77641,1736.948,Europe,Europe,Northern Europe,Eastern Europe
Portugal,Germany,PRT,DEU,2013,1669178,1892.032,Europe,Europe,Southern Europe,Western Europe
Hungary,Greece,HUN,GRC,2012,101879,1123.943,Europe,Europe,Eastern Europe,Southern Europe
Czechia,Estonia,CZE,EST,2011,21957,1227.457,Europe,Europe,Eastern Europe,Northern Europe
Moldova (Republic of),Croatia,MDA,HRV,2011,666,995.402,Europe,Europe,Eastern Europe,Southern Europe
Belarus,Lithuania,BLR,LTU,2013,164251,169.5256,Europe,Europe,Eastern Europe,Northern Europe
Netherlands,United Kingdom of Great Britain and Northern Ireland,NLD,GBR,2012,4903253,360.315,Europe,Europe,Western Europe,Northern Europe
Belgium,Ukraine,BEL,UKR,2011,39557,1837.307,Europe,Europe,Western Europe,Eastern Europe
Gibraltar,Malta,GIB,MLT,2013,72,1787.032,Europe,Europe,Southern Europe,Southern Europe
Finland,Russian Federation,FIN,RUS,2013,124689,892.6777,Europe,Europe,Northern Europe,Eastern Europe
Romania,Estonia,ROU,EST,2014,9559,,Europe,Europe,Eastern Europe,Northern Europe
Spain,San Marino,ESP,SMR,2014,,1390.619,Europe,Europe,Southern Europe,Southern Europe
Hungary,Croatia,HUN,HRV,2016,521896,302.1079,Europe,Europe,Eastern Europe,Southern Europe
Gibraltar,Andorra,GIB,AND,2011,,921.2926,Europe,Europe,Southern Europe,Southern Europe
Slovenia,Poland,SVN,POL,2015,125009,834.402,Europe,Europe,Southern Europe,Eastern Europe
Norway,Hungary,NOR,HUN,2015,120155,1483.495,Europe,Europe,Northern Europe,Eastern Europe
Norway,Hungary,NOR,HUN,2013,114416,1483.495,Europe,Europe,Northern Europe,Eastern Europe
Belarus,Hungary,BLR,HUN,2014,6579,923.2194,Europe,Europe,Eastern Europe,Eastern Europe
Norway,Hungary,NOR,HUN,2011,80446,1483.495,Europe,Europe,Northern Europe,Eastern Europe
Sweden,Hungary,SWE,HUN,2016,305979,1318.564,Europe,Europe,Northern Europe,Eastern Europe
Ukraine,Macedonia (the former Yugoslav Republic of),UKR,MKD,2011,3237,1165.076,Europe,Europe,Eastern Europe,Southern Europe
Spain,Hungary,ESP,HUN,2015,395170,1977.705,Europe,Europe,Southern Europe,Eastern Europe
Luxembourg,Estonia,LUX,EST,2012,2481,1614.171,Europe,Europe,Western Europe,Northern Europe
Finland,Netherlands,FIN,NLD,2012,172642,1505.523,Europe,Europe,Northern Europe,Western Europe
Iceland,Slovakia,ISL,SVK,2016,42,2932.617,Europe,Europe,Northern Europe,Eastern Europe
Russian Federation,Malta,RUS,MLT,2012,33642,2819.734,Europe,Europe,Eastern Europe,Southern Europe
Italy,Hungary,ITA,HUN,2013,921236,811.4083,Europe,Europe,Southern Europe,Eastern Europe
Croatia,Belgium,HRV,BEL,2012,145730,1024.412,Europe,Europe,Southern Europe,Western Europe
Bosnia and Herzegovina,Hungary,BIH,HUN,2012,4134,407.2162,Europe,Europe,Southern Europe,Eastern Europe
Czechia,Lithuania,CZE,LTU,2016,69531,896.5842,Europe,Europe,Eastern Europe,Northern Europe
Albania,Hungary,ALB,HUN,2012,7880,689.0358,Europe,Europe,Southern Europe,Eastern Europe
United Kingdom of Great Britain and Northern Ireland,Hungary,GBR,HUN,2012,864263,1453.666,Europe,Europe,Northern Europe,Eastern Europe
Ukraine,Netherlands,UKR,NLD,2011,55197,1781.716,Europe,Europe,Eastern Europe,Western Europe
Hungary,France,HUN,FRA,2014,319488,1247.24,Europe,Europe,Eastern Europe,Western Europe
Belgium,Hungary,BEL,HUN,2014,300732,1129.979,Europe,Europe,Western Europe,Eastern Europe
United Kingdom of Great Britain and Northern Ireland,Hungary,GBR,HUN,2015,1276413,1453.666,Europe,Europe,Northern Europe,Eastern Europe
Greece,Hungary,GRC,HUN,2014,89784,1123.943,Europe,Europe,Southern Europe,Eastern Europe
Bosnia and Herzegovina,Hungary,BIH,HUN,2013,1533,407.2162,Europe,Europe,Southern Europe,Eastern Europe
Portugal,France,PRT,FRA,2012,2049621,1452.86,Europe,Europe,Southern Europe,Western Europe
Latvia,Hungary,LVA,HUN,2015,11991,1105.945,Europe,Europe,Northern Europe,Eastern Europe
Croatia,Hungary,HRV,HUN,2014,405262,302.1079,Europe,Europe,Southern Europe,Eastern Europe
Latvia,Hungary,LVA,HUN,2012,7772,1105.945,Europe,Europe,Northern Europe,Eastern Europe
Malta,Russian Federation,MLT,RUS,2011,34442,2819.734,Europe,Europe,Southern Europe,Eastern Europe
Poland,Hungary,POL,HUN,2011,652000,546.806,Europe,Europe,Eastern Europe,Eastern Europe
United Kingdom of Great Britain and Northern Ireland,Norway,GBR,NOR,2016,1610054,1157.104,Europe,Europe,Northern Europe,Northern Europe
Iceland,Denmark,ISL,DNK,2011,177593,2111.384,Europe,Europe,Northern Europe,Northern Europe
Germany,San Marino,DEU,SMR,2011,,932.1286,Europe,Europe,Western Europe,Southern Europe
Andorra,Hungary,AND,HUN,2011,,1484.944,Europe,Europe,Southern Europe,Eastern Europe
Romania,Hungary,ROU,HUN,2012,2639014,,Europe,Europe,Eastern Europe,Eastern Europe
Austria,Lithuania,AUT,LTU,2015,40718,948.9832,Europe,Europe,Western Europe,Northern Europe
Estonia,Bosnia and Herzegovina,EST,BIH,2012,230,1782.909,Europe,Europe,Northern Europe,Southern Europe
Hungary,Belgium,HUN,BEL,2013,318291,1129.979,Europe,Europe,Eastern Europe,Western Europe
Greece,Netherlands,GRC,NLD,2012,307380,2162.912,Europe,Europe,Southern Europe,Western Europe
Romania,Hungary,ROU,HUN,2014,2710242,,Europe,Europe,Eastern Europe,Eastern Europe
Slovenia,Croatia,SVN,HRV,2012,1167200,117.3451,Europe,Europe,Southern Europe,Southern Europe
Norway,Slovakia,NOR,SVK,2015,18597,1371.805,Europe,Europe,Northern Europe,Eastern Europe
Latvia,Romania,LVA,ROU,2013,2964,,Europe,Europe,Northern Europe,Eastern Europe
Germany,Bosnia and Herzegovina,DEU,BIH,2013,63973,1202.42,Europe,Europe,Western Europe,Southern Europe
France,Hungary,FRA,HUN,2013,279186,1247.24,Europe,Europe,Western Europe,Eastern Europe
Moldova (Republic of),Greece,MDA,GRC,2012,7893,1084.991,Europe,Europe,Eastern Europe,Southern Europe
Belgium,Ukraine,BEL,UKR,2015,38407,1837.307,Europe,Europe,Western Europe,Eastern Europe
Moldova (Republic of),Hungary,MDA,HUN,2016,2490,740.7287,Europe,Europe,Eastern Europe,Eastern Europe
Malta,Andorra,MLT,AND,2012,,1340.487,Europe,Europe,Southern Europe,Southern Europe
Finland,Czechia,FIN,CZE,2011,91114,1300.095,Europe,Europe,Northern Europe,Eastern Europe
Russian Federation,Hungary,RUS,HUN,2015,176877,1574.19,Europe,Europe,Eastern Europe,Eastern Europe
Slovenia,Macedonia (the former Yugoslav Republic of),SVN,MKD,2015,26122,717.5879,Europe,Europe,Southern Europe,Southern Europe
Spain,Hungary,ESP,HUN,2014,318242,1977.705,Europe,Europe,Southern Europe,Eastern Europe
Portugal,Hungary,PRT,HUN,2012,46982,2471.427,Europe,Europe,Southern Europe,Eastern Europe
Luxembourg,Iceland,LUX,ISL,2013,780,2319.428,Europe,Europe,Western Europe,Northern Europe
Moldova (Republic of),Greece,MDA,GRC,2011,10133,1084.991,Europe,Europe,Eastern Europe,Southern Europe
Germany,Spain,DEU,ESP,2013,15097504,1479.332,Europe,Europe,Western Europe,Southern Europe
Russian Federation,Germany,RUS,DEU,2014,2282209,2065.183,Europe,Europe,Eastern Europe,Western Europe
Finland,Sweden,FIN,SWE,2014,946996,397.8922,Europe,Europe,Northern Europe,Northern Europe
Germany,Andorra,DEU,AND,2015,,1080.611,Europe,Europe,Western Europe,Southern Europe
Germany,Italy,DEU,ITA,2016,12812672,1146.023,Europe,Europe,Western Europe,Southern Europe
Slovakia,Moldova (Republic of),SVK,MDA,2016,116,884.5414,Europe,Europe,Eastern Europe,Eastern Europe
Greece,Austria,GRC,AUT,2012,320430,1283.6,Europe,Europe,Southern Europe,Western Europe
Russian Federation,Lithuania,RUS,LTU,2016,399741,794.0689,Europe,Europe,Eastern Europe,Northern Europe
Luxembourg,Lithuania,LUX,LTU,2013,3044,1420.353,Europe,Europe,Western Europe,Northern Europe
Portugal,Sweden,PRT,SWE,2012,104825,2990.966,Europe,Europe,Southern Europe,Northern Europe
Latvia,Romania,LVA,ROU,2016,4711,,Europe,Europe,Northern Europe,Eastern Europe
Ireland,Bulgaria,IRL,BGR,2015,27353,2475.312,Europe,Europe,Northern Europe,Eastern Europe
Ukraine,Latvia,UKR,LVA,2011,99258,839.8457,Europe,Europe,Eastern Europe,Northern Europe
Russian Federation,Italy,RUS,ITA,2014,1390097,2383.171,Europe,Europe,Eastern Europe,Southern Europe
Germany,Spain,DEU,ESP,2016,18595180,1479.332,Europe,Europe,Western Europe,Southern Europe
Gibraltar,Norway,GIB,NOR,2011,93,2887.885,Europe,Europe,Southern Europe,Northern Europe
Latvia,Hungary,LVA,HUN,2016,13768,1105.945,Europe,Europe,Northern Europe,Eastern Europe
Macedonia (the former Yugoslav Republic of),San Marino,MKD,SMR,2015,,762.0729,Europe,Europe,Southern Europe,Southern Europe
Latvia,Bulgaria,LVA,BGR,2014,14707,1590.733,Europe,Europe,Northern Europe,Eastern Europe
Spain,Romania,ESP,ROU,2012,516863,,Europe,Europe,Southern Europe,Eastern Europe
Gibraltar,Netherlands,GIB,NLD,2012,227,1976.745,Europe,Europe,Southern Europe,Western Europe
Slovakia,Greece,SVK,GRC,2011,46918,1249.986,Europe,Europe,Eastern Europe,Southern Europe
Spain,Latvia,ESP,LVA,2016,78335,2715.85,Europe,Europe,Southern Europe,Northern Europe
Russian Federation,Poland,RUS,POL,2014,4630143,1156.427,Europe,Europe,Eastern Europe,Eastern Europe
Italy,Iceland,ITA,ISL,2013,21125,3307.978,Europe,Europe,Southern Europe,Northern Europe
Albania,Switzerland,ALB,CHE,2014,13996,1167.984,Europe,Europe,Southern Europe,Western Europe
Portugal,Netherlands,PRT,NLD,2011,669802,1862.043,Europe,Europe,Southern Europe,Western Europe
Hungary,Portugal,HUN,PRT,2011,43523,2471.427,Europe,Europe,Eastern Europe,Southern Europe
Germany,Slovakia,DEU,SVK,2013,258005,817.4212,Europe,Europe,Western Europe,Eastern Europe
Italy,Germany,ITA,DEU,2016,12812672,1146.023,Europe,Europe,Southern Europe,Western Europe
Italy,Portugal,ITA,PRT,2016,992521,1864.041,Europe,Europe,Southern Europe,Southern Europe
Ireland,Austria,IRL,AUT,2011,82302,1681.996,Europe,Europe,Northern Europe,Western Europe
Germany,Slovakia,DEU,SVK,2015,282077,817.4212,Europe,Europe,Western Europe,Eastern Europe
Finland,Poland,FIN,POL,2016,218216,911.2882,Europe,Europe,Northern Europe,Eastern Europe
Denmark,Ukraine,DNK,UKR,2011,40584,1328.55,Europe,Europe,Northern Europe,Eastern Europe
Sweden,Slovakia,SWE,SVK,2011,8404,1244.273,Europe,Europe,Northern Europe,Eastern Europe
Luxembourg,Andorra,LUX,AND,2012,,867.6033,Europe,Europe,Western Europe,Southern Europe
Netherlands,Russian Federation,NLD,RUS,2011,198170,2155.229,Europe,Europe,Western Europe,Eastern Europe
Bosnia and Herzegovina,Russian Federation,BIH,RUS,2014,14471,1902.116,Europe,Europe,Southern Europe,Eastern Europe
United Kingdom of Great Britain and Northern Ireland,Switzerland,GBR,CHE,2014,4345477,748.7117,Europe,Europe,Northern Europe,Western Europe
Belarus,Italy,BLR,ITA,2014,68341,1732.921,Europe,Europe,Eastern Europe,Southern Europe
Macedonia (the former Yugoslav Republic of),Hungary,MKD,HUN,2011,9766,641.169,Europe,Europe,Southern Europe,Eastern Europe
Slovakia,Greece,SVK,GRC,2013,50846,1249.986,Europe,Europe,Eastern Europe,Southern Europe
Albania,Hungary,ALB,HUN,2015,3816,689.0358,Europe,Europe,Southern Europe,Eastern Europe
Latvia,Estonia,LVA,EST,2012,1080950,277.1711,Europe,Europe,Northern Europe,Northern Europe
San Marino,Russian Federation,SMR,RUS,2015,65623,2215.114,Europe,Europe,Southern Europe,Eastern Europe
Italy,Bulgaria,ITA,BGR,2013,230793,893.0574,Europe,Europe,Southern Europe,Eastern Europe
Gibraltar,Hungary,GIB,HUN,2011,26,2371.369,Europe,Europe,Southern Europe,Eastern Europe
Estonia,Ukraine,EST,UKR,2012,29201,1066.134,Europe,Europe,Northern Europe,Eastern Europe
Moldova (Republic of),Bulgaria,MDA,BGR,2016,2541,650.3213,Europe,Europe,Eastern Europe,Eastern Europe
Lithuania,Iceland,LTU,ISL,2015,4412,2797.459,Europe,Europe,Northern Europe,Northern Europe
Slovenia,Romania,SVN,ROU,2015,51006,,Europe,Europe,Southern Europe,Eastern Europe
San Marino,Latvia,SMR,LVA,2012,,1659.333,Europe,Europe,Southern Europe,Northern Europe
Iceland,Czechia,ISL,CZE,2014,2529,2640.109,Europe,Europe,Northern Europe,Eastern Europe
United Kingdom of Great Britain and Northern Ireland,Andorra,GBR,AND,2016,0,1009.577,Europe,Europe,Northern Europe,Southern Europe
Latvia,Albania,LVA,ALB,2016,753,1765.015,Europe,Europe,Northern Europe,Southern Europe
Czechia,Bosnia and Herzegovina,CZE,BIH,2013,2009,757.0533,Europe,Europe,Eastern Europe,Southern Europe
Denmark,Latvia,DNK,LVA,2012,80428,724.3204,Europe,Europe,Northern Europe,Northern Europe
Belgium,Gibraltar,BEL,GIB,2013,57,1810.312,Europe,Europe,Western Europe,Southern Europe
Czechia,Hungary,CZE,HUN,2015,953216,445.1513,Europe,Europe,Eastern Europe,Eastern Europe
Latvia,Switzerland,LVA,CHE,2016,48823,1587.651,Europe,Europe,Northern Europe,Western Europe
Slovenia,France,SVN,FRA,2015,49350,965.7366,Europe,Europe,Southern Europe,Western Europe
Greece,Czechia,GRC,CZE,2016,478126,1535.797,Europe,Europe,Southern Europe,Eastern Europe
Slovenia,United Kingdom of Great Britain and Northern Ireland,SVN,GBR,2015,145035,1230.756,Europe,Europe,Southern Europe,Northern Europe
Netherlands,France,NLD,FRA,2011,7112644,427.9169,Europe,Europe,Western Europe,Western Europe
Norway,Latvia,NOR,LVA,2016,207312,843.114,Europe,Europe,Northern Europe,Northern Europe
Moldova (Republic of),Luxembourg,MDA,LUX,2015,512,1697.473,Europe,Europe,Eastern Europe,Western Europe
Belarus,Norway,BLR,NOR,2016,1799,1216.697,Europe,Europe,Eastern Europe,Northern Europe
Bosnia and Herzegovina,Switzerland,BIH,CHE,2013,40013,924.4724,Europe,Europe,Southern Europe,Western Europe
Switzerland,Ireland,CHE,IRL,2011,208205,1203.958,Europe,Europe,Western Europe,Northern Europe
Moldova (Republic of),Iceland,MDA,ISL,2013,3,3584.765,Europe,Europe,Eastern Europe,Northern Europe
Portugal,Switzerland,PRT,CHE,2014,1034559,1626.974,Europe,Europe,Southern Europe,Western Europe
Estonia,Hungary,EST,HUN,2012,5632,1377.818,Europe,Europe,Northern Europe,Eastern Europe
Andorra,San Marino,AND,SMR,2012,,905.0686,Europe,Europe,Southern Europe,Southern Europe
Greece,Netherlands,GRC,NLD,2014,521896,2162.912,Europe,Europe,Southern Europe,Western Europe
Portugal,Spain,PRT,ESP,2012,3080512,500.9223,Europe,Europe,Southern Europe,Southern Europe
Denmark,Russian Federation,DNK,RUS,2011,83896,1566.362,Europe,Europe,Northern Europe,Eastern Europe
Croatia,Lithuania,HRV,LTU,2015,32470,1189.612,Europe,Europe,Southern Europe,Northern Europe
Romania,Slovenia,ROU,SVN,2013,45719,,Europe,Europe,Eastern Europe,Southern Europe
Greece,Estonia,GRC,EST,2011,12573,2384.76,Europe,Europe,Southern Europe,Northern Europe
Lithuania,Ireland,LTU,IRL,2016,122607,2052.635,Europe,Europe,Northern Europe,Northern Europe
Malta,Lithuania,MLT,LTU,2015,14768,2248.596,Europe,Europe,Southern Europe,Northern Europe
Spain,Ireland,ESP,IRL,2011,2033156,1450.236,Europe,Europe,Southern Europe,Northern Europe
Belarus,Ireland,BLR,IRL,2014,763,2209.153,Europe,Europe,Eastern Europe,Northern Europe
Switzerland,Bosnia and Herzegovina,CHE,BIH,2013,39741,924.4724,Europe,Europe,Western Europe,Southern Europe
Austria,Spain,AUT,ESP,2011,935121,1811.999,Europe,Europe,Western Europe,Southern Europe
Ireland,Moldova (Republic of),IRL,MDA,2012,2431,2569.662,Europe,Europe,Northern Europe,Eastern Europe
Denmark,Albania,DNK,ALB,2015,6369,1679.912,Europe,Europe,Northern Europe,Southern Europe
Belgium,Ireland,BEL,IRL,2015,416225,775.6281,Europe,Europe,Western Europe,Northern Europe
Albania,Ireland,ALB,IRL,2011,1455,2355.755,Europe,Europe,Southern Europe,Northern Europe
Ukraine,Ireland,UKR,IRL,2015,6699,2517.525,Europe,Europe,Eastern Europe,Northern Europe
Albania,Ireland,ALB,IRL,2013,966,2355.755,Europe,Europe,Southern Europe,Northern Europe
Switzerland,Ireland,CHE,IRL,2016,309075,1203.958,Europe,Europe,Western Europe,Northern Europe
United Kingdom of Great Britain and Northern Ireland,Ireland,GBR,IRL,2012,8142692,460.4115,Europe,Europe,Northern Europe,Northern Europe
Hungary,Ukraine,HUN,UKR,2015,1300035,896.3701,Europe,Europe,Eastern Europe,Eastern Europe
Luxembourg,San Marino,LUX,SMR,2014,,792.4816,Europe,Europe,Western Europe,Southern Europe
Austria,Ireland,AUT,IRL,2013,105558,1681.996,Europe,Europe,Western Europe,Northern Europe
Bulgaria,Ireland,BGR,IRL,2013,20435,2475.312,Europe,Europe,Eastern Europe,Northern Europe
Bosnia and Herzegovina,Ireland,BIH,IRL,2014,865,2084.593,Europe,Europe,Southern Europe,Northern Europe
Poland,Estonia,POL,EST,2013,146001,831.0393,Europe,Europe,Eastern Europe,Northern Europe
Croatia,Ireland,HRV,IRL,2013,45146,1799.206,Europe,Europe,Southern Europe,Northern Europe
Belgium,Hungary,BEL,HUN,2015,314308,1129.979,Europe,Europe,Western Europe,Eastern Europe
Italy,Ireland,ITA,IRL,2016,836915,1887.733,Europe,Europe,Southern Europe,Northern Europe
Poland,Czechia,POL,CZE,2016,12891332,516.6628,Europe,Europe,Eastern Europe,Eastern Europe
United Kingdom of Great Britain and Northern Ireland,Hungary,GBR,HUN,2011,697550,1453.666,Europe,Europe,Northern Europe,Eastern Europe
Moldova (Republic of),Poland,MDA,POL,2015,30634,811.762,Europe,Europe,Eastern Europe,Eastern Europe
Netherlands,Ireland,NLD,IRL,2013,470589,756.7269,Europe,Europe,Western Europe,Northern Europe
Andorra,Ireland,AND,IRL,2014,,1335.314,Europe,Europe,Southern Europe,Northern Europe
Albania,Italy,ALB,ITA,2012,983589,611.7626,Europe,Europe,Southern Europe,Southern Europe
Sweden,Russian Federation,SWE,RUS,2011,564142,1232.383,Europe,Europe,Northern Europe,Eastern Europe
Belgium,Switzerland,BEL,CHE,2016,615139,487.4555,Europe,Europe,Western Europe,Western Europe
Andorra,Iceland,AND,ISL,2015,,2833.952,Europe,Europe,Southern Europe,Northern Europe
Luxembourg,Ireland,LUX,IRL,2016,28836,953.1994,Europe,Europe,Western Europe,Northern Europe
Croatia,United Kingdom of Great Britain and Northern Ireland,HRV,GBR,2012,461974,1341.216,Europe,Europe,Southern Europe,Northern Europe
San Marino,Moldova (Republic of),SMR,MDA,2016,,1317.19,Europe,Europe,Southern Europe,Eastern Europe
Moldova (Republic of),Ireland,MDA,IRL,2013,4600,2569.662,Europe,Europe,Eastern Europe,Northern Europe
Switzerland,Ireland,CHE,IRL,2013,234755,1203.958,Europe,Europe,Western Europe,Northern Europe
Netherlands,Ireland,NLD,IRL,2015,550615,756.7269,Europe,Europe,Western Europe,Northern Europe
Albania,Ireland,ALB,IRL,2012,812,2355.755,Europe,Europe,Southern Europe,Northern Europe
Poland,Ireland,POL,IRL,2014,642780,1826.82,Europe,Europe,Eastern Europe,Northern Europe
Moldova (Republic of),United Kingdom of Great Britain and Northern Ireland,MDA,GBR,2016,73503,2150.279,Europe,Europe,Eastern Europe,Northern Europe
Moldova (Republic of),Switzerland,MDA,CHE,2016,9387,1620.078,Europe,Europe,Eastern Europe,Western Europe
Switzerland,United Kingdom of Great Britain and Northern Ireland,CHE,GBR,2011,3934935,748.7117,Europe,Europe,Western Europe,Northern Europe
Macedonia (the former Yugoslav Republic of),Andorra,MKD,AND,2011,,1642.107,Europe,Europe,Southern Europe,Southern Europe
Andorra,United Kingdom of Great Britain and Northern Ireland,AND,GBR,2011,0,1009.577,Europe,Europe,Southern Europe,Northern Europe
Slovakia,Germany,SVK,DEU,2015,282077,817.4212,Europe,Europe,Eastern Europe,Western Europe
Macedonia (the former Yugoslav Republic of),Ireland,MKD,IRL,2014,569,2407.447,Europe,Europe,Southern Europe,Northern Europe
San Marino,Iceland,SMR,ISL,2015,,3109.966,Europe,Europe,Southern Europe,Northern Europe
Czechia,Ireland,CZE,IRL,2014,126312,1465.218,Europe,Europe,Eastern Europe,Northern Europe
Belgium,Sweden,BEL,SWE,2013,242057,1283.716,Europe,Europe,Western Europe,Northern Europe
San Marino,Denmark,SMR,DNK,2012,,1304.072,Europe,Europe,Southern Europe,Northern Europe
Poland,Ireland,POL,IRL,2013,699871,1826.82,Europe,Europe,Eastern Europe,Northern Europe
Ireland,Croatia,IRL,HRV,2013,44950,1799.206,Europe,Europe,Northern Europe,Southern Europe
Sweden,Ireland,SWE,IRL,2013,117324,1631.147,Europe,Europe,Northern Europe,Northern Europe
Croatia,Malta,HRV,MLT,2013,4203,1108.396,Europe,Europe,Southern Europe,Southern Europe
Slovakia,Czechia,SVK,CZE,2013,945134,293.086,Europe,Europe,Eastern Europe,Eastern Europe
San Marino,Slovakia,SMR,SVK,2014,,591.9698,Europe,Europe,Southern Europe,Eastern Europe
Belgium,Austria,BEL,AUT,2011,529707,914.4633,Europe,Europe,Western Europe,Western Europe
Hungary,Ireland,HUN,IRL,2011,95152,1895.995,Europe,Europe,Eastern Europe,Northern Europe
Iceland,Macedonia (the former Yugoslav Republic of),ISL,MKD,2011,57,3686.858,Europe,Europe,Northern Europe,Southern Europe
Czechia,Ireland,CZE,IRL,2011,67352,1465.218,Europe,Europe,Eastern Europe,Northern Europe
Albania,Austria,ALB,AUT,2014,21313,812.9326,Europe,Europe,Southern Europe,Western Europe
Austria,Ukraine,AUT,UKR,2015,114182,1052.484,Europe,Europe,Western Europe,Eastern Europe
Albania,Andorra,ALB,AND,2012,,1519.551,Europe,Europe,Southern Europe,Southern Europe
Russian Federation,Ireland,RUS,IRL,2015,25622,2802.315,Europe,Europe,Eastern Europe,Northern Europe
Slovenia,Ireland,SVN,IRL,2011,2996,1689.878,Europe,Europe,Southern Europe,Northern Europe
Portugal,Ireland,PRT,IRL,2015,568531,1639.821,Europe,Europe,Southern Europe,Northern Europe
Austria,Malta,AUT,MLT,2013,43630,1379.07,Europe,Europe,Western Europe,Southern Europe
Sweden,Ireland,SWE,IRL,2014,89559,1631.147,Europe,Europe,Northern Europe,Northern Europe
Luxembourg,Ireland,LUX,IRL,2014,18486,953.1994,Europe,Europe,Western Europe,Northern Europe
France,Ukraine,FRA,UKR,2013,148311,2025.144,Europe,Europe,Western Europe,Eastern Europe
Czechia,Croatia,CZE,HRV,2011,686228,492.0173,Europe,Europe,Eastern Europe,Southern Europe
Russian Federation,Ireland,RUS,IRL,2012,21894,2802.315,Europe,Europe,Eastern Europe,Northern Europe
Gibraltar,Greece,GIB,GRC,2016,344,2580.711,Europe,Europe,Southern Europe,Southern Europe
San Marino,Ireland,SMR,IRL,2013,,1720.421,Europe,Europe,Southern Europe,Northern Europe
Netherlands,Ireland,NLD,IRL,2016,718003,756.7269,Europe,Europe,Western Europe,Northern Europe
Hungary,Denmark,HUN,DNK,2011,87049,1011.98,Europe,Europe,Eastern Europe,Northern Europe
Malta,Iceland,MLT,ISL,2016,738,3978.502,Europe,Europe,Southern Europe,Northern Europe
Malta,Norway,MLT,NOR,2015,21758,2686.866,Europe,Europe,Southern Europe,Northern Europe
Norway,Netherlands,NOR,NLD,2015,531668,916.1565,Europe,Europe,Northern Europe,Western Europe
Austria,Estonia,AUT,EST,2016,34149,1360.358,Europe,Europe,Western Europe,Northern Europe
Bulgaria,Latvia,BGR,LVA,2011,6097,1590.733,Europe,Europe,Eastern Europe,Northern Europe
United Kingdom of Great Britain and Northern Ireland,France,GBR,FRA,2011,8656017,342.9475,Europe,Europe,Northern Europe,Western Europe
Bosnia and Herzegovina,Moldova (Republic of),BIH,MDA,2012,307,883.0676,Europe,Europe,Southern Europe,Eastern Europe
Malta,Hungary,MLT,HUN,2015,49526,1343.903,Europe,Europe,Southern Europe,Eastern Europe
United Kingdom of Great Britain and Northern Ireland,Bulgaria,GBR,BGR,2014,521098,2019.341,Europe,Europe,Northern Europe,Eastern Europe
Switzerland,Poland,CHE,POL,2014,268154,1139.992,Europe,Europe,Western Europe,Eastern Europe
Latvia,Romania,LVA,ROU,2014,4564,,Europe,Europe,Northern Europe,Eastern Europe
Switzerland,Iceland,CHE,ISL,2013,23457,2617.349,Europe,Europe,Western Europe,Northern Europe
Albania,Bosnia and Herzegovina,ALB,BIH,2011,10826,303.8697,Europe,Europe,Southern Europe,Southern Europe
San Marino,United Kingdom of Great Britain and Northern Ireland,SMR,GBR,2013,,1263.348,Europe,Europe,Southern Europe,Northern Europe
Gibraltar,Estonia,GIB,EST,2014,40,3375.481,Europe,Europe,Southern Europe,Northern Europe
Bosnia and Herzegovina,Ukraine,BIH,UKR,2015,3170,1166.276,Europe,Europe,Southern Europe,Eastern Europe
Slovenia,Macedonia (the former Yugoslav Republic of),SVN,MKD,2014,27747,717.5879,Europe,Europe,Southern Europe,Southern Europe
Denmark,Bosnia and Herzegovina,DNK,BIH,2011,20506,1377.807,Europe,Europe,Northern Europe,Southern Europe
Ireland,Lithuania,IRL,LTU,2011,128476,2052.635,Europe,Europe,Northern Europe,Northern Europe
Ireland,Greece,IRL,GRC,2011,20891,2855.222,Europe,Europe,Northern Europe,Southern Europe
Estonia,Croatia,EST,HRV,2013,13213,1624.37,Europe,Europe,Northern Europe,Southern Europe
Slovakia,United Kingdom of Great Britain and Northern Ireland,SVK,GBR,2015,482332,1294.938,Europe,Europe,Eastern Europe,Northern Europe
Bulgaria,Italy,BGR,ITA,2011,268469,893.0574,Europe,Europe,Eastern Europe,Southern Europe
Albania,Denmark,ALB,DNK,2013,3469,1679.912,Europe,Europe,Southern Europe,Northern Europe
Bosnia and Herzegovina,Italy,BIH,ITA,2015,389233,531.7457,Europe,Europe,Southern Europe,Southern Europe
Malta,Macedonia (the former Yugoslav Republic of),MLT,MKD,2011,257,905.4888,Europe,Europe,Southern Europe,Southern Europe
Czechia,Bulgaria,CZE,BGR,2015,204181,1069.866,Europe,Europe,Eastern Europe,Eastern Europe
Italy,Russian Federation,ITA,RUS,2016,1179209,2383.171,Europe,Europe,Southern Europe,Eastern Europe
Malta,Slovenia,MLT,SVN,2011,6510,1131.545,Europe,Europe,Southern Europe,Southern Europe
Albania,Gibraltar,ALB,GIB,2014,0,2251.487,Europe,Europe,Southern Europe,Southern Europe
Ukraine,Lithuania,UKR,LTU,2016,136204,590.0546,Europe,Europe,Eastern Europe,Northern Europe
Bulgaria,France,BGR,FRA,2015,134784,1760.707,Europe,Europe,Eastern Europe,Western Europe
San Marino,Italy,SMR,ITA,2011,,230.0196,Europe,Europe,Southern Europe,Southern Europe
Russian Federation,Moldova (Republic of),RUS,MDA,2013,1376294,1150.314,Europe,Europe,Eastern Europe,Eastern Europe
Luxembourg,France,LUX,FRA,2011,6754508,289.1023,Europe,Europe,Western Europe,Western Europe
Denmark,Latvia,DNK,LVA,2016,70537,724.3204,Europe,Europe,Northern Europe,Northern Europe
Luxembourg,Belarus,LUX,BLR,2016,446,1539.179,Europe,Europe,Western Europe,Eastern Europe
Croatia,Germany,HRV,DEU,2012,718546,912.2662,Europe,Europe,Southern Europe,Western Europe
Slovenia,Norway,SVN,NOR,2014,13015,1561.207,Europe,Europe,Southern Europe,Northern Europe
Slovakia,Norway,SVK,NOR,2011,1594,1371.805,Europe,Europe,Eastern Europe,Northern Europe
Netherlands,Romania,NLD,ROU,2011,75073,,Europe,Europe,Western Europe,Eastern Europe
Poland,Portugal,POL,PRT,2013,162773,2760.441,Europe,Europe,Eastern Europe,Southern Europe
Bosnia and Herzegovina,Belgium,BIH,BEL,2015,6957,1311.355,Europe,Europe,Southern Europe,Western Europe
Finland,Belgium,FIN,BEL,2014,127205,1651.582,Europe,Europe,Northern Europe,Western Europe
Hungary,Netherlands,HUN,NLD,2012,288810,1145.901,Europe,Europe,Eastern Europe,Western Europe
Finland,Netherlands,FIN,NLD,2013,172238,1505.523,Europe,Europe,Northern Europe,Western Europe
Russian Federation,Gibraltar,RUS,GIB,2012,957,3890.748,Europe,Europe,Eastern Europe,Southern Europe
Bulgaria,Slovakia,BGR,SVK,2014,90013,776.8502,Europe,Europe,Eastern Europe,Eastern Europe
Andorra,Gibraltar,AND,GIB,2016,,921.2926,Europe,Europe,Southern Europe,Southern Europe
Romania,France,ROU,FRA,2013,282932,,Europe,Europe,Eastern Europe,Western Europe
Andorra,Switzerland,AND,CHE,2011,,681.8435,Europe,Europe,Southern Europe,Western Europe
Sweden,Austria,SWE,AUT,2014,209330,1242.31,Europe,Europe,Northern Europe,Western Europe
Macedonia (the former Yugoslav Republic of),Ireland,MKD,IRL,2013,446,2407.447,Europe,Europe,Southern Europe,Northern Europe
Germany,Croatia,DEU,HRV,2016,2377780,912.2662,Europe,Europe,Western Europe,Southern Europe
Estonia,Poland,EST,POL,2012,135513,831.0393,Europe,Europe,Northern Europe,Eastern Europe
Poland,Belgium,POL,BEL,2014,400204,1160.644,Europe,Europe,Eastern Europe,Western Europe
Albania,Slovenia,ALB,SVN,2016,17029,678.3095,Europe,Europe,Southern Europe,Southern Europe
Macedonia (the former Yugoslav Republic of),Italy,MKD,ITA,2014,69045,742.0995,Europe,Europe,Southern Europe,Southern Europe
Germany,Finland,DEU,FIN,2012,829292,1474.956,Europe,Europe,Western Europe,Northern Europe
Italy,Greece,ITA,GRC,2012,1290029,1050.411,Europe,Europe,Southern Europe,Southern Europe
Slovenia,Belarus,SVN,BLR,2016,1109,1267.967,Europe,Europe,Southern Europe,Eastern Europe
Lithuania,Italy,LTU,ITA,2014,208280,1706.051,Europe,Europe,Northern Europe,Southern Europe
Portugal,Croatia,PRT,HRV,2016,29044,2200.561,Europe,Europe,Southern Europe,Southern Europe
Macedonia (the former Yugoslav Republic of),Bosnia and Herzegovina,MKD,BIH,2016,14329,322.8538,Europe,Europe,Southern Europe,Southern Europe
Bosnia and Herzegovina,Belarus,BIH,BLR,2016,148,1292.046,Europe,Europe,Southern Europe,Eastern Europe
Andorra,France,AND,FRA,2016,0,711.5485,Europe,Europe,Southern Europe,Western Europe
Slovenia,Macedonia (the former Yugoslav Republic of),SVN,MKD,2016,27369,717.5879,Europe,Europe,Southern Europe,Southern Europe
Gibraltar,Slovenia,GIB,SVN,2014,0,1989.75,Europe,Europe,Southern Europe,Southern Europe
Denmark,Finland,DNK,FIN,2015,397793,884.6371,Europe,Europe,Northern Europe,Northern Europe
Moldova (Republic of),Italy,MDA,ITA,2016,357693,1413.827,Europe,Europe,Eastern Europe,Southern Europe
Albania,Bulgaria,ALB,BGR,2012,46725,324.0465,Europe,Europe,Southern Europe,Eastern Europe
Denmark,Romania,DNK,ROU,2013,32148,,Europe,Europe,Northern Europe,Eastern Europe
Sweden,Spain,SWE,ESP,2012,1615676,2596.908,Europe,Europe,Northern Europe,Southern Europe
San Marino,Norway,SMR,NOR,2014,,1780.931,Europe,Europe,Southern Europe,Northern Europe
Ukraine,Poland,UKR,POL,2016,12348163,690.8161,Europe,Europe,Eastern Europe,Eastern Europe
Spain,Luxembourg,ESP,LUX,2011,182166,1281.233,Europe,Europe,Southern Europe,Western Europe
Malta,Portugal,MLT,PRT,2011,5221,2112.431,Europe,Europe,Southern Europe,Southern Europe
Spain,Iceland,ESP,ISL,2012,47481,2894.701,Europe,Europe,Southern Europe,Northern Europe
Finland,Hungary,FIN,HUN,2015,130572,1457.984,Europe,Europe,Northern Europe,Eastern Europe
Czechia,Iceland,CZE,ISL,2014,2561,2640.109,Europe,Europe,Eastern Europe,Northern Europe
Bosnia and Herzegovina,Iceland,BIH,ISL,2012,31,3376.985,Europe,Europe,Southern Europe,Northern Europe
Albania,Iceland,ALB,ISL,2011,13,3675.061,Europe,Europe,Southern Europe,Northern Europe
Croatia,Netherlands,HRV,NLD,2013,65079,1085.255,Europe,Europe,Southern Europe,Western Europe
Slovakia,United Kingdom of Great Britain and Northern Ireland,SVK,GBR,2011,357036,1294.938,Europe,Europe,Eastern Europe,Northern Europe
Russian Federation,France,RUS,FRA,2015,706682,2494.316,Europe,Europe,Eastern Europe,Western Europe
Slovakia,Iceland,SVK,ISL,2011,16,2932.617,Europe,Europe,Eastern Europe,Northern Europe
Norway,Latvia,NOR,LVA,2011,193981,843.114,Europe,Europe,Northern Europe,Northern Europe
Switzerland,Iceland,CHE,ISL,2014,48941,2617.349,Europe,Europe,Western Europe,Northern Europe
Romania,Iceland,ROU,ISL,2016,1986,,Europe,Europe,Eastern Europe,Northern Europe
Ukraine,Iceland,UKR,ISL,2014,689,3379.359,Europe,Europe,Eastern Europe,Northern Europe
Ireland,Lithuania,IRL,LTU,2012,141942,2052.635,Europe,Europe,Northern Europe,Northern Europe
Ukraine,Portugal,UKR,PRT,2013,30792,3351.661,Europe,Europe,Eastern Europe,Southern Europe
Estonia,Iceland,EST,ISL,2013,1394,2454.359,Europe,Europe,Northern Europe,Northern Europe
United Kingdom of Great Britain and Northern Ireland,Finland,GBR,FIN,2013,489186,1826.928,Europe,Europe,Northern Europe,Northern Europe
Iceland,Bosnia and Herzegovina,ISL,BIH,2014,132,3376.985,Europe,Europe,Northern Europe,Southern Europe
Gibraltar,Iceland,GIB,ISL,2016,24,3312.355,Europe,Europe,Southern Europe,Northern Europe
Lithuania,Moldova (Republic of),LTU,MDA,2014,2209,889.8586,Europe,Europe,Northern Europe,Eastern Europe
Belgium,Iceland,BEL,ISL,2013,12220,2133.168,Europe,Europe,Western Europe,Northern Europe
Finland,Austria,FIN,AUT,2011,122105,1437.813,Europe,Europe,Northern Europe,Western Europe
Hungary,France,HUN,FRA,2013,279253,1247.24,Europe,Europe,Eastern Europe,Western Europe
Germany,Iceland,DEU,ISL,2013,171875,2189.024,Europe,Europe,Western Europe,Northern Europe
Austria,Estonia,AUT,EST,2011,24600,1360.358,Europe,Europe,Western Europe,Northern Europe
Ukraine,Iceland,UKR,ISL,2016,1610,3379.359,Europe,Europe,Eastern Europe,Northern Europe
Germany,Iceland,DEU,ISL,2016,312746,2189.024,Europe,Europe,Western Europe,Northern Europe
Italy,Iceland,ITA,ISL,2012,18101,3307.978,Europe,Europe,Southern Europe,Northern Europe
Bosnia and Herzegovina,Iceland,BIH,ISL,2011,23,3376.985,Europe,Europe,Southern Europe,Northern Europe
Moldova (Republic of),Romania,MDA,ROU,2013,997425,,Europe,Europe,Eastern Europe,Eastern Europe
Andorra,Lithuania,AND,LTU,2015,,2198.052,Europe,Europe,Southern Europe,Northern Europe
Iceland,Poland,ISL,POL,2014,24959,2773.481,Europe,Europe,Northern Europe,Eastern Europe
Albania,Iceland,ALB,ISL,2012,30,3675.061,Europe,Europe,Southern Europe,Northern Europe
Poland,Iceland,POL,ISL,2014,24959,2773.481,Europe,Europe,Eastern Europe,Northern Europe
Moldova (Republic of),Russian Federation,MDA,RUS,2013,1376294,1150.314,Europe,Europe,Eastern Europe,Eastern Europe
Italy,Romania,ITA,ROU,2016,1588200,,Europe,Europe,Southern Europe,Eastern Europe
Gibraltar,Iceland,GIB,ISL,2011,4,3312.355,Europe,Europe,Southern Europe,Northern Europe
Ireland,Iceland,IRL,ISL,2016,50860,1499.031,Europe,Europe,Northern Europe,Northern Europe
Finland,Iceland,FIN,ISL,2015,40652,2424.555,Europe,Europe,Northern Europe,Northern Europe
Croatia,Iceland,HRV,ISL,2012,384,3089.354,Europe,Europe,Southern Europe,Northern Europe
Slovenia,Luxembourg,SVN,LUX,2014,3225,736.8185,Europe,Europe,Southern Europe,Western Europe
Hungary,Iceland,HUN,ISL,2013,1209,3077.932,Europe,Europe,Eastern Europe,Northern Europe
Slovenia,France,SVN,FRA,2011,78275,965.7366,Europe,Europe,Southern Europe,Western Europe
Finland,Moldova (Republic of),FIN,MDA,2014,1665,1482.904,Europe,Europe,Northern Europe,Eastern Europe
Lithuania,United Kingdom of Great Britain and Northern Ireland,LTU,GBR,2013,532552,1729.554,Europe,Europe,Northern Europe,Northern Europe
United Kingdom of Great Britain and Northern Ireland,Iceland,GBR,ISL,2014,446318,1891.859,Europe,Europe,Northern Europe,Northern Europe
Spain,Switzerland,ESP,CHE,2016,4049828,1153.117,Europe,Europe,Southern Europe,Western Europe
Denmark,Iceland,DNK,ISL,2012,177006,2111.384,Europe,Europe,Northern Europe,Northern Europe
Sweden,United Kingdom of Great Britain and Northern Ireland,SWE,GBR,2015,1733938,1437.571,Europe,Europe,Northern Europe,Northern Europe
Latvia,Iceland,LVA,ISL,2012,1236,2579.342,Europe,Europe,Northern Europe,Northern Europe
Switzerland,Iceland,CHE,ISL,2011,12662,2617.349,Europe,Europe,Western Europe,Northern Europe
Lithuania,Iceland,LTU,ISL,2016,11720,2797.459,Europe,Europe,Northern Europe,Northern Europe
Greece,Lithuania,GRC,LTU,2015,63919,1860.701,Europe,Europe,Southern Europe,Northern Europe
Malta,Latvia,MLT,LVA,2013,3590,2449.608,Europe,Europe,Southern Europe,Northern Europe
Spain,Czechia,ESP,CZE,2015,520105,1776.348,Europe,Europe,Southern Europe,Eastern Europe
Ukraine,Iceland,UKR,ISL,2011,563,3379.359,Europe,Europe,Eastern Europe,Northern Europe
Finland,Ireland,FIN,IRL,2013,38595,2028.749,Europe,Europe,Northern Europe,Northern Europe
Slovenia,Iceland,SVN,ISL,2013,252,2999.913,Europe,Europe,Southern Europe,Northern Europe
Russian Federation,Iceland,RUS,ISL,2014,10529,3316.138,Europe,Europe,Eastern Europe,Northern Europe
United Kingdom of Great Britain and Northern Ireland,Germany,GBR,DEU,2015,9533997,495.3633,Europe,Europe,Northern Europe,Western Europe
Norway,Malta,NOR,MLT,2014,22232,2686.866,Europe,Europe,Northern Europe,Southern Europe
Austria,Latvia,AUT,LVA,2015,45955,1102.181,Europe,Europe,Western Europe,Northern Europe
San Marino,Bosnia and Herzegovina,SMR,BIH,2014,,476.5566,Europe,Europe,Southern Europe,Southern Europe
Portugal,Iceland,PRT,ISL,2014,1676,2952.572,Europe,Europe,Southern Europe,Northern Europe
Finland,Malta,FIN,MLT,2015,20497,2799.607,Europe,Europe,Northern Europe,Southern Europe
San Marino,Gibraltar,SMR,GIB,2011,,1746.044,Europe,Europe,Southern Europe,Southern Europe
Switzerland,Hungary,CHE,HUN,2014,230827,879.3594,Europe,Europe,Western Europe,Eastern Europe
Iceland,Estonia,ISL,EST,2013,1640,2454.359,Europe,Europe,Northern Europe,Northern Europe
Ireland,Russian Federation,IRL,RUS,2012,22321,2802.315,Europe,Europe,Northern Europe,Eastern Europe
Croatia,Ireland,HRV,IRL,2012,29964,1799.206,Europe,Europe,Southern Europe,Northern Europe
United Kingdom of Great Britain and Northern Ireland,Poland,GBR,POL,2013,3862905,1451.644,Europe,Europe,Northern Europe,Eastern Europe
United Kingdom of Great Britain and Northern Ireland,Spain,GBR,ESP,2011,21838964,1263.379,Europe,Europe,Northern Europe,Southern Europe
Croatia,Bosnia and Herzegovina,HRV,BIH,2015,363864,290.1541,Europe,Europe,Southern Europe,Southern Europe
Latvia,Belarus,LVA,BLR,2016,154761,406.3581,Europe,Europe,Northern Europe,Eastern Europe
Germany,Belgium,DEU,BEL,2014,2178943,196.8761,Europe,Europe,Western Europe,Western Europe
Switzerland,Finland,CHE,FIN,2012,154360,1859.36,Europe,Europe,Western Europe,Northern Europe
Luxembourg,Bosnia and Herzegovina,LUX,BIH,2014,503,1131.459,Europe,Europe,Western Europe,Southern Europe
Gibraltar,Iceland,GIB,ISL,2013,8,3312.355,Europe,Europe,Southern Europe,Northern Europe
Switzerland,San Marino,CHE,SMR,2013,,516.8909,Europe,Europe,Western Europe,Southern Europe
United Kingdom of Great Britain and Northern Ireland,Bosnia and Herzegovina,GBR,BIH,2015,18401,1625.285,Europe,Europe,Northern Europe,Southern Europe
Andorra,Lithuania,AND,LTU,2011,,2198.052,Europe,Europe,Southern Europe,Northern Europe
Germany,Macedonia (the former Yugoslav Republic of),DEU,MKD,2016,257441,1521.612,Europe,Europe,Western Europe,Southern Europe
Hungary,United Kingdom of Great Britain and Northern Ireland,HUN,GBR,2013,929647,1453.666,Europe,Europe,Eastern Europe,Northern Europe
Albania,Denmark,ALB,DNK,2012,3599,1679.912,Europe,Europe,Southern Europe,Northern Europe
Gibraltar,Bosnia and Herzegovina,GIB,BIH,2011,0,2192.861,Europe,Europe,Southern Europe,Southern Europe
Italy,Portugal,ITA,PRT,2015,904240,1864.041,Europe,Europe,Southern Europe,Southern Europe
Switzerland,Gibraltar,CHE,GIB,2014,226,1603.114,Europe,Europe,Western Europe,Southern Europe
Croatia,Portugal,HRV,PRT,2016,28048,2200.561,Europe,Europe,Southern Europe,Southern Europe
Andorra,Belgium,AND,BEL,2014,,952.5,Europe,Europe,Southern Europe,Western Europe
Iceland,Lithuania,ISL,LTU,2015,5055,2797.459,Europe,Europe,Northern Europe,Northern Europe
Czechia,Belgium,CZE,BEL,2011,185651,718.4293,Europe,Europe,Eastern Europe,Western Europe
United Kingdom of Great Britain and Northern Ireland,France,GBR,FRA,2015,9351314,342.9475,Europe,Europe,Northern Europe,Western Europe
Italy,Finland,ITA,FIN,2015,388204,2203.158,Europe,Europe,Southern Europe,Northern Europe
Czechia,Portugal,CZE,PRT,2014,62552,2245.294,Europe,Europe,Eastern Europe,Southern Europe
Denmark,Germany,DNK,DEU,2013,3610515,595.8536,Europe,Europe,Northern Europe,Western Europe
Bulgaria,Lithuania,BGR,LTU,2011,4301,1345.486,Europe,Europe,Eastern Europe,Northern Europe
Norway,Denmark,NOR,DNK,2011,1462637,485.3148,Europe,Europe,Northern Europe,Northern Europe
Belgium,Andorra,BEL,AND,2014,,952.5,Europe,Europe,Western Europe,Southern Europe
Poland,Italy,POL,ITA,2011,1497758,1319.479,Europe,Europe,Eastern Europe,Southern Europe
Slovakia,Italy,SVK,ITA,2013,544389,789.4631,Europe,Europe,Eastern Europe,Southern Europe
Germany,Austria,DEU,AUT,2015,13922316,763.7314,Europe,Europe,Western Europe,Western Europe
Bulgaria,Italy,BGR,ITA,2012,231148,893.0574,Europe,Europe,Eastern Europe,Southern Europe
Spain,Italy,ESP,ITA,2011,7921034,1366.76,Europe,Europe,Southern Europe,Southern Europe
Estonia,Italy,EST,ITA,2014,68676,2126.436,Europe,Europe,Northern Europe,Southern Europe
Norway,Sweden,NOR,SWE,2015,1230730,417.5658,Europe,Europe,Northern Europe,Northern Europe
Ireland,Malta,IRL,MLT,2013,40518,2525.637,Europe,Europe,Northern Europe,Southern Europe
Lithuania,Italy,LTU,ITA,2011,122653,1706.051,Europe,Europe,Northern Europe,Southern Europe
France,Estonia,FRA,EST,2011,36565,1859.091,Europe,Europe,Western Europe,Northern Europe
Moldova (Republic of),Hungary,MDA,HUN,2015,2599,740.7287,Europe,Europe,Eastern Europe,Eastern Europe
Sweden,Italy,SWE,ITA,2011,882080,1980.122,Europe,Europe,Northern Europe,Southern Europe
Luxembourg,San Marino,LUX,SMR,2016,,792.4816,Europe,Europe,Western Europe,Southern Europe
Denmark,Italy,DNK,ITA,2015,1000041,1534.086,Europe,Europe,Northern Europe,Southern Europe
Belgium,Italy,BEL,ITA,2011,2072750,1174.904,Europe,Europe,Western Europe,Southern Europe
Ukraine,Spain,UKR,ESP,2016,167351,2863.877,Europe,Europe,Eastern Europe,Southern Europe
Switzerland,Italy,CHE,ITA,2016,3856475,692.6592,Europe,Europe,Western Europe,Southern Europe
Sweden,Luxembourg,SWE,LUX,2012,14871,1325.934,Europe,Europe,Northern Europe,Western Europe
Belgium,Italy,BEL,ITA,2012,2060314,1174.904,Europe,Europe,Western Europe,Southern Europe
Spain,Estonia,ESP,EST,2014,68149,2895.384,Europe,Europe,Southern Europe,Northern Europe
Lithuania,Italy,LTU,ITA,2013,170901,1706.051,Europe,Europe,Northern Europe,Southern Europe
Hungary,Sweden,HUN,SWE,2013,273256,1318.564,Europe,Europe,Eastern Europe,Northern Europe
Belgium,Estonia,BEL,EST,2011,31135,1601.098,Europe,Europe,Western Europe,Northern Europe
Belgium,Czechia,BEL,CZE,2012,156476,718.4293,Europe,Europe,Western Europe,Eastern Europe
Luxembourg,Czechia,LUX,CZE,2011,12695,596.739,Europe,Europe,Western Europe,Eastern Europe
San Marino,Andorra,SMR,AND,2012,,905.0686,Europe,Europe,Southern Europe,Southern Europe
France,Lithuania,FRA,LTU,2011,71728,1700.296,Europe,Europe,Western Europe,Northern Europe
Finland,Italy,FIN,ITA,2013,322303,2203.158,Europe,Europe,Northern Europe,Southern Europe
Ukraine,Andorra,UKR,AND,2016,,2372.859,Europe,Europe,Eastern Europe,Southern Europe
Denmark,Italy,DNK,ITA,2014,858857,1534.086,Europe,Europe,Northern Europe,Southern Europe
San Marino,Italy,SMR,ITA,2015,,230.0196,Europe,Europe,Southern Europe,Southern Europe
Hungary,Italy,HUN,ITA,2013,921236,811.4083,Europe,Europe,Eastern Europe,Southern Europe
Ukraine,Italy,UKR,ITA,2014,362183,1674.773,Europe,Europe,Eastern Europe,Southern Europe
Norway,Italy,NOR,ITA,2011,433648,2010.678,Europe,Europe,Northern Europe,Southern Europe
Luxembourg,Latvia,LUX,LVA,2016,4072,1440.968,Europe,Europe,Western Europe,Northern Europe
Croatia,Luxembourg,HRV,LUX,2012,2574,847.312,Europe,Europe,Southern Europe,Western Europe
Malta,United Kingdom of Great Britain and Northern Ireland,MLT,GBR,2011,688323,2092.273,Europe,Europe,Southern Europe,Northern Europe
Ukraine,Italy,UKR,ITA,2012,354343,1674.773,Europe,Europe,Eastern Europe,Southern Europe
Slovakia,Croatia,SVK,HRV,2011,348508,278.7123,Europe,Europe,Eastern Europe,Southern Europe
Hungary,Italy,HUN,ITA,2012,885110,811.4083,Europe,Europe,Eastern Europe,Southern Europe
Moldova (Republic of),Portugal,MDA,PRT,2014,10989,3195.949,Europe,Europe,Eastern Europe,Southern Europe
Belarus,Greece,BLR,GRC,2012,2921,1787.387,Europe,Europe,Eastern Europe,Southern Europe
France,Italy,FRA,ITA,2012,12365750,1109.901,Europe,Europe,Western Europe,Southern Europe
Greece,Italy,GRC,ITA,2013,1343726,1050.411,Europe,Europe,Southern Europe,Southern Europe
San Marino,Ukraine,SMR,UKR,2015,3112,1535.241,Europe,Europe,Southern Europe,Eastern Europe
Ireland,Netherlands,IRL,NLD,2011,429472,756.7269,Europe,Europe,Northern Europe,Western Europe
Germany,Italy,DEU,ITA,2012,11750775,1146.023,Europe,Europe,Western Europe,Southern Europe
Albania,Malta,ALB,MLT,2016,1492,759.1236,Europe,Europe,Southern Europe,Southern Europe
Austria,Croatia,AUT,HRV,2013,1072703,270.6798,Europe,Europe,Western Europe,Southern Europe
Poland,Italy,POL,ITA,2015,1916790,1319.479,Europe,Europe,Eastern Europe,Southern Europe
Estonia,Italy,EST,ITA,2015,82286,2126.436,Europe,Europe,Northern Europe,Southern Europe
San Marino,Slovenia,SMR,SVN,2011,,283.7302,Europe,Europe,Southern Europe,Southern Europe
Russian Federation,Poland,RUS,POL,2013,5214657,1156.427,Europe,Europe,Eastern Europe,Eastern Europe
Luxembourg,Italy,LUX,ITA,2015,174368,989.5763,Europe,Europe,Western Europe,Southern Europe
Albania,Italy,ALB,ITA,2014,813118,611.7626,Europe,Europe,Southern Europe,Southern Europe
Macedonia (the former Yugoslav Republic of),Portugal,MKD,PRT,2014,992,2606.129,Europe,Europe,Southern Europe,Southern Europe
Denmark,Bulgaria,DNK,BGR,2013,34002,1639.385,Europe,Europe,Northern Europe,Eastern Europe
Gibraltar,Estonia,GIB,EST,2016,19,3375.481,Europe,Europe,Southern Europe,Northern Europe
Bosnia and Herzegovina,Italy,BIH,ITA,2011,283700,531.7457,Europe,Europe,Southern Europe,Southern Europe
Netherlands,Bosnia and Herzegovina,NLD,BIH,2014,21355,1375.387,Europe,Europe,Western Europe,Southern Europe
United Kingdom of Great Britain and Northern Ireland,Bulgaria,GBR,BGR,2012,426137,2019.341,Europe,Europe,Northern Europe,Eastern Europe
Greece,Romania,GRC,ROU,2015,602886,,Europe,Europe,Southern Europe,Eastern Europe
Iceland,Ireland,ISL,IRL,2014,1887,1499.031,Europe,Europe,Northern Europe,Northern Europe
Sweden,Italy,SWE,ITA,2014,694332,1980.122,Europe,Europe,Northern Europe,Southern Europe
Moldova (Republic of),Italy,MDA,ITA,2013,239130,1413.827,Europe,Europe,Eastern Europe,Southern Europe
Czechia,Luxembourg,CZE,LUX,2012,7888,596.739,Europe,Europe,Eastern Europe,Western Europe
Malta,Italy,MLT,ITA,2014,599698,688.7803,Europe,Europe,Southern Europe,Southern Europe
Gibraltar,Slovakia,GIB,SVK,2014,0,2276.342,Europe,Europe,Southern Europe,Eastern Europe
United Kingdom of Great Britain and Northern Ireland,Italy,GBR,ITA,2013,7082713,1438.425,Europe,Europe,Northern Europe,Southern Europe
Ukraine,Bosnia and Herzegovina,UKR,BIH,2015,3170,1166.276,Europe,Europe,Eastern Europe,Southern Europe
Czechia,Denmark,CZE,DNK,2011,145996,631.8411,Europe,Europe,Eastern Europe,Northern Europe
Latvia,Russian Federation,LVA,RUS,2016,886597,847.8519,Europe,Europe,Northern Europe,Eastern Europe
Slovenia,Norway,SVN,NOR,2013,14330,1561.207,Europe,Europe,Southern Europe,Northern Europe
Finland,Macedonia (the former Yugoslav Republic of),FIN,MKD,2013,1235,2032.59,Europe,Europe,Northern Europe,Southern Europe
Albania,Greece,ALB,GRC,2012,694388,500.1241,Europe,Europe,Southern Europe,Southern Europe
Romania,Estonia,ROU,EST,2016,9054,,Europe,Europe,Eastern Europe,Northern Europe
Macedonia (the former Yugoslav Republic of),Bulgaria,MKD,BGR,2013,449922,168.0973,Europe,Europe,Southern Europe,Eastern Europe
Estonia,Austria,EST,AUT,2016,34149,1360.358,Europe,Europe,Northern Europe,Western Europe
Slovakia,Croatia,SVK,HRV,2013,351968,278.7123,Europe,Europe,Eastern Europe,Southern Europe
Netherlands,Moldova (Republic of),NLD,MDA,2016,6685,1813.739,Europe,Europe,Western Europe,Eastern Europe
Sweden,Moldova (Republic of),SWE,MDA,2014,4071,1544.391,Europe,Europe,Northern Europe,Eastern Europe
Belarus,Portugal,BLR,PRT,2011,914,3229.235,Europe,Europe,Eastern Europe,Southern Europe
Germany,France,DEU,FRA,2016,13114614,439.8984,Europe,Europe,Western Europe,Western Europe
Bulgaria,Slovenia,BGR,SVN,2011,44140,795.2473,Europe,Europe,Eastern Europe,Southern Europe
Croatia,Belgium,HRV,BEL,2011,126703,1024.412,Europe,Europe,Southern Europe,Western Europe
Russian Federation,United Kingdom of Great Britain and Northern Ireland,RUS,GBR,2015,537007,2510.88,Europe,Europe,Eastern Europe,Northern Europe
Russian Federation,Belarus,RUS,BLR,2011,351076,686.9657,Europe,Europe,Eastern Europe,Eastern Europe
Latvia,Albania,LVA,ALB,2015,548,1765.015,Europe,Europe,Northern Europe,Southern Europe
Portugal,Russian Federation,PRT,RUS,2011,65443,3913.34,Europe,Europe,Southern Europe,Eastern Europe
Moldova (Republic of),Denmark,MDA,DNK,2015,3605,1479.282,Europe,Europe,Eastern Europe,Northern Europe
Netherlands,Ukraine,NLD,UKR,2016,65188,1781.716,Europe,Europe,Western Europe,Eastern Europe
Lithuania,Iceland,LTU,ISL,2012,3788,2797.459,Europe,Europe,Northern Europe,Northern Europe
Denmark,Portugal,DNK,PRT,2015,157416,2478.47,Europe,Europe,Northern Europe,Southern Europe
Belarus,Slovenia,BLR,SVN,2016,1718,1267.967,Europe,Europe,Eastern Europe,Southern Europe
Macedonia (the former Yugoslav Republic of),Estonia,MKD,EST,2016,661,1951.641,Europe,Europe,Southern Europe,Northern Europe
Malta,Croatia,MLT,HRV,2012,2426,1108.396,Europe,Europe,Southern Europe,Southern Europe
Andorra,Norway,AND,NOR,2013,,2038.357,Europe,Europe,Southern Europe,Northern Europe
Malta,Gibraltar,MLT,GIB,2011,84,1787.032,Europe,Europe,Southern Europe,Southern Europe
San Marino,Denmark,SMR,DNK,2015,,1304.072,Europe,Europe,Southern Europe,Northern Europe
Austria,Lithuania,AUT,LTU,2013,35780,948.9832,Europe,Europe,Western Europe,Northern Europe
Slovakia,Moldova (Republic of),SVK,MDA,2014,903,884.5414,Europe,Europe,Eastern Europe,Eastern Europe
Croatia,Estonia,HRV,EST,2013,13213,1624.37,Europe,Europe,Southern Europe,Northern Europe
Estonia,Lithuania,EST,LTU,2013,94287,527.9267,Europe,Europe,Northern Europe,Northern Europe
Hungary,Gibraltar,HUN,GIB,2014,60,2371.369,Europe,Europe,Eastern Europe,Southern Europe
Albania,Spain,ALB,ESP,2015,13397,1977.061,Europe,Europe,Southern Europe,Southern Europe
Macedonia (the former Yugoslav Republic of),Slovakia,MKD,SVK,2014,5089,764.715,Europe,Europe,Southern Europe,Eastern Europe
Slovenia,Belgium,SVN,BEL,2013,63772,916.7943,Europe,Europe,Southern Europe,Western Europe
Croatia,Moldova (Republic of),HRV,MDA,2012,673,995.402,Europe,Europe,Southern Europe,Eastern Europe
Belgium,Macedonia (the former Yugoslav Republic of),BEL,MKD,2015,35140,1634.022,Europe,Europe,Western Europe,Southern Europe
Ukraine,Bosnia and Herzegovina,UKR,BIH,2011,734,1166.276,Europe,Europe,Eastern Europe,Southern Europe
Andorra,France,AND,FRA,2013,0,711.5485,Europe,Europe,Southern Europe,Western Europe
Latvia,Poland,LVA,POL,2014,946021,559.8441,Europe,Europe,Northern Europe,Eastern Europe
Sweden,Denmark,SWE,DNK,2011,5130932,523.7871,Europe,Europe,Northern Europe,Northern Europe
United Kingdom of Great Britain and Northern Ireland,Romania,GBR,ROU,2016,1164048,,Europe,Europe,Northern Europe,Eastern Europe
France,Denmark,FRA,DNK,2012,765847,1027.609,Europe,Europe,Western Europe,Northern Europe
Portugal,Ukraine,PRT,UKR,2016,36245,3351.661,Europe,Europe,Southern Europe,Eastern Europe
Luxembourg,Ireland,LUX,IRL,2013,9146,953.1994,Europe,Europe,Western Europe,Northern Europe
Latvia,Switzerland,LVA,CHE,2012,33652,1587.651,Europe,Europe,Northern Europe,Western Europe
Albania,Italy,ALB,ITA,2011,950947,611.7626,Europe,Europe,Southern Europe,Southern Europe
Luxembourg,Gibraltar,LUX,GIB,2014,34,1763.693,Europe,Europe,Western Europe,Southern Europe
Macedonia (the former Yugoslav Republic of),Luxembourg,MKD,LUX,2012,346,1454.307,Europe,Europe,Southern Europe,Western Europe
Denmark,Greece,DNK,GRC,2012,210176,2135.535,Europe,Europe,Northern Europe,Southern Europe
Slovenia,Luxembourg,SVN,LUX,2011,2695,736.8185,Europe,Europe,Southern Europe,Western Europe
Albania,Iceland,ALB,ISL,2016,164,3675.061,Europe,Europe,Southern Europe,Northern Europe
Estonia,Gibraltar,EST,GIB,2013,16,3375.481,Europe,Europe,Northern Europe,Southern Europe
Romania,Poland,ROU,POL,2012,425794,,Europe,Europe,Eastern Europe,Eastern Europe
Russian Federation,Romania,RUS,ROU,2013,206952,,Europe,Europe,Eastern Europe,Eastern Europe
Moldova (Republic of),Estonia,MDA,EST,2011,1471,1407.85,Europe,Europe,Eastern Europe,Northern Europe
Albania,Slovakia,ALB,SVK,2013,4633,788.7294,Europe,Europe,Southern Europe,Eastern Europe
Ukraine,Latvia,UKR,LVA,2012,119148,839.8457,Europe,Europe,Eastern Europe,Northern Europe
Croatia,Austria,HRV,AUT,2015,1238554,270.6798,Europe,Europe,Southern Europe,Western Europe
Netherlands,Russian Federation,NLD,RUS,2012,208278,2155.229,Europe,Europe,Western Europe,Eastern Europe
Netherlands,Moldova (Republic of),NLD,MDA,2012,4293,1813.739,Europe,Europe,Western Europe,Eastern Europe
Croatia,Iceland,HRV,ISL,2014,663,3089.354,Europe,Europe,Southern Europe,Northern Europe
Macedonia (the former Yugoslav Republic of),Netherlands,MKD,NLD,2014,29722,1694.944,Europe,Europe,Southern Europe,Western Europe
Russian Federation,Macedonia (the former Yugoslav Republic of),RUS,MKD,2013,8577,1927.484,Europe,Europe,Eastern Europe,Southern Europe
Iceland,Sweden,ISL,SWE,2012,69939,2138.135,Europe,Europe,Northern Europe,Northern Europe
Albania,Bulgaria,ALB,BGR,2016,75816,324.0465,Europe,Europe,Southern Europe,Eastern Europe
Gibraltar,Bosnia and Herzegovina,GIB,BIH,2013,1,2192.861,Europe,Europe,Southern Europe,Southern Europe
Moldova (Republic of),Switzerland,MDA,CHE,2014,7417,1620.078,Europe,Europe,Eastern Europe,Western Europe
Lithuania,Gibraltar,LTU,GIB,2011,34,3119.053,Europe,Europe,Northern Europe,Southern Europe
Sweden,Finland,SWE,FIN,2012,4593586,397.8922,Europe,Europe,Northern Europe,Northern Europe
San Marino,Ukraine,SMR,UKR,2012,6382,1535.241,Europe,Europe,Southern Europe,Eastern Europe
Poland,Slovenia,POL,SVN,2015,125009,834.402,Europe,Europe,Eastern Europe,Southern Europe
Croatia,Italy,HRV,ITA,2014,1333482,517.0557,Europe,Europe,Southern Europe,Southern Europe
Bulgaria,Iceland,BGR,ISL,2014,597,3709.101,Europe,Europe,Eastern Europe,Northern Europe
Macedonia (the former Yugoslav Republic of),Albania,MKD,ALB,2014,532020,155.9628,Europe,Europe,Southern Europe,Southern Europe
Greece,Iceland,GRC,ISL,2015,2118,4166.699,Europe,Europe,Southern Europe,Northern Europe
Belarus,Switzerland,BLR,CHE,2013,9868,1609.652,Europe,Europe,Eastern Europe,Western Europe
Macedonia (the former Yugoslav Republic of),Spain,MKD,ESP,2011,6203,2108.379,Europe,Europe,Southern Europe,Southern Europe
Belarus,Finland,BLR,FIN,2014,10091,715.4365,Europe,Europe,Eastern Europe,Northern Europe
Czechia,Gibraltar,CZE,GIB,2015,42,2222.865,Europe,Europe,Eastern Europe,Southern Europe
Italy,Latvia,ITA,LVA,2012,126193,1869.574,Europe,Europe,Southern Europe,Northern Europe
Luxembourg,Slovenia,LUX,SVN,2011,2569,736.8185,Europe,Europe,Western Europe,Southern Europe
Belgium,Sweden,BEL,SWE,2016,264361,1283.716,Europe,Europe,Western Europe,Northern Europe
Spain,Belgium,ESP,BEL,2014,3335004,1316.64,Europe,Europe,Southern Europe,Western Europe
Macedonia (the former Yugoslav Republic of),Croatia,MKD,HRV,2013,36647,610.8091,Europe,Europe,Southern Europe,Southern Europe
Latvia,Denmark,LVA,DNK,2015,82675,724.3204,Europe,Europe,Northern Europe,Northern Europe
Germany,Denmark,DEU,DNK,2016,4640270,595.8536,Europe,Europe,Western Europe,Northern Europe
Czechia,Russian Federation,CZE,RUS,2011,605797,1673,Europe,Europe,Eastern Europe,Eastern Europe
Latvia,Macedonia (the former Yugoslav Republic of),LVA,MKD,2012,331,1674.47,Europe,Europe,Northern Europe,Southern Europe
Portugal,United Kingdom of Great Britain and Northern Ireland,PRT,GBR,2013,3494812,1583.091,Europe,Europe,Southern Europe,Northern Europe
Bosnia and Herzegovina,Russian Federation,BIH,RUS,2015,11281,1902.116,Europe,Europe,Southern Europe,Eastern Europe
Croatia,Netherlands,HRV,NLD,2014,76996,1085.255,Europe,Europe,Southern Europe,Western Europe
Germany,United Kingdom of Great Britain and Northern Ireland,DEU,GBR,2012,8732942,495.3633,Europe,Europe,Western Europe,Northern Europe
Netherlands,France,NLD,FRA,2016,4913189,427.9169,Europe,Europe,Western Europe,Western Europe
Bosnia and Herzegovina,Albania,BIH,ALB,2011,10826,303.8697,Europe,Europe,Southern Europe,Southern Europe
San Marino,Austria,SMR,AUT,2012,,561.1404,Europe,Europe,Southern Europe,Western Europe
Ireland,Iceland,IRL,ISL,2011,697,1499.031,Europe,Europe,Northern Europe,Northern Europe
Greece,Ukraine,GRC,UKR,2016,135274,1482.129,Europe,Europe,Southern Europe,Eastern Europe
Romania,United Kingdom of Great Britain and Northern Ireland,ROU,GBR,2011,397071,,Europe,Europe,Eastern Europe,Northern Europe
Bulgaria,Slovenia,BGR,SVN,2016,57313,795.2473,Europe,Europe,Eastern Europe,Southern Europe
San Marino,Belgium,SMR,BEL,2013,18383,980.1509,Europe,Europe,Southern Europe,Western Europe
Russian Federation,Ireland,RUS,IRL,2011,21223,2802.315,Europe,Europe,Eastern Europe,Northern Europe
Portugal,Finland,PRT,FIN,2014,60252,3362.978,Europe,Europe,Southern Europe,Northern Europe
Albania,Finland,ALB,FIN,2012,1840,2122.475,Europe,Europe,Southern Europe,Northern Europe
Denmark,Slovakia,DNK,SVK,2013,12393,891.5908,Europe,Europe,Northern Europe,Eastern Europe
Russian Federation,Bosnia and Herzegovina,RUS,BIH,2012,11372,1902.116,Europe,Europe,Eastern Europe,Southern Europe
Moldova (Republic of),Denmark,MDA,DNK,2016,3219,1479.282,Europe,Europe,Eastern Europe,Northern Europe
Bulgaria,Estonia,BGR,EST,2014,14686,1866.91,Europe,Europe,Eastern Europe,Northern Europe
Czechia,Hungary,CZE,HUN,2014,889943,445.1513,Europe,Europe,Eastern Europe,Eastern Europe
Belgium,Ireland,BEL,IRL,2014,341783,775.6281,Europe,Europe,Western Europe,Northern Europe
Switzerland,Finland,CHE,FIN,2011,160797,1859.36,Europe,Europe,Western Europe,Northern Europe
Portugal,Germany,PRT,DEU,2016,2445483,1892.032,Europe,Europe,Southern Europe,Western Europe
Croatia,Malta,HRV,MLT,2012,2426,1108.396,Europe,Europe,Southern Europe,Southern Europe
Switzerland,Russian Federation,CHE,RUS,2016,352886,2296.397,Europe,Europe,Western Europe,Eastern Europe
Bulgaria,Finland,BGR,FIN,2013,16045,1947.447,Europe,Europe,Eastern Europe,Northern Europe
Russian Federation,Italy,RUS,ITA,2013,1329694,2383.171,Europe,Europe,Eastern Europe,Southern Europe
Germany,Ireland,DEU,IRL,2016,1256783,920.8693,Europe,Europe,Western Europe,Northern Europe
Lithuania,Belarus,LTU,BLR,2012,118725,169.5256,Europe,Europe,Northern Europe,Eastern Europe
Hungary,Portugal,HUN,PRT,2016,79919,2471.427,Europe,Europe,Eastern Europe,Southern Europe
Bulgaria,United Kingdom of Great Britain and Northern Ireland,BGR,GBR,2015,655466,2019.341,Europe,Europe,Eastern Europe,Northern Europe
Netherlands,Hungary,NLD,HUN,2011,235206,1145.901,Europe,Europe,Western Europe,Eastern Europe
Greece,Poland,GRC,POL,2012,304682,1600.171,Europe,Europe,Southern Europe,Eastern Europe
Andorra,San Marino,AND,SMR,2014,,905.0686,Europe,Europe,Southern Europe,Southern Europe
Czechia,Moldova (Republic of),CZE,MDA,2015,6027,1113.54,Europe,Europe,Eastern Europe,Eastern Europe
Lithuania,Sweden,LTU,SWE,2011,94392,677.4822,Europe,Europe,Northern Europe,Northern Europe
Malta,Denmark,MLT,DNK,2012,36551,2204.997,Europe,Europe,Southern Europe,Northern Europe
Denmark,Belarus,DNK,BLR,2015,3931,977.0479,Europe,Europe,Northern Europe,Eastern Europe
Slovakia,Russian Federation,SVK,RUS,2015,47849,1632.621,Europe,Europe,Eastern Europe,Eastern Europe
Portugal,Austria,PRT,AUT,2013,107028,2299.266,Europe,Europe,Southern Europe,Western Europe
Switzerland,Lithuania,CHE,LTU,2015,28488,1516.998,Europe,Europe,Western Europe,Northern Europe
Luxembourg,San Marino,LUX,SMR,2011,,792.4816,Europe,Europe,Western Europe,Southern Europe
Macedonia (the former Yugoslav Republic of),Albania,MKD,ALB,2013,449628,155.9628,Europe,Europe,Southern Europe,Southern Europe
Norway,Belarus,NOR,BLR,2014,2587,1216.697,Europe,Europe,Northern Europe,Eastern Europe
Denmark,Poland,DNK,POL,2014,343661,668.9079,Europe,Europe,Northern Europe,Eastern Europe
Belarus,Latvia,BLR,LVA,2012,169612,406.3581,Europe,Europe,Eastern Europe,Northern Europe
Andorra,Austria,AND,AUT,2011,,1322.201,Europe,Europe,Southern Europe,Western Europe
Estonia,Bulgaria,EST,BGR,2013,11916,1866.91,Europe,Europe,Northern Europe,Eastern Europe
Finland,Russian Federation,FIN,RUS,2011,4472519,892.6777,Europe,Europe,Northern Europe,Eastern Europe
Ukraine,Slovakia,UKR,SVK,2011,599953,998.2211,Europe,Europe,Eastern Europe,Eastern Europe
Hungary,Ukraine,HUN,UKR,2012,963445,896.3701,Europe,Europe,Eastern Europe,Eastern Europe
Sweden,Spain,SWE,ESP,2014,1953796,2596.908,Europe,Europe,Northern Europe,Southern Europe
Slovenia,Denmark,SVN,DNK,2011,14047,1076.812,Europe,Europe,Southern Europe,Northern Europe
Ukraine,Italy,UKR,ITA,2011,321940,1674.773,Europe,Europe,Eastern Europe,Southern Europe
Norway,Belarus,NOR,BLR,2012,2258,1216.697,Europe,Europe,Northern Europe,Eastern Europe
Italy,Hungary,ITA,HUN,2015,932883,811.4083,Europe,Europe,Southern Europe,Eastern Europe
Moldova (Republic of),France,MDA,FRA,2013,21165,1976.854,Europe,Europe,Eastern Europe,Western Europe
Netherlands,Slovenia,NLD,SVN,2014,19068,986.5178,Europe,Europe,Western Europe,Southern Europe
Netherlands,Iceland,NLD,ISL,2015,93555,2022.635,Europe,Europe,Western Europe,Northern Europe
Norway,Ukraine,NOR,UKR,2014,31267,1630.325,Europe,Europe,Northern Europe,Eastern Europe
Poland,Italy,POL,ITA,2013,1653877,1319.479,Europe,Europe,Eastern Europe,Southern Europe
Moldova (Republic of),Latvia,MDA,LVA,2011,4248,1153.302,Europe,Europe,Eastern Europe,Northern Europe
Spain,Luxembourg,ESP,LUX,2016,318416,1281.233,Europe,Europe,Southern Europe,Western Europe
Greece,Switzerland,GRC,CHE,2015,693389,1662.651,Europe,Europe,Southern Europe,Western Europe
Iceland,Romania,ISL,ROU,2011,567,,Europe,Europe,Northern Europe,Eastern Europe
Slovenia,Croatia,SVN,HRV,2015,1328486,117.3451,Europe,Europe,Southern Europe,Southern Europe
Poland,Czechia,POL,CZE,2012,12781997,516.6628,Europe,Europe,Eastern Europe,Eastern Europe
Bulgaria,Russian Federation,BGR,RUS,2016,616407,1785.898,Europe,Europe,Eastern Europe,Eastern Europe
Italy,Bulgaria,ITA,BGR,2012,233369,893.0574,Europe,Europe,Southern Europe,Eastern Europe
Russian Federation,Bulgaria,RUS,BGR,2012,654942,1785.898,Europe,Europe,Eastern Europe,Eastern Europe
Netherlands,Albania,NLD,ALB,2014,12654,1664.815,Europe,Europe,Western Europe,Southern Europe
Ireland,Denmark,IRL,DNK,2016,187292,1240.498,Europe,Europe,Northern Europe,Northern Europe
Germany,Moldova (Republic of),DEU,MDA,2016,59717,1656.772,Europe,Europe,Western Europe,Eastern Europe
Poland,Russian Federation,POL,RUS,2015,4065847,1156.427,Europe,Europe,Eastern Europe,Eastern Europe
Bulgaria,United Kingdom of Great Britain and Northern Ireland,BGR,GBR,2012,420276,2019.341,Europe,Europe,Eastern Europe,Northern Europe
Andorra,Spain,AND,ESP,2011,0,492.9274,Europe,Europe,Southern Europe,Southern Europe
Slovenia,Ukraine,SVN,UKR,2013,37078,1277.754,Europe,Europe,Southern Europe,Eastern Europe
Slovakia,Luxembourg,SVK,LUX,2016,3085,821.1423,Europe,Europe,Eastern Europe,Western Europe
Netherlands,Moldova (Republic of),NLD,MDA,2013,4909,1813.739,Europe,Europe,Western Europe,Eastern Europe
Bosnia and Herzegovina,Finland,BIH,FIN,2015,2459,1863.34,Europe,Europe,Southern Europe,Northern Europe
Poland,Switzerland,POL,CHE,2013,199486,1139.992,Europe,Europe,Eastern Europe,Western Europe
Hungary,Poland,HUN,POL,2015,739000,546.806,Europe,Europe,Eastern Europe,Eastern Europe
Finland,Sweden,FIN,SWE,2011,4281624,397.8922,Europe,Europe,Northern Europe,Northern Europe
Luxembourg,Belgium,LUX,BEL,2014,302390,187.8091,Europe,Europe,Western Europe,Western Europe
Belarus,Lithuania,BLR,LTU,2016,177754,169.5256,Europe,Europe,Eastern Europe,Northern Europe
Moldova (Republic of),Greece,MDA,GRC,2015,15391,1084.991,Europe,Europe,Eastern Europe,Southern Europe
Ukraine,Finland,UKR,FIN,2016,26126,1135.325,Europe,Europe,Eastern Europe,Northern Europe
Belgium,Latvia,BEL,LVA,2016,73145,1456.065,Europe,Europe,Western Europe,Northern Europe
Ukraine,Sweden,UKR,SWE,2013,33634,1267.46,Europe,Europe,Eastern Europe,Northern Europe
Lithuania,Croatia,LTU,HRV,2015,32470,1189.612,Europe,Europe,Northern Europe,Southern Europe
Iceland,Italy,ISL,ITA,2012,17940,3307.978,Europe,Europe,Northern Europe,Southern Europe
United Kingdom of Great Britain and Northern Ireland,Gibraltar,GBR,GIB,2014,275246,1759.095,Europe,Europe,Northern Europe,Southern Europe
Poland,Romania,POL,ROU,2011,369731,,Europe,Europe,Eastern Europe,Eastern Europe
Croatia,Greece,HRV,GRC,2012,16431,1079.422,Europe,Europe,Southern Europe,Southern Europe
Italy,Romania,ITA,ROU,2012,1040346,,Europe,Europe,Southern Europe,Eastern Europe
Sweden,Netherlands,SWE,NLD,2013,482537,1128.93,Europe,Europe,Northern Europe,Western Europe
Czechia,Iceland,CZE,ISL,2015,4152,2640.109,Europe,Europe,Eastern Europe,Northern Europe
Poland,Hungary,POL,HUN,2013,958000,546.806,Europe,Europe,Eastern Europe,Eastern Europe
Finland,Italy,FIN,ITA,2016,339566,2203.158,Europe,Europe,Northern Europe,Southern Europe
Austria,Estonia,AUT,EST,2015,31713,1360.358,Europe,Europe,Western Europe,Northern Europe
Poland,Sweden,POL,SWE,2011,704482,809.0182,Europe,Europe,Eastern Europe,Northern Europe
Macedonia (the former Yugoslav Republic of),Latvia,MKD,LVA,2011,336,1674.47,Europe,Europe,Southern Europe,Northern Europe
San Marino,Switzerland,SMR,CHE,2011,,516.8909,Europe,Europe,Southern Europe,Western Europe
Lithuania,Russian Federation,LTU,RUS,2014,709391,794.0689,Europe,Europe,Northern Europe,Eastern Europe
Germany,Hungary,DEU,HUN,2015,2369189,976.2567,Europe,Europe,Western Europe,Eastern Europe
Czechia,Latvia,CZE,LVA,2016,61893,993.2449,Europe,Europe,Eastern Europe,Northern Europe
Slovakia,Italy,SVK,ITA,2012,544778,789.4631,Europe,Europe,Eastern Europe,Southern Europe
Hungary,Norway,HUN,NOR,2011,80113,1483.495,Europe,Europe,Eastern Europe,Northern Europe
Romania,Bulgaria,ROU,BGR,2016,3270800,,Europe,Europe,Eastern Europe,Eastern Europe
Sweden,Greece,SWE,GRC,2011,262962,2408.377,Europe,Europe,Northern Europe,Southern Europe
Bulgaria,Slovenia,BGR,SVN,2012,43396,795.2473,Europe,Europe,Eastern Europe,Southern Europe
Finland,Russian Federation,FIN,RUS,2014,154823,892.6777,Europe,Europe,Northern Europe,Eastern Europe
Russian Federation,Austria,RUS,AUT,2011,470787,1675.699,Europe,Europe,Eastern Europe,Western Europe
Latvia,Slovakia,LVA,SVK,2013,142,1083.025,Europe,Europe,Northern Europe,Eastern Europe
Moldova (Republic of),Andorra,MDA,AND,2014,,2205.669,Europe,Europe,Eastern Europe,Southern Europe
Ireland,Bulgaria,IRL,BGR,2013,20601,2475.312,Europe,Europe,Northern Europe,Eastern Europe
Slovakia,Lithuania,SVK,LTU,2015,21087,918.5131,Europe,Europe,Eastern Europe,Northern Europe
Sweden,Italy,SWE,ITA,2013,735527,1980.122,Europe,Europe,Northern Europe,Southern Europe
Belarus,Belgium,BLR,BEL,2014,4843,1601.903,Europe,Europe,Eastern Europe,Western Europe
Austria,Belgium,AUT,BEL,2015,559982,914.4633,Europe,Europe,Western Europe,Western Europe
Greece,Bosnia and Herzegovina,GRC,BIH,2011,1522,790.14,Europe,Europe,Southern Europe,Southern Europe
Estonia,Greece,EST,GRC,2013,10851,2384.76,Europe,Europe,Northern Europe,Southern Europe
Czechia,Malta,CZE,MLT,2013,12894,1580.469,Europe,Europe,Eastern Europe,Southern Europe
Croatia,France,HRV,FRA,2013,225226,1081.762,Europe,Europe,Southern Europe,Western Europe
Moldova (Republic of),Iceland,MDA,ISL,2012,3,3584.765,Europe,Europe,Eastern Europe,Northern Europe
Slovakia,Austria,SVK,AUT,2014,243342,59.61723,Europe,Europe,Eastern Europe,Western Europe
Bosnia and Herzegovina,Belgium,BIH,BEL,2016,6610,1311.355,Europe,Europe,Southern Europe,Western Europe
Spain,Slovenia,ESP,SVN,2016,10388,1600.555,Europe,Europe,Southern Europe,Southern Europe
Belarus,Russian Federation,BLR,RUS,2011,351076,686.9657,Europe,Europe,Eastern Europe,Eastern Europe
Spain,Macedonia (the former Yugoslav Republic of),ESP,MKD,2013,3300,2108.379,Europe,Europe,Southern Europe,Southern Europe
Switzerland,Malta,CHE,MLT,2015,76001,1363.745,Europe,Europe,Western Europe,Southern Europe
Netherlands,Ireland,NLD,IRL,2011,430421,756.7269,Europe,Europe,Western Europe,Northern Europe
San Marino,Malta,SMR,MLT,2015,,912.6896,Europe,Europe,Southern Europe,Southern Europe
Russian Federation,Italy,RUS,ITA,2011,1117170,2383.171,Europe,Europe,Eastern Europe,Southern Europe
Moldova (Republic of),Bosnia and Herzegovina,MDA,BIH,2012,342,883.0676,Europe,Europe,Eastern Europe,Southern Europe
Iceland,Norway,ISL,NOR,2015,206245,1749.596,Europe,Europe,Northern Europe,Northern Europe
Andorra,Hungary,AND,HUN,2015,,1484.944,Europe,Europe,Southern Europe,Eastern Europe
Poland,Iceland,POL,ISL,2015,32079,2773.481,Europe,Europe,Eastern Europe,Northern Europe
Latvia,Gibraltar,LVA,GIB,2013,32,3185.494,Europe,Europe,Northern Europe,Southern Europe
Austria,Czechia,AUT,CZE,2014,905057,252.4479,Europe,Europe,Western Europe,Eastern Europe
Austria,Switzerland,AUT,CHE,2015,823463,684.8875,Europe,Europe,Western Europe,Western Europe
Estonia,Gibraltar,EST,GIB,2011,25,3375.481,Europe,Europe,Northern Europe,Southern Europe
Iceland,Germany,ISL,DEU,2011,142379,2189.024,Europe,Europe,Northern Europe,Western Europe
Belarus,Switzerland,BLR,CHE,2012,7861,1609.652,Europe,Europe,Eastern Europe,Western Europe
Slovenia,Spain,SVN,ESP,2015,11922,1600.555,Europe,Europe,Southern Europe,Southern Europe
Italy,Iceland,ITA,ISL,2016,51081,3307.978,Europe,Europe,Southern Europe,Northern Europe
Slovenia,Malta,SVN,MLT,2011,6510,1131.545,Europe,Europe,Southern Europe,Southern Europe
Germany,France,DEU,FRA,2015,13117181,439.8984,Europe,Europe,Western Europe,Western Europe
Romania,Finland,ROU,FIN,2013,9129,,Europe,Europe,Eastern Europe,Northern Europe
Gibraltar,Netherlands,GIB,NLD,2014,176,1976.745,Europe,Europe,Southern Europe,Western Europe
Moldova (Republic of),Slovenia,MDA,SVN,2012,399,1100.799,Europe,Europe,Eastern Europe,Southern Europe
Czechia,Albania,CZE,ALB,2013,5099,1060.922,Europe,Europe,Eastern Europe,Southern Europe
Switzerland,Slovenia,CHE,SVN,2012,36638,549.9726,Europe,Europe,Western Europe,Southern Europe
San Marino,Bosnia and Herzegovina,SMR,BIH,2013,,476.5566,Europe,Europe,Southern Europe,Southern Europe
Albania,Greece,ALB,GRC,2011,566331,500.1241,Europe,Europe,Southern Europe,Southern Europe
Portugal,Moldova (Republic of),PRT,MDA,2011,3965,3195.949,Europe,Europe,Southern Europe,Eastern Europe
Switzerland,Portugal,CHE,PRT,2016,1445269,1626.974,Europe,Europe,Western Europe,Southern Europe
Hungary,Germany,HUN,DEU,2013,2300649,976.2567,Europe,Europe,Eastern Europe,Western Europe
Portugal,Russian Federation,PRT,RUS,2014,95473,3913.34,Europe,Europe,Southern Europe,Eastern Europe
Macedonia (the former Yugoslav Republic of),San Marino,MKD,SMR,2011,,762.0729,Europe,Europe,Southern Europe,Southern Europe
San Marino,Spain,SMR,ESP,2013,,1390.619,Europe,Europe,Southern Europe,Southern Europe
Ireland,Spain,IRL,ESP,2016,2679802,1450.236,Europe,Europe,Northern Europe,Southern Europe
Hungary,Latvia,HUN,LVA,2013,9692,1105.945,Europe,Europe,Eastern Europe,Northern Europe
Switzerland,Estonia,CHE,EST,2012,17438,1794.213,Europe,Europe,Western Europe,Northern Europe
Iceland,Austria,ISL,AUT,2012,8212,2891.521,Europe,Europe,Northern Europe,Western Europe
Hungary,Iceland,HUN,ISL,2015,3965,3077.932,Europe,Europe,Eastern Europe,Northern Europe
Denmark,Austria,DNK,AUT,2011,361840,868.5304,Europe,Europe,Northern Europe,Western Europe
Austria,Hungary,AUT,HUN,2016,1583825,215.6626,Europe,Europe,Western Europe,Eastern Europe
Latvia,Austria,LVA,AUT,2015,45955,1102.181,Europe,Europe,Northern Europe,Western Europe
Netherlands,United Kingdom of Great Britain and Northern Ireland,NLD,GBR,2013,5030893,360.315,Europe,Europe,Western Europe,Northern Europe
Slovenia,Hungary,SVN,HUN,2015,106543,381.6249,Europe,Europe,Southern Europe,Eastern Europe
Netherlands,Belgium,NLD,BEL,2015,3884413,173.0333,Europe,Europe,Western Europe,Western Europe
Bosnia and Herzegovina,Greece,BIH,GRC,2012,1721,790.14,Europe,Europe,Southern Europe,Southern Europe
Norway,Gibraltar,NOR,GIB,2015,77,2887.885,Europe,Europe,Northern Europe,Southern Europe
Latvia,Finland,LVA,FIN,2012,187755,358.1294,Europe,Europe,Northern Europe,Northern Europe
Finland,Moldova (Republic of),FIN,MDA,2013,1042,1482.904,Europe,Europe,Northern Europe,Eastern Europe
Denmark,Bulgaria,DNK,BGR,2014,33824,1639.385,Europe,Europe,Northern Europe,Eastern Europe
Hungary,Slovenia,HUN,SVN,2016,123663,381.6249,Europe,Europe,Eastern Europe,Southern Europe
Norway,Czechia,NOR,CZE,2015,135471,1117.156,Europe,Europe,Northern Europe,Eastern Europe
Croatia,Germany,HRV,DEU,2011,733447,912.2662,Europe,Europe,Southern Europe,Western Europe
Belgium,United Kingdom of Great Britain and Northern Ireland,BEL,GBR,2014,2148003,323.7796,Europe,Europe,Western Europe,Northern Europe
Bulgaria,Estonia,BGR,EST,2011,3260,1866.91,Europe,Europe,Eastern Europe,Northern Europe
Norway,Malta,NOR,MLT,2016,17843,2686.866,Europe,Europe,Northern Europe,Southern Europe
Croatia,Andorra,HRV,AND,2014,,1210.269,Europe,Europe,Southern Europe,Southern Europe
Denmark,Ukraine,DNK,UKR,2012,46020,1328.55,Europe,Europe,Northern Europe,Eastern Europe
Denmark,Austria,DNK,AUT,2012,371083,868.5304,Europe,Europe,Northern Europe,Western Europe
Russian Federation,Ireland,RUS,IRL,2013,20973,2802.315,Europe,Europe,Eastern Europe,Northern Europe
Luxembourg,Denmark,LUX,DNK,2015,91678,802.2173,Europe,Europe,Western Europe,Northern Europe
Estonia,Poland,EST,POL,2013,146001,831.0393,Europe,Europe,Northern Europe,Eastern Europe
Spain,Albania,ESP,ALB,2012,8965,1977.061,Europe,Europe,Southern Europe,Southern Europe
Poland,Spain,POL,ESP,2013,572127,2293.005,Europe,Europe,Eastern Europe,Southern Europe
Lithuania,Italy,LTU,ITA,2015,216755,1706.051,Europe,Europe,Northern Europe,Southern Europe
Italy,Estonia,ITA,EST,2016,94411,2126.436,Europe,Europe,Southern Europe,Northern Europe
Russian Federation,Bulgaria,RUS,BGR,2011,511803,1785.898,Europe,Europe,Eastern Europe,Eastern Europe
Romania,Iceland,ROU,ISL,2013,648,,Europe,Europe,Eastern Europe,Northern Europe
Sweden,Bosnia and Herzegovina,SWE,BIH,2015,93213,1721.592,Europe,Europe,Northern Europe,Southern Europe
Gibraltar,Switzerland,GIB,CHE,2013,182,1603.114,Europe,Europe,Southern Europe,Western Europe
San Marino,Germany,SMR,DEU,2013,,932.1286,Europe,Europe,Southern Europe,Western Europe
Italy,Belgium,ITA,BEL,2015,2293769,1174.904,Europe,Europe,Southern Europe,Western Europe
San Marino,Estonia,SMR,EST,2013,,1911.032,Europe,Europe,Southern Europe,Northern Europe
Romania,Norway,ROU,NOR,2013,41494,,Europe,Europe,Eastern Europe,Northern Europe
Belarus,France,BLR,FRA,2016,26560,1823.709,Europe,Europe,Eastern Europe,Western Europe
Macedonia (the former Yugoslav Republic of),Slovenia,MKD,SVN,2015,26122,717.5879,Europe,Europe,Southern Europe,Southern Europe
Norway,Poland,NOR,POL,2012,747144,1062.053,Europe,Europe,Northern Europe,Eastern Europe
Ireland,Belgium,IRL,BEL,2016,404978,775.6281,Europe,Europe,Northern Europe,Western Europe
United Kingdom of Great Britain and Northern Ireland,Romania,GBR,ROU,2013,481344,,Europe,Europe,Northern Europe,Eastern Europe
Czechia,Ukraine,CZE,UKR,2011,161297,1141.565,Europe,Europe,Eastern Europe,Eastern Europe
Greece,Austria,GRC,AUT,2014,436545,1283.6,Europe,Europe,Southern Europe,Western Europe
Austria,Spain,AUT,ESP,2016,1329708,1811.999,Europe,Europe,Western Europe,Southern Europe
Macedonia (the former Yugoslav Republic of),Latvia,MKD,LVA,2016,1011,1674.47,Europe,Europe,Southern Europe,Northern Europe
Portugal,Italy,PRT,ITA,2011,723479,1864.041,Europe,Europe,Southern Europe,Southern Europe
Belgium,Belarus,BEL,BLR,2013,4543,1601.903,Europe,Europe,Western Europe,Eastern Europe
Malta,Andorra,MLT,AND,2014,,1340.487,Europe,Europe,Southern Europe,Southern Europe
Iceland,Andorra,ISL,AND,2013,,2833.952,Europe,Europe,Northern Europe,Southern Europe
Luxembourg,Latvia,LUX,LVA,2013,1859,1440.968,Europe,Europe,Western Europe,Northern Europe
Macedonia (the former Yugoslav Republic of),Italy,MKD,ITA,2013,69712,742.0995,Europe,Europe,Southern Europe,Southern Europe
Lithuania,Bosnia and Herzegovina,LTU,BIH,2011,258,1302.017,Europe,Europe,Northern Europe,Southern Europe
Sweden,Malta,SWE,MLT,2014,64668,2620.794,Europe,Europe,Northern Europe,Southern Europe
Italy,Slovenia,ITA,SVN,2013,533422,492.3427,Europe,Europe,Southern Europe,Southern Europe
San Marino,United Kingdom of Great Britain and Northern Ireland,SMR,GBR,2015,,1263.348,Europe,Europe,Southern Europe,Northern Europe
Moldova (Republic of),Gibraltar,MDA,GIB,2012,3,3062.09,Europe,Europe,Eastern Europe,Southern Europe
Andorra,Russian Federation,AND,RUS,2011,,2973.003,Europe,Europe,Southern Europe,Eastern Europe
Austria,Malta,AUT,MLT,2015,56528,1379.07,Europe,Europe,Western Europe,Southern Europe
Sweden,Germany,SWE,DEU,2012,2618323,1118.929,Europe,Europe,Northern Europe,Western Europe
Austria,Greece,AUT,GRC,2016,525797,1283.6,Europe,Europe,Western Europe,Southern Europe
Belgium,Latvia,BEL,LVA,2013,64711,1456.065,Europe,Europe,Western Europe,Northern Europe
Lithuania,Finland,LTU,FIN,2015,57815,606.8758,Europe,Europe,Northern Europe,Northern Europe
Moldova (Republic of),Belarus,MDA,BLR,2015,2966,768.2014,Europe,Europe,Eastern Europe,Eastern Europe
Malta,Bulgaria,MLT,BGR,2016,36377,1065.425,Europe,Europe,Southern Europe,Eastern Europe
Albania,Austria,ALB,AUT,2016,28887,812.9326,Europe,Europe,Southern Europe,Western Europe
Portugal,Ukraine,PRT,UKR,2011,33877,3351.661,Europe,Europe,Southern Europe,Eastern Europe
Switzerland,Bosnia and Herzegovina,CHE,BIH,2014,58655,924.4724,Europe,Europe,Western Europe,Southern Europe
Bulgaria,Belgium,BGR,BEL,2014,124766,1699.686,Europe,Europe,Eastern Europe,Western Europe
Norway,Belarus,NOR,BLR,2015,2127,1216.697,Europe,Europe,Northern Europe,Eastern Europe
Belgium,Ukraine,BEL,UKR,2013,41092,1837.307,Europe,Europe,Western Europe,Eastern Europe
Austria,France,AUT,FRA,2016,1203128,1035.144,Europe,Europe,Western Europe,Western Europe
Romania,Iceland,ROU,ISL,2014,989,,Europe,Europe,Eastern Europe,Northern Europe
Belarus,Italy,BLR,ITA,2012,67221,1732.921,Europe,Europe,Eastern Europe,Southern Europe
Germany,Hungary,DEU,HUN,2014,2380633,976.2567,Europe,Europe,Western Europe,Eastern Europe
Belgium,Luxembourg,BEL,LUX,2015,325085,187.8091,Europe,Europe,Western Europe,Western Europe
Italy,Russian Federation,ITA,RUS,2013,1336503,2383.171,Europe,Europe,Southern Europe,Eastern Europe
Croatia,Slovakia,HRV,SVK,2013,351968,278.7123,Europe,Europe,Southern Europe,Eastern Europe
Slovakia,Spain,SVK,ESP,2011,132450,1865.664,Europe,Europe,Eastern Europe,Southern Europe
Slovenia,Gibraltar,SVN,GIB,2012,1,1989.75,Europe,Europe,Southern Europe,Southern Europe
Croatia,Bosnia and Herzegovina,HRV,BIH,2016,419093,290.1541,Europe,Europe,Southern Europe,Southern Europe
Netherlands,Hungary,NLD,HUN,2016,397901,1145.901,Europe,Europe,Western Europe,Eastern Europe
Hungary,Moldova (Republic of),HUN,MDA,2012,4086,740.7287,Europe,Europe,Eastern Europe,Eastern Europe
Croatia,Czechia,HRV,CZE,2012,692797,492.0173,Europe,Europe,Southern Europe,Eastern Europe
Czechia,France,CZE,FRA,2014,557928,884.6105,Europe,Europe,Eastern Europe,Western Europe
Moldova (Republic of),Norway,MDA,NOR,2013,1995,1858.963,Europe,Europe,Eastern Europe,Northern Europe
Poland,Norway,POL,NOR,2012,748770,1062.053,Europe,Europe,Eastern Europe,Northern Europe
Ukraine,Finland,UKR,FIN,2015,21204,1135.325,Europe,Europe,Eastern Europe,Northern Europe
San Marino,Finland,SMR,FIN,2016,,1986.678,Europe,Europe,Southern Europe,Northern Europe
Slovenia,Denmark,SVN,DNK,2015,16175,1076.812,Europe,Europe,Southern Europe,Northern Europe
Switzerland,Ukraine,CHE,UKR,2014,77363,1730.779,Europe,Europe,Western Europe,Eastern Europe
Andorra,Poland,AND,POL,2011,,1817.341,Europe,Europe,Southern Europe,Eastern Europe
Hungary,Bosnia and Herzegovina,HUN,BIH,2012,2520,407.2162,Europe,Europe,Eastern Europe,Southern Europe
Croatia,San Marino,HRV,SMR,2013,,342.8565,Europe,Europe,Southern Europe,Southern Europe
Spain,Malta,ESP,MLT,2013,114884,1670.797,Europe,Europe,Southern Europe,Southern Europe
Netherlands,Finland,NLD,FIN,2012,177339,1505.523,Europe,Europe,Western Europe,Northern Europe
Latvia,Ireland,LVA,IRL,2013,80201,1954.941,Europe,Europe,Northern Europe,Northern Europe
Bosnia and Herzegovina,Norway,BIH,NOR,2016,16245,1859.721,Europe,Europe,Southern Europe,Northern Europe
Bulgaria,Croatia,BGR,HRV,2012,60319,680.4865,Europe,Europe,Eastern Europe,Southern Europe
Germany,Belarus,DEU,BLR,2011,61682,1405.056,Europe,Europe,Western Europe,Eastern Europe
Slovenia,Albania,SVN,ALB,2013,9060,678.3095,Europe,Europe,Southern Europe,Southern Europe
Czechia,Denmark,CZE,DNK,2014,157645,631.8411,Europe,Europe,Eastern Europe,Northern Europe
Croatia,Iceland,HRV,ISL,2016,2221,3089.354,Europe,Europe,Southern Europe,Northern Europe
San Marino,Poland,SMR,POL,2011,,1117.929,Europe,Europe,Southern Europe,Eastern Europe
Bosnia and Herzegovina,Greece,BIH,GRC,2011,1380,790.14,Europe,Europe,Southern Europe,Southern Europe
Sweden,Norway,SWE,NOR,2014,6115991,417.5658,Europe,Europe,Northern Europe,Northern Europe
Denmark,Moldova (Republic of),DNK,MDA,2016,3277,1479.282,Europe,Europe,Northern Europe,Eastern Europe
Lithuania,Slovenia,LTU,SVN,2014,5156,1225.651,Europe,Europe,Northern Europe,Southern Europe
Croatia,Moldova (Republic of),HRV,MDA,2016,974,995.402,Europe,Europe,Southern Europe,Eastern Europe
Belgium,Spain,BEL,ESP,2012,2614267,1316.64,Europe,Europe,Western Europe,Southern Europe
Andorra,Germany,AND,DEU,2016,,1080.611,Europe,Europe,Southern Europe,Western Europe
Malta,San Marino,MLT,SMR,2011,,912.6896,Europe,Europe,Southern Europe,Southern Europe
Austria,Moldova (Republic of),AUT,MDA,2015,21786,944.1378,Europe,Europe,Western Europe,Eastern Europe
Greece,Switzerland,GRC,CHE,2014,564570,1662.651,Europe,Europe,Southern Europe,Western Europe
Estonia,San Marino,EST,SMR,2011,,1911.032,Europe,Europe,Northern Europe,Southern Europe
Bosnia and Herzegovina,Slovakia,BIH,SVK,2016,4361,488.4783,Europe,Europe,Southern Europe,Eastern Europe
United Kingdom of Great Britain and Northern Ireland,Finland,GBR,FIN,2016,527861,1826.928,Europe,Europe,Northern Europe,Northern Europe
Bosnia and Herzegovina,Gibraltar,BIH,GIB,2013,2,2192.861,Europe,Europe,Southern Europe,Southern Europe
Estonia,Bosnia and Herzegovina,EST,BIH,2013,245,1782.909,Europe,Europe,Northern Europe,Southern Europe
Hungary,Bulgaria,HUN,BGR,2012,245883,632.9641,Europe,Europe,Eastern Europe,Eastern Europe
Gibraltar,Ukraine,GIB,UKR,2016,1440,3267.28,Europe,Europe,Southern Europe,Eastern Europe
Spain,Switzerland,ESP,CHE,2011,2583396,1153.117,Europe,Europe,Southern Europe,Western Europe
Ukraine,Portugal,UKR,PRT,2015,32604,3351.661,Europe,Europe,Eastern Europe,Southern Europe
Ireland,Belarus,IRL,BLR,2016,922,2209.153,Europe,Europe,Northern Europe,Eastern Europe
Poland,Netherlands,POL,NLD,2015,555213,1093.599,Europe,Europe,Eastern Europe,Western Europe
Poland,Bosnia and Herzegovina,POL,BIH,2016,2873,952.2305,Europe,Europe,Eastern Europe,Southern Europe
Andorra,Iceland,AND,ISL,2011,,2833.952,Europe,Europe,Southern Europe,Northern Europe
Andorra,Bosnia and Herzegovina,AND,BIH,2016,,1380.175,Europe,Europe,Southern Europe,Southern Europe
Denmark,Hungary,DNK,HUN,2011,92252,1011.98,Europe,Europe,Northern Europe,Eastern Europe
Lithuania,France,LTU,FRA,2013,83464,1700.296,Europe,Europe,Northern Europe,Western Europe
Switzerland,Netherlands,CHE,NLD,2014,886578,628.025,Europe,Europe,Western Europe,Western Europe
Gibraltar,Hungary,GIB,HUN,2012,9,2371.369,Europe,Europe,Southern Europe,Eastern Europe
Romania,Hungary,ROU,HUN,2011,2698502,,Europe,Europe,Eastern Europe,Eastern Europe
Netherlands,Sweden,NLD,SWE,2012,586337,1128.93,Europe,Europe,Western Europe,Northern Europe
Finland,Hungary,FIN,HUN,2011,100228,1457.984,Europe,Europe,Northern Europe,Eastern Europe
Romania,Luxembourg,ROU,LUX,2011,4403,,Europe,Europe,Eastern Europe,Western Europe
Macedonia (the former Yugoslav Republic of),Moldova (Republic of),MKD,MDA,2015,379,806.5962,Europe,Europe,Southern Europe,Eastern Europe
Iceland,Austria,ISL,AUT,2013,8642,2891.521,Europe,Europe,Northern Europe,Western Europe
Norway,France,NOR,FRA,2015,547526,1342.89,Europe,Europe,Northern Europe,Western Europe
Bosnia and Herzegovina,Gibraltar,BIH,GIB,2012,0,2192.861,Europe,Europe,Southern Europe,Southern Europe
Slovakia,Portugal,SVK,PRT,2013,216,2354.293,Europe,Europe,Eastern Europe,Southern Europe
San Marino,Malta,SMR,MLT,2013,,912.6896,Europe,Europe,Southern Europe,Southern Europe
Ukraine,Hungary,UKR,HUN,2014,1161184,896.3701,Europe,Europe,Eastern Europe,Eastern Europe
Germany,Luxembourg,DEU,LUX,2012,361291,215.9864,Europe,Europe,Western Europe,Western Europe
Czechia,Hungary,CZE,HUN,2012,454957,445.1513,Europe,Europe,Eastern Europe,Eastern Europe
Slovenia,Andorra,SVN,AND,2013,,1107.667,Europe,Europe,Southern Europe,Southern Europe
Estonia,Macedonia (the former Yugoslav Republic of),EST,MKD,2013,355,1951.641,Europe,Europe,Northern Europe,Southern Europe
Estonia,Belgium,EST,BEL,2011,29474,1601.098,Europe,Europe,Northern Europe,Western Europe
Gibraltar,Germany,GIB,DEU,2016,429,1967.273,Europe,Europe,Southern Europe,Western Europe
Estonia,United Kingdom of Great Britain and Northern Ireland,EST,GBR,2013,119378,1787.092,Europe,Europe,Northern Europe,Northern Europe
Malta,Estonia,MLT,EST,2015,4855,2719.935,Europe,Europe,Southern Europe,Northern Europe
Romania,Finland,ROU,FIN,2016,12932,,Europe,Europe,Eastern Europe,Northern Europe
Bulgaria,Moldova (Republic of),BGR,MDA,2012,114289,650.3213,Europe,Europe,Eastern Europe,Eastern Europe
Russian Federation,Switzerland,RUS,CHE,2012,397946,2296.397,Europe,Europe,Eastern Europe,Western Europe
Malta,Belgium,MLT,BEL,2013,50262,1851.035,Europe,Europe,Southern Europe,Western Europe
Portugal,Bulgaria,PRT,BGR,2013,16060,2754.19,Europe,Europe,Southern Europe,Eastern Europe
Luxembourg,Macedonia (the former Yugoslav Republic of),LUX,MKD,2012,305,1454.307,Europe,Europe,Western Europe,Southern Europe
Bulgaria,Italy,BGR,ITA,2013,229208,893.0574,Europe,Europe,Eastern Europe,Southern Europe
France,Ireland,FRA,IRL,2011,8146283,778.2031,Europe,Europe,Western Europe,Northern Europe
Russian Federation,Malta,RUS,MLT,2016,26479,2819.734,Europe,Europe,Eastern Europe,Southern Europe
Ireland,Bosnia and Herzegovina,IRL,BIH,2016,1473,2084.593,Europe,Europe,Northern Europe,Southern Europe
United Kingdom of Great Britain and Northern Ireland,Croatia,GBR,HRV,2011,441624,1341.216,Europe,Europe,Northern Europe,Southern Europe
Albania,Lithuania,ALB,LTU,2014,176,1540.066,Europe,Europe,Southern Europe,Northern Europe
Croatia,Finland,HRV,FIN,2011,36975,1702.673,Europe,Europe,Southern Europe,Northern Europe
Iceland,Latvia,ISL,LVA,2012,1354,2579.342,Europe,Europe,Northern Europe,Northern Europe
Austria,Belgium,AUT,BEL,2012,538267,914.4633,Europe,Europe,Western Europe,Western Europe
Norway,Lithuania,NOR,LTU,2012,140435,1048.369,Europe,Europe,Northern Europe,Northern Europe
Albania,Russian Federation,ALB,RUS,2015,17934,2063.678,Europe,Europe,Southern Europe,Eastern Europe
Slovakia,Romania,SVK,ROU,2011,104861,,Europe,Europe,Eastern Europe,Eastern Europe
Netherlands,Croatia,NLD,HRV,2014,80501,1085.255,Europe,Europe,Western Europe,Southern Europe
Finland,Luxembourg,FIN,LUX,2013,7513,1671.633,Europe,Europe,Northern Europe,Western Europe
Hungary,Belarus,HUN,BLR,2014,6764,923.2194,Europe,Europe,Eastern Europe,Eastern Europe
Slovenia,Bosnia and Herzegovina,SVN,BIH,2011,70623,394.7473,Europe,Europe,Southern Europe,Southern Europe
Malta,Netherlands,MLT,NLD,2013,60819,1981.948,Europe,Europe,Southern Europe,Western Europe
Moldova (Republic of),Iceland,MDA,ISL,2014,34,3584.765,Europe,Europe,Eastern Europe,Northern Europe
Bosnia and Herzegovina,Lithuania,BIH,LTU,2016,408,1302.017,Europe,Europe,Southern Europe,Northern Europe
Gibraltar,Romania,GIB,ROU,2015,118,,Europe,Europe,Southern Europe,Eastern Europe
Portugal,Malta,PRT,MLT,2012,4370,2112.431,Europe,Europe,Southern Europe,Southern Europe
Finland,France,FIN,FRA,2014,304051,1911.138,Europe,Europe,Northern Europe,Western Europe
Russian Federation,Denmark,RUS,DNK,2015,101817,1566.362,Europe,Europe,Eastern Europe,Northern Europe
San Marino,Ireland,SMR,IRL,2014,,1720.421,Europe,Europe,Southern Europe,Northern Europe
Latvia,Gibraltar,LVA,GIB,2011,186,3185.494,Europe,Europe,Northern Europe,Southern Europe
Ireland,Portugal,IRL,PRT,2015,572643,1639.821,Europe,Europe,Northern Europe,Southern Europe
Romania,Czechia,ROU,CZE,2016,152384,,Europe,Europe,Eastern Europe,Eastern Europe
Czechia,Belarus,CZE,BLR,2012,25543,986.366,Europe,Europe,Eastern Europe,Eastern Europe
Bosnia and Herzegovina,Ireland,BIH,IRL,2016,1315,2084.593,Europe,Europe,Southern Europe,Northern Europe
Sweden,United Kingdom of Great Britain and Northern Ireland,SWE,GBR,2011,1833472,1437.571,Europe,Europe,Northern Europe,Northern Europe
Denmark,Ukraine,DNK,UKR,2013,33447,1328.55,Europe,Europe,Northern Europe,Eastern Europe
Czechia,Netherlands,CZE,NLD,2014,261268,709.4576,Europe,Europe,Eastern Europe,Western Europe
Greece,Iceland,GRC,ISL,2013,782,4166.699,Europe,Europe,Southern Europe,Northern Europe
Andorra,Spain,AND,ESP,2014,5,492.9274,Europe,Europe,Southern Europe,Southern Europe
Sweden,Portugal,SWE,PRT,2013,115848,2990.966,Europe,Europe,Northern Europe,Southern Europe
Denmark,Portugal,DNK,PRT,2011,135243,2478.47,Europe,Europe,Northern Europe,Southern Europe
Albania,Bosnia and Herzegovina,ALB,BIH,2014,22181,303.8697,Europe,Europe,Southern Europe,Southern Europe
Poland,Ukraine,POL,UKR,2016,12348163,690.8161,Europe,Europe,Eastern Europe,Eastern Europe
Albania,United Kingdom of Great Britain and Northern Ireland,ALB,GBR,2012,72908,1895.345,Europe,Europe,Southern Europe,Northern Europe
Italy,Switzerland,ITA,CHE,2012,1140781,692.6592,Europe,Europe,Southern Europe,Western Europe
Andorra,Croatia,AND,HRV,2016,,1210.269,Europe,Europe,Southern Europe,Southern Europe
Latvia,Gibraltar,LVA,GIB,2015,32,3185.494,Europe,Europe,Northern Europe,Southern Europe
Gibraltar,Bulgaria,GIB,BGR,2013,27,2555.137,Europe,Europe,Southern Europe,Eastern Europe
United Kingdom of Great Britain and Northern Ireland,Italy,GBR,ITA,2014,7852739,1438.425,Europe,Europe,Northern Europe,Southern Europe
Denmark,Sweden,DNK,SWE,2012,4964073,523.7871,Europe,Europe,Northern Europe,Northern Europe
Iceland,Slovenia,ISL,SVN,2013,271,2999.913,Europe,Europe,Northern Europe,Southern Europe
Netherlands,Austria,NLD,AUT,2016,642309,934.7828,Europe,Europe,Western Europe,Western Europe
Belarus,United Kingdom of Great Britain and Northern Ireland,BLR,GBR,2014,20566,1873.072,Europe,Europe,Eastern Europe,Northern Europe
San Marino,Poland,SMR,POL,2012,,1117.929,Europe,Europe,Southern Europe,Eastern Europe
Finland,Greece,FIN,GRC,2013,39698,2465.045,Europe,Europe,Northern Europe,Southern Europe
Italy,Poland,ITA,POL,2013,1653877,1319.479,Europe,Europe,Southern Europe,Eastern Europe
Poland,France,POL,FRA,2014,1050514,1368.178,Europe,Europe,Eastern Europe,Western Europe
Slovakia,Ireland,SVK,IRL,2013,70671,1736.948,Europe,Europe,Eastern Europe,Northern Europe
Greece,Italy,GRC,ITA,2016,2225464,1050.411,Europe,Europe,Southern Europe,Southern Europe
Poland,United Kingdom of Great Britain and Northern Ireland,POL,GBR,2015,4449810,1451.644,Europe,Europe,Eastern Europe,Northern Europe
Slovakia,Denmark,SVK,DNK,2016,4109,891.5908,Europe,Europe,Eastern Europe,Northern Europe
Croatia,Bulgaria,HRV,BGR,2012,60319,680.4865,Europe,Europe,Southern Europe,Eastern Europe
Latvia,Malta,LVA,MLT,2014,5029,2449.608,Europe,Europe,Northern Europe,Southern Europe
Austria,Macedonia (the former Yugoslav Republic of),AUT,MKD,2012,23483,799.0887,Europe,Europe,Western Europe,Southern Europe
Moldova (Republic of),Belarus,MDA,BLR,2011,1051,768.2014,Europe,Europe,Eastern Europe,Eastern Europe
Ukraine,Slovakia,UKR,SVK,2013,504294,998.2211,Europe,Europe,Eastern Europe,Eastern Europe
Slovenia,Greece,SVN,GRC,2012,43301,1176.784,Europe,Europe,Southern Europe,Southern Europe
Slovenia,Andorra,SVN,AND,2012,,1107.667,Europe,Europe,Southern Europe,Southern Europe
Slovakia,San Marino,SVK,SMR,2013,,591.9698,Europe,Europe,Eastern Europe,Southern Europe
Belgium,Lithuania,BEL,LTU,2011,62825,1469.434,Europe,Europe,Western Europe,Northern Europe
Macedonia (the former Yugoslav Republic of),Bulgaria,MKD,BGR,2011,458220,168.0973,Europe,Europe,Southern Europe,Eastern Europe
Denmark,Austria,DNK,AUT,2016,415119,868.5304,Europe,Europe,Northern Europe,Western Europe
San Marino,Czechia,SMR,CZE,2012,,700.1221,Europe,Europe,Southern Europe,Eastern Europe
Germany,Norway,DEU,NOR,2016,1513720,969.2816,Europe,Europe,Western Europe,Northern Europe
Iceland,Malta,ISL,MLT,2013,249,3978.502,Europe,Europe,Northern Europe,Southern Europe
Poland,Ireland,POL,IRL,2015,680889,1826.82,Europe,Europe,Eastern Europe,Northern Europe
Malta,Norway,MLT,NOR,2012,15324,2686.866,Europe,Europe,Southern Europe,Northern Europe
Bulgaria,Russian Federation,BGR,RUS,2014,708768,1785.898,Europe,Europe,Eastern Europe,Eastern Europe
Estonia,Portugal,EST,PRT,2012,6394,3311.847,Europe,Europe,Northern Europe,Southern Europe
Slovenia,Denmark,SVN,DNK,2016,16816,1076.812,Europe,Europe,Southern Europe,Northern Europe
Latvia,Portugal,LVA,PRT,2011,6916,3152.139,Europe,Europe,Northern Europe,Southern Europe
Ukraine,Slovakia,UKR,SVK,2015,464110,998.2211,Europe,Europe,Eastern Europe,Eastern Europe
Greece,Andorra,GRC,AND,2015,,1947.636,Europe,Europe,Southern Europe,Southern Europe
Gibraltar,Spain,GIB,ESP,2013,38,497.6063,Europe,Europe,Southern Europe,Southern Europe
Germany,Ireland,DEU,IRL,2015,1210137,920.8693,Europe,Europe,Western Europe,Northern Europe
Latvia,Bulgaria,LVA,BGR,2013,10174,1590.733,Europe,Europe,Northern Europe,Eastern Europe
Italy,Finland,ITA,FIN,2011,374071,2203.158,Europe,Europe,Southern Europe,Northern Europe
Hungary,Sweden,HUN,SWE,2014,239639,1318.564,Europe,Europe,Eastern Europe,Northern Europe
Belgium,Norway,BEL,NOR,2012,123617,1087.773,Europe,Europe,Western Europe,Northern Europe
Gibraltar,Hungary,GIB,HUN,2015,55,2371.369,Europe,Europe,Southern Europe,Eastern Europe
Poland,Germany,POL,DEU,2012,27457328,965.9211,Europe,Europe,Eastern Europe,Western Europe
Belarus,Sweden,BLR,SWE,2016,10785,838.4113,Europe,Europe,Eastern Europe,Northern Europe
Bulgaria,Gibraltar,BGR,GIB,2016,100,2555.137,Europe,Europe,Eastern Europe,Southern Europe
Belgium,Spain,BEL,ESP,2013,2794397,1316.64,Europe,Europe,Western Europe,Southern Europe
Latvia,Ukraine,LVA,UKR,2014,76779,839.8457,Europe,Europe,Northern Europe,Eastern Europe
Moldova (Republic of),Latvia,MDA,LVA,2013,3656,1153.302,Europe,Europe,Eastern Europe,Northern Europe
Latvia,Hungary,LVA,HUN,2014,10143,1105.945,Europe,Europe,Northern Europe,Eastern Europe
Moldova (Republic of),Hungary,MDA,HUN,2014,2772,740.7287,Europe,Europe,Eastern Europe,Eastern Europe
Estonia,Lithuania,EST,LTU,2015,107336,527.9267,Europe,Europe,Northern Europe,Northern Europe
San Marino,Lithuania,SMR,LTU,2014,,1509.381,Europe,Europe,Southern Europe,Northern Europe
Latvia,Poland,LVA,POL,2013,595240,559.8441,Europe,Europe,Northern Europe,Eastern Europe
Belarus,Poland,BLR,POL,2014,4067702,469.7038,Europe,Europe,Eastern Europe,Eastern Europe
Gibraltar,Luxembourg,GIB,LUX,2016,24,1763.693,Europe,Europe,Southern Europe,Western Europe
Romania,Latvia,ROU,LVA,2013,2677,,Europe,Europe,Eastern Europe,Northern Europe
France,Finland,FRA,FIN,2015,309949,1911.138,Europe,Europe,Western Europe,Northern Europe
Sweden,Finland,SWE,FIN,2016,1011537,397.8922,Europe,Europe,Northern Europe,Northern Europe
Iceland,Romania,ISL,ROU,2016,2304,,Europe,Europe,Northern Europe,Eastern Europe
Andorra,Norway,AND,NOR,2014,,2038.357,Europe,Europe,Southern Europe,Northern Europe
Italy,Gibraltar,ITA,GIB,2015,172,1667.082,Europe,Europe,Southern Europe,Southern Europe
San Marino,Switzerland,SMR,CHE,2014,,516.8909,Europe,Europe,Southern Europe,Western Europe
Russian Federation,Hungary,RUS,HUN,2016,171722,1574.19,Europe,Europe,Eastern Europe,Eastern Europe
Netherlands,Belarus,NLD,BLR,2011,14203,1512.952,Europe,Europe,Western Europe,Eastern Europe
Moldova (Republic of),Albania,MDA,ALB,2011,194,955.9489,Europe,Europe,Eastern Europe,Southern Europe
San Marino,Czechia,SMR,CZE,2013,,700.1221,Europe,Europe,Southern Europe,Eastern Europe
Iceland,Belgium,ISL,BEL,2013,12919,2133.168,Europe,Europe,Northern Europe,Western Europe
Norway,Estonia,NOR,EST,2016,102613,787.4166,Europe,Europe,Northern Europe,Northern Europe
Finland,Ukraine,FIN,UKR,2012,27257,1135.325,Europe,Europe,Northern Europe,Eastern Europe
Macedonia (the former Yugoslav Republic of),Germany,MKD,DEU,2014,131419,1521.612,Europe,Europe,Southern Europe,Western Europe
Austria,Gibraltar,AUT,GIB,2014,89,2226.795,Europe,Europe,Western Europe,Southern Europe
Norway,Russian Federation,NOR,RUS,2013,194346,1649.799,Europe,Europe,Northern Europe,Eastern Europe
Norway,Bosnia and Herzegovina,NOR,BIH,2013,12621,1859.721,Europe,Europe,Northern Europe,Southern Europe
Austria,Iceland,AUT,ISL,2012,7848,2891.521,Europe,Europe,Western Europe,Northern Europe
Czechia,Lithuania,CZE,LTU,2012,55431,896.5842,Europe,Europe,Eastern Europe,Northern Europe
Greece,Gibraltar,GRC,GIB,2016,421,2580.711,Europe,Europe,Southern Europe,Southern Europe
Denmark,Luxembourg,DNK,LUX,2015,91678,802.2173,Europe,Europe,Northern Europe,Western Europe
Italy,Croatia,ITA,HRV,2014,1333482,517.0557,Europe,Europe,Southern Europe,Southern Europe
Latvia,Spain,LVA,ESP,2012,45873,2715.85,Europe,Europe,Northern Europe,Southern Europe
Gibraltar,Belarus,GIB,BLR,2015,11,3204.334,Europe,Europe,Southern Europe,Eastern Europe
Slovenia,Latvia,SVN,LVA,2012,949,1378.849,Europe,Europe,Southern Europe,Northern Europe
Malta,Russian Federation,MLT,RUS,2014,36792,2819.734,Europe,Europe,Southern Europe,Eastern Europe
Croatia,Macedonia (the former Yugoslav Republic of),HRV,MKD,2014,37758,610.8091,Europe,Europe,Southern Europe,Southern Europe
Slovakia,Andorra,SVK,AND,2016,,1374.983,Europe,Europe,Eastern Europe,Southern Europe
Poland,Russian Federation,POL,RUS,2014,4630143,1156.427,Europe,Europe,Eastern Europe,Eastern Europe
Spain,Germany,ESP,DEU,2016,18404888,1479.332,Europe,Europe,Southern Europe,Western Europe
Russian Federation,Austria,RUS,AUT,2015,409557,1675.699,Europe,Europe,Eastern Europe,Western Europe
Albania,San Marino,ALB,SMR,2016,,666.4761,Europe,Europe,Southern Europe,Southern Europe
Bosnia and Herzegovina,Croatia,BIH,HRV,2012,292962,290.1541,Europe,Europe,Southern Europe,Southern Europe
Norway,Slovenia,NOR,SVN,2011,4360,1561.207,Europe,Europe,Northern Europe,Southern Europe
Latvia,Croatia,LVA,HRV,2016,9468,1361.346,Europe,Europe,Northern Europe,Southern Europe
Luxembourg,United Kingdom of Great Britain and Northern Ireland,LUX,GBR,2011,197870,494.0174,Europe,Europe,Western Europe,Northern Europe
United Kingdom of Great Britain and Northern Ireland,Gibraltar,GBR,GIB,2013,258387,1759.095,Europe,Europe,Northern Europe,Southern Europe
Austria,Poland,AUT,POL,2016,939264,556.8245,Europe,Europe,Western Europe,Eastern Europe
Germany,Greece,DEU,GRC,2016,3563206,1990.582,Europe,Europe,Western Europe,Southern Europe
Estonia,Luxembourg,EST,LUX,2014,2938,1614.171,Europe,Europe,Northern Europe,Western Europe
France,Iceland,FRA,ISL,2016,177290,2234.723,Europe,Europe,Western Europe,Northern Europe
Norway,Slovenia,NOR,SVN,2013,14330,1561.207,Europe,Europe,Northern Europe,Southern Europe
United Kingdom of Great Britain and Northern Ireland,Ukraine,GBR,UKR,2013,172939,2137.511,Europe,Europe,Northern Europe,Eastern Europe
Germany,United Kingdom of Great Britain and Northern Ireland,DEU,GBR,2014,8982957,495.3633,Europe,Europe,Western Europe,Northern Europe
Belarus,Bulgaria,BLR,BGR,2011,43513,1282.432,Europe,Europe,Eastern Europe,Eastern Europe
Croatia,Finland,HRV,FIN,2014,75747,1702.673,Europe,Europe,Southern Europe,Northern Europe
Portugal,Estonia,PRT,EST,2012,6803,3311.847,Europe,Europe,Southern Europe,Northern Europe
Bosnia and Herzegovina,United Kingdom of Great Britain and Northern Ireland,BIH,GBR,2012,10666,1625.285,Europe,Europe,Southern Europe,Northern Europe
Gibraltar,Russian Federation,GIB,RUS,2011,1069,3890.748,Europe,Europe,Southern Europe,Eastern Europe
Romania,Macedonia (the former Yugoslav Republic of),ROU,MKD,2013,30339,,Europe,Europe,Eastern Europe,Southern Europe
Iceland,Ukraine,ISL,UKR,2015,877,3379.359,Europe,Europe,Northern Europe,Eastern Europe
Hungary,Poland,HUN,POL,2013,958000,546.806,Europe,Europe,Eastern Europe,Eastern Europe
Gibraltar,France,GIB,FRA,2011,146,1549.175,Europe,Europe,Southern Europe,Western Europe
Russian Federation,San Marino,RUS,SMR,2015,65623,2215.114,Europe,Europe,Eastern Europe,Southern Europe
Estonia,Croatia,EST,HRV,2011,7360,1624.37,Europe,Europe,Northern Europe,Southern Europe
Slovakia,Netherlands,SVK,NLD,2014,2469,987.487,Europe,Europe,Eastern Europe,Western Europe
Finland,Ukraine,FIN,UKR,2014,18819,1135.325,Europe,Europe,Northern Europe,Eastern Europe
Hungary,Latvia,HUN,LVA,2012,7844,1105.945,Europe,Europe,Eastern Europe,Northern Europe
Romania,Gibraltar,ROU,GIB,2016,154,,Europe,Europe,Eastern Europe,Southern Europe
Romania,Albania,ROU,ALB,2013,18807,,Europe,Europe,Eastern Europe,Southern Europe
United Kingdom of Great Britain and Northern Ireland,Russian Federation,GBR,RUS,2014,680007,2510.88,Europe,Europe,Northern Europe,Eastern Europe
Luxembourg,Czechia,LUX,CZE,2014,7823,596.739,Europe,Europe,Western Europe,Eastern Europe
Norway,Belgium,NOR,BEL,2011,115553,1087.773,Europe,Europe,Northern Europe,Western Europe
Andorra,Norway,AND,NOR,2011,,2038.357,Europe,Europe,Southern Europe,Northern Europe
Austria,Czechia,AUT,CZE,2012,839691,252.4479,Europe,Europe,Western Europe,Eastern Europe
Lithuania,Greece,LTU,GRC,2013,47910,1860.701,Europe,Europe,Northern Europe,Southern Europe
Russian Federation,Bulgaria,RUS,BGR,2015,519215,1785.898,Europe,Europe,Eastern Europe,Eastern Europe
Finland,Macedonia (the former Yugoslav Republic of),FIN,MKD,2014,1587,2032.59,Europe,Europe,Northern Europe,Southern Europe
San Marino,France,SMR,FRA,2012,,951.0759,Europe,Europe,Southern Europe,Western Europe
Italy,Greece,ITA,GRC,2014,1827372,1050.411,Europe,Europe,Southern Europe,Southern Europe
Russian Federation,Slovakia,RUS,SVK,2016,56664,1632.621,Europe,Europe,Eastern Europe,Eastern Europe
Albania,Greece,ALB,GRC,2015,847994,500.1241,Europe,Europe,Southern Europe,Southern Europe
Macedonia (the former Yugoslav Republic of),Germany,MKD,DEU,2012,55991,1521.612,Europe,Europe,Southern Europe,Western Europe
Gibraltar,Greece,GIB,GRC,2011,261,2580.711,Europe,Europe,Southern Europe,Southern Europe
Denmark,Greece,DNK,GRC,2013,207489,2135.535,Europe,Europe,Northern Europe,Southern Europe
Luxembourg,Greece,LUX,GRC,2013,25511,1904.941,Europe,Europe,Western Europe,Southern Europe
Croatia,Italy,HRV,ITA,2016,1284670,517.0557,Europe,Europe,Southern Europe,Southern Europe
San Marino,Greece,SMR,GRC,2014,,1152.089,Europe,Europe,Southern Europe,Southern Europe
Greece,Denmark,GRC,DNK,2011,220662,2135.535,Europe,Europe,Southern Europe,Northern Europe
Hungary,Greece,HUN,GRC,2016,170767,1123.943,Europe,Europe,Eastern Europe,Southern Europe
Czechia,Malta,CZE,MLT,2011,10145,1580.469,Europe,Europe,Eastern Europe,Southern Europe
Ireland,Lithuania,IRL,LTU,2013,122731,2052.635,Europe,Europe,Northern Europe,Northern Europe
Poland,Greece,POL,GRC,2014,628712,1600.171,Europe,Europe,Eastern Europe,Southern Europe
Gibraltar,Estonia,GIB,EST,2011,15,3375.481,Europe,Europe,Southern Europe,Northern Europe
Ireland,Finland,IRL,FIN,2013,40576,2028.749,Europe,Europe,Northern Europe,Northern Europe
Sweden,France,SWE,FRA,2012,898764,1545.797,Europe,Europe,Northern Europe,Western Europe
Portugal,Belarus,PRT,BLR,2016,1822,3229.235,Europe,Europe,Southern Europe,Eastern Europe
Macedonia (the former Yugoslav Republic of),Norway,MKD,NOR,2014,4760,2124.664,Europe,Europe,Southern Europe,Northern Europe
Russian Federation,Bulgaria,RUS,BGR,2016,616407,1785.898,Europe,Europe,Eastern Europe,Eastern Europe
Belarus,Switzerland,BLR,CHE,2011,8109,1609.652,Europe,Europe,Eastern Europe,Western Europe
Russian Federation,Greece,RUS,GRC,2015,698873,2233.583,Europe,Europe,Eastern Europe,Southern Europe
Belgium,Greece,BEL,GRC,2014,695069,2089.225,Europe,Europe,Western Europe,Southern Europe
Netherlands,Malta,NLD,MLT,2012,64603,1981.948,Europe,Europe,Western Europe,Southern Europe
Ukraine,Greece,UKR,GRC,2016,135085,1482.129,Europe,Europe,Eastern Europe,Southern Europe
Belgium,Greece,BEL,GRC,2011,562171,2089.225,Europe,Europe,Western Europe,Southern Europe
Norway,Greece,NOR,GRC,2015,254455,2606.405,Europe,Europe,Northern Europe,Southern Europe
United Kingdom of Great Britain and Northern Ireland,Greece,GBR,GRC,2014,2327529,2394.85,Europe,Europe,Northern Europe,Southern Europe
Poland,Italy,POL,ITA,2014,1822099,1319.479,Europe,Europe,Eastern Europe,Southern Europe
Spain,Greece,ESP,GRC,2013,279928,2372.903,Europe,Europe,Southern Europe,Southern Europe
Bulgaria,Austria,BGR,AUT,2016,285128,820.7289,Europe,Europe,Eastern Europe,Western Europe
Macedonia (the former Yugoslav Republic of),Malta,MKD,MLT,2015,828,905.4888,Europe,Europe,Southern Europe,Southern Europe
United Kingdom of Great Britain and Northern Ireland,Greece,GBR,GRC,2012,2079794,2394.85,Europe,Europe,Northern Europe,Southern Europe
Portugal,Greece,PRT,GRC,2012,38510,2853.773,Europe,Europe,Southern Europe,Southern Europe
United Kingdom of Great Britain and Northern Ireland,Belarus,GBR,BLR,2014,20580,1873.072,Europe,Europe,Northern Europe,Eastern Europe
Russian Federation,Germany,RUS,DEU,2012,2206334,2065.183,Europe,Europe,Eastern Europe,Western Europe
Finland,Albania,FIN,ALB,2013,2150,2122.475,Europe,Europe,Northern Europe,Southern Europe
Norway,Ukraine,NOR,UKR,2016,25792,1630.325,Europe,Europe,Northern Europe,Eastern Europe
Denmark,Sweden,DNK,SWE,2013,4781608,523.7871,Europe,Europe,Northern Europe,Northern Europe
Ukraine,Greece,UKR,GRC,2011,61190,1482.129,Europe,Europe,Eastern Europe,Southern Europe
Slovenia,Ireland,SVN,IRL,2015,2599,1689.878,Europe,Europe,Southern Europe,Northern Europe
Belarus,Sweden,BLR,SWE,2014,13375,838.4113,Europe,Europe,Eastern Europe,Northern Europe
Greece,Bulgaria,GRC,BGR,2013,1797311,520.6937,Europe,Europe,Southern Europe,Eastern Europe
Ireland,Greece,IRL,GRC,2014,41444,2855.222,Europe,Europe,Northern Europe,Southern Europe
Poland,Malta,POL,MLT,2011,19381,1889.904,Europe,Europe,Eastern Europe,Southern Europe
Netherlands,Greece,NLD,GRC,2012,320913,2162.912,Europe,Europe,Western Europe,Southern Europe
United Kingdom of Great Britain and Northern Ireland,Greece,GBR,GRC,2016,3433841,2394.85,Europe,Europe,Northern Europe,Southern Europe
Iceland,Gibraltar,ISL,GIB,2013,12,3312.355,Europe,Europe,Northern Europe,Southern Europe
Ukraine,Czechia,UKR,CZE,2015,143585,1141.565,Europe,Europe,Eastern Europe,Eastern Europe
Portugal,Ukraine,PRT,UKR,2014,30964,3351.661,Europe,Europe,Southern Europe,Eastern Europe
Switzerland,Malta,CHE,MLT,2013,54376,1363.745,Europe,Europe,Western Europe,Southern Europe
Netherlands,Slovakia,NLD,SVK,2014,2637,987.487,Europe,Europe,Western Europe,Eastern Europe
Lithuania,Greece,LTU,GRC,2015,67013,1860.701,Europe,Europe,Northern Europe,Southern Europe
Lithuania,Greece,LTU,GRC,2011,39059,1860.701,Europe,Europe,Northern Europe,Southern Europe
United Kingdom of Great Britain and Northern Ireland,Greece,GBR,GRC,2013,2027333,2394.85,Europe,Europe,Northern Europe,Southern Europe
Malta,Lithuania,MLT,LTU,2011,2453,2248.596,Europe,Europe,Southern Europe,Northern Europe
Belgium,Greece,BEL,GRC,2012,417192,2089.225,Europe,Europe,Western Europe,Southern Europe
Latvia,Belarus,LVA,BLR,2013,195736,406.3581,Europe,Europe,Northern Europe,Eastern Europe
Switzerland,France,CHE,FRA,2016,6807833,436.0778,Europe,Europe,Western Europe,Western Europe
Romania,Greece,ROU,GRC,2011,306782,,Europe,Europe,Eastern Europe,Southern Europe
Gibraltar,Greece,GIB,GRC,2012,77,2580.711,Europe,Europe,Southern Europe,Southern Europe
Bulgaria,Romania,BGR,ROU,2015,3023514,,Europe,Europe,Eastern Europe,Eastern Europe
Slovakia,Greece,SVK,GRC,2016,121713,1249.986,Europe,Europe,Eastern Europe,Southern Europe
Lithuania,Estonia,LTU,EST,2016,119425,527.9267,Europe,Europe,Northern Europe,Northern Europe
Czechia,Greece,CZE,GRC,2011,353116,1535.797,Europe,Europe,Eastern Europe,Southern Europe
Finland,Estonia,FIN,EST,2016,121701,80.98481,Europe,Europe,Northern Europe,Northern Europe
Belarus,Greece,BLR,GRC,2015,4011,1787.387,Europe,Europe,Eastern Europe,Southern Europe
Switzerland,Greece,CHE,GRC,2016,771790,1662.651,Europe,Europe,Western Europe,Southern Europe
Austria,Ireland,AUT,IRL,2014,118112,1681.996,Europe,Europe,Western Europe,Northern Europe
Netherlands,Romania,NLD,ROU,2014,129814,,Europe,Europe,Western Europe,Eastern Europe
Austria,Greece,AUT,GRC,2015,566263,1283.6,Europe,Europe,Western Europe,Southern Europe
Austria,Greece,AUT,GRC,2012,322704,1283.6,Europe,Europe,Western Europe,Southern Europe
Greece,Slovenia,GRC,SVN,2011,38015,1176.784,Europe,Europe,Southern Europe,Southern Europe
Macedonia (the former Yugoslav Republic of),San Marino,MKD,SMR,2012,,762.0729,Europe,Europe,Southern Europe,Southern Europe
Slovenia,Bulgaria,SVN,BGR,2014,48545,795.2473,Europe,Europe,Southern Europe,Eastern Europe
Lithuania,Netherlands,LTU,NLD,2013,60980,1370.703,Europe,Europe,Northern Europe,Western Europe
Andorra,Estonia,AND,EST,2016,,2464.161,Europe,Europe,Southern Europe,Northern Europe
Ireland,Bosnia and Herzegovina,IRL,BIH,2013,764,2084.593,Europe,Europe,Northern Europe,Southern Europe
Norway,Albania,NOR,ALB,2011,2755,2160.437,Europe,Europe,Northern Europe,Southern Europe
San Marino,Slovakia,SMR,SVK,2012,,591.9698,Europe,Europe,Southern Europe,Eastern Europe
Slovakia,Estonia,SVK,EST,2013,6382,1345.682,Europe,Europe,Eastern Europe,Northern Europe
Germany,Austria,DEU,AUT,2012,12979040,763.7314,Europe,Europe,Western Europe,Western Europe
Greece,Malta,GRC,MLT,2012,12917,850.6025,Europe,Europe,Southern Europe,Southern Europe
France,Netherlands,FRA,NLD,2015,5813458,427.9169,Europe,Europe,Western Europe,Western Europe
Spain,Bosnia and Herzegovina,ESP,BIH,2012,4101,1861.879,Europe,Europe,Southern Europe,Southern Europe
Luxembourg,Hungary,LUX,HUN,2011,7730,977.394,Europe,Europe,Western Europe,Eastern Europe
Greece,Slovenia,GRC,SVN,2014,35536,1176.784,Europe,Europe,Southern Europe,Southern Europe
Romania,Italy,ROU,ITA,2013,1021689,,Europe,Europe,Eastern Europe,Southern Europe
Iceland,Spain,ISL,ESP,2016,145624,2894.701,Europe,Europe,Northern Europe,Southern Europe
Bulgaria,Bosnia and Herzegovina,BGR,BIH,2015,59835,416.3402,Europe,Europe,Eastern Europe,Southern Europe
Hungary,Andorra,HUN,AND,2014,,1484.944,Europe,Europe,Eastern Europe,Southern Europe
Slovakia,Malta,SVK,MLT,2011,4199,1382.29,Europe,Europe,Eastern Europe,Southern Europe
Czechia,Belgium,CZE,BEL,2016,275819,718.4293,Europe,Europe,Eastern Europe,Western Europe
Romania,Greece,ROU,GRC,2013,354912,,Europe,Europe,Eastern Europe,Southern Europe
Netherlands,Albania,NLD,ALB,2016,17596,1664.815,Europe,Europe,Western Europe,Southern Europe
Luxembourg,Latvia,LUX,LVA,2014,2386,1440.968,Europe,Europe,Western Europe,Northern Europe
Hungary,Czechia,HUN,CZE,2013,744858,445.1513,Europe,Europe,Eastern Europe,Eastern Europe
Estonia,Romania,EST,ROU,2011,6276,,Europe,Europe,Northern Europe,Eastern Europe
Belarus,Gibraltar,BLR,GIB,2011,7,3204.334,Europe,Europe,Eastern Europe,Southern Europe
Belgium,Bosnia and Herzegovina,BEL,BIH,2014,6813,1311.355,Europe,Europe,Western Europe,Southern Europe
Luxembourg,Germany,LUX,DEU,2011,339194,215.9864,Europe,Europe,Western Europe,Western Europe
Poland,Austria,POL,AUT,2016,939264,556.8245,Europe,Europe,Eastern Europe,Western Europe
Belarus,Belgium,BLR,BEL,2012,4493,1601.903,Europe,Europe,Eastern Europe,Western Europe
Greece,Bosnia and Herzegovina,GRC,BIH,2015,2161,790.14,Europe,Europe,Southern Europe,Southern Europe
France,Albania,FRA,ALB,2013,21015,1603.534,Europe,Europe,Western Europe,Southern Europe
Moldova (Republic of),Switzerland,MDA,CHE,2012,5797,1620.078,Europe,Europe,Eastern Europe,Western Europe
Malta,Finland,MLT,FIN,2011,9742,2799.607,Europe,Europe,Southern Europe,Northern Europe
Italy,Norway,ITA,NOR,2013,412650,2010.678,Europe,Europe,Southern Europe,Northern Europe
Macedonia (the former Yugoslav Republic of),Finland,MKD,FIN,2011,2291,2032.59,Europe,Europe,Southern Europe,Northern Europe
Russian Federation,Croatia,RUS,HRV,2014,151431,1875.36,Europe,Europe,Eastern Europe,Southern Europe
Romania,Poland,ROU,POL,2013,434724,,Europe,Europe,Eastern Europe,Eastern Europe
Norway,Macedonia (the former Yugoslav Republic of),NOR,MKD,2011,5462,2124.664,Europe,Europe,Northern Europe,Southern Europe
Lithuania,Sweden,LTU,SWE,2014,61288,677.4822,Europe,Europe,Northern Europe,Northern Europe
Sweden,Macedonia (the former Yugoslav Republic of),SWE,MKD,2016,114983,1943.276,Europe,Europe,Northern Europe,Southern Europe
Finland,Austria,FIN,AUT,2015,120812,1437.813,Europe,Europe,Northern Europe,Western Europe
Belarus,Finland,BLR,FIN,2011,7561,715.4365,Europe,Europe,Eastern Europe,Northern Europe
Denmark,Belarus,DNK,BLR,2013,3814,977.0479,Europe,Europe,Northern Europe,Eastern Europe
Bulgaria,United Kingdom of Great Britain and Northern Ireland,BGR,GBR,2013,431219,2019.341,Europe,Europe,Eastern Europe,Northern Europe
Netherlands,Germany,NLD,DEU,2013,7619308,173.5239,Europe,Europe,Western Europe,Western Europe
Croatia,Ireland,HRV,IRL,2015,64299,1799.206,Europe,Europe,Southern Europe,Northern Europe
United Kingdom of Great Britain and Northern Ireland,Slovenia,GBR,SVN,2012,122364,1230.756,Europe,Europe,Northern Europe,Southern Europe
Latvia,Bulgaria,LVA,BGR,2011,5997,1590.733,Europe,Europe,Northern Europe,Eastern Europe
Finland,United Kingdom of Great Britain and Northern Ireland,FIN,GBR,2012,486641,1826.928,Europe,Europe,Northern Europe,Northern Europe
Netherlands,Spain,NLD,ESP,2014,3566313,1481.366,Europe,Europe,Western Europe,Southern Europe
Portugal,Macedonia (the former Yugoslav Republic of),PRT,MKD,2011,925,2606.129,Europe,Europe,Southern Europe,Southern Europe
Netherlands,Finland,NLD,FIN,2015,204282,1505.523,Europe,Europe,Western Europe,Northern Europe
Gibraltar,Ukraine,GIB,UKR,2013,980,3267.28,Europe,Europe,Southern Europe,Eastern Europe
Ukraine,Gibraltar,UKR,GIB,2015,1273,3267.28,Europe,Europe,Eastern Europe,Southern Europe
Moldova (Republic of),Belgium,MDA,BEL,2013,4072,1831.669,Europe,Europe,Eastern Europe,Western Europe
France,Bosnia and Herzegovina,FRA,BIH,2013,9497,1352.463,Europe,Europe,Western Europe,Southern Europe
Finland,Bosnia and Herzegovina,FIN,BIH,2015,2639,1863.34,Europe,Europe,Northern Europe,Southern Europe
Albania,Latvia,ALB,LVA,2011,171,1765.015,Europe,Europe,Southern Europe,Northern Europe
Ireland,Germany,IRL,DEU,2011,1042187,920.8693,Europe,Europe,Northern Europe,Western Europe
Czechia,Moldova (Republic of),CZE,MDA,2016,5745,1113.54,Europe,Europe,Eastern Europe,Eastern Europe
Russian Federation,United Kingdom of Great Britain and Northern Ireland,RUS,GBR,2011,549174,2510.88,Europe,Europe,Eastern Europe,Northern Europe
Czechia,Andorra,CZE,AND,2015,,1302.353,Europe,Europe,Eastern Europe,Southern Europe
Ireland,Italy,IRL,ITA,2015,842762,1887.733,Europe,Europe,Northern Europe,Southern Europe
Germany,Lithuania,DEU,LTU,2015,264273,1272.883,Europe,Europe,Western Europe,Northern Europe
Denmark,Croatia,DNK,HRV,2012,74517,1123.37,Europe,Europe,Northern Europe,Southern Europe
Belgium,Ireland,BEL,IRL,2011,278487,775.6281,Europe,Europe,Western Europe,Northern Europe
Romania,Luxembourg,ROU,LUX,2012,4377,,Europe,Europe,Eastern Europe,Western Europe
San Marino,Bulgaria,SMR,BGR,2012,,886.4001,Europe,Europe,Southern Europe,Eastern Europe
Austria,Sweden,AUT,SWE,2016,248591,1242.31,Europe,Europe,Western Europe,Northern Europe
Latvia,Croatia,LVA,HRV,2015,8029,1361.346,Europe,Europe,Northern Europe,Southern Europe
Luxembourg,Slovakia,LUX,SVK,2013,1878,821.1423,Europe,Europe,Western Europe,Eastern Europe
Malta,Greece,MLT,GRC,2014,18922,850.6025,Europe,Europe,Southern Europe,Southern Europe
Russian Federation,Macedonia (the former Yugoslav Republic of),RUS,MKD,2011,6712,1927.484,Europe,Europe,Eastern Europe,Southern Europe
Czechia,Andorra,CZE,AND,2011,,1302.353,Europe,Europe,Eastern Europe,Southern Europe
Lithuania,Slovenia,LTU,SVN,2012,5069,1225.651,Europe,Europe,Northern Europe,Southern Europe
Bulgaria,Greece,BGR,GRC,2011,1806849,520.6937,Europe,Europe,Eastern Europe,Southern Europe
France,Croatia,FRA,HRV,2014,235220,1081.762,Europe,Europe,Western Europe,Southern Europe
United Kingdom of Great Britain and Northern Ireland,Denmark,GBR,DNK,2015,2302588,959.5936,Europe,Europe,Northern Europe,Northern Europe
Belgium,Macedonia (the former Yugoslav Republic of),BEL,MKD,2012,7998,1634.022,Europe,Europe,Western Europe,Southern Europe
Belarus,Macedonia (the former Yugoslav Republic of),BLR,MKD,2016,310,1392.291,Europe,Europe,Eastern Europe,Southern Europe
Denmark,Russian Federation,DNK,RUS,2016,91918,1566.362,Europe,Europe,Northern Europe,Eastern Europe
Russian Federation,Switzerland,RUS,CHE,2013,408291,2296.397,Europe,Europe,Eastern Europe,Western Europe
Finland,Latvia,FIN,LVA,2013,145889,358.1294,Europe,Europe,Northern Europe,Northern Europe
Portugal,Malta,PRT,MLT,2013,4074,2112.431,Europe,Europe,Southern Europe,Southern Europe
Hungary,Moldova (Republic of),HUN,MDA,2016,2527,740.7287,Europe,Europe,Eastern Europe,Eastern Europe
Portugal,Lithuania,PRT,LTU,2012,6655,3123.619,Europe,Europe,Southern Europe,Northern Europe
Croatia,Romania,HRV,ROU,2011,82888,,Europe,Europe,Southern Europe,Eastern Europe
Ukraine,Finland,UKR,FIN,2011,24251,1135.325,Europe,Europe,Eastern Europe,Northern Europe
Malta,Belgium,MLT,BEL,2016,84794,1851.035,Europe,Europe,Southern Europe,Western Europe
Bosnia and Herzegovina,Switzerland,BIH,CHE,2014,53403,924.4724,Europe,Europe,Southern Europe,Western Europe
Lithuania,Croatia,LTU,HRV,2014,27620,1189.612,Europe,Europe,Northern Europe,Southern Europe
Norway,Portugal,NOR,PRT,2015,128737,2739.748,Europe,Europe,Northern Europe,Southern Europe
Andorra,Hungary,AND,HUN,2013,,1484.944,Europe,Europe,Southern Europe,Eastern Europe
Bosnia and Herzegovina,Lithuania,BIH,LTU,2014,401,1302.017,Europe,Europe,Southern Europe,Northern Europe
Portugal,Germany,PRT,DEU,2014,1837173,1892.032,Europe,Europe,Southern Europe,Western Europe
Italy,Slovakia,ITA,SVK,2015,498431,789.4631,Europe,Europe,Southern Europe,Eastern Europe
Croatia,Spain,HRV,ESP,2016,190469,1702.46,Europe,Europe,Southern Europe,Southern Europe
Denmark,France,DNK,FRA,2014,895378,1027.609,Europe,Europe,Northern Europe,Western Europe
Spain,Greece,ESP,GRC,2012,326700,2372.903,Europe,Europe,Southern Europe,Southern Europe
Russian Federation,Spain,RUS,ESP,2015,1233663,3449.3,Europe,Europe,Eastern Europe,Southern Europe
Latvia,Russian Federation,LVA,RUS,2014,997516,847.8519,Europe,Europe,Northern Europe,Eastern Europe
Poland,Switzerland,POL,CHE,2016,353399,1139.992,Europe,Europe,Eastern Europe,Western Europe
Russian Federation,United Kingdom of Great Britain and Northern Ireland,RUS,GBR,2013,666477,2510.88,Europe,Europe,Eastern Europe,Northern Europe
Denmark,Ireland,DNK,IRL,2014,158424,1240.498,Europe,Europe,Northern Europe,Northern Europe
Spain,Russian Federation,ESP,RUS,2015,1225839,3449.3,Europe,Europe,Southern Europe,Eastern Europe
Russian Federation,Denmark,RUS,DNK,2013,115826,1566.362,Europe,Europe,Eastern Europe,Northern Europe
United Kingdom of Great Britain and Northern Ireland,Slovakia,GBR,SVK,2011,368937,1294.938,Europe,Europe,Northern Europe,Eastern Europe
Austria,Spain,AUT,ESP,2015,1030660,1811.999,Europe,Europe,Western Europe,Southern Europe
Gibraltar,Italy,GIB,ITA,2012,209,1667.082,Europe,Europe,Southern Europe,Southern Europe
Switzerland,United Kingdom of Great Britain and Northern Ireland,CHE,GBR,2013,4093976,748.7117,Europe,Europe,Western Europe,Northern Europe
Lithuania,Slovakia,LTU,SVK,2012,17316,918.5131,Europe,Europe,Northern Europe,Eastern Europe
Czechia,Gibraltar,CZE,GIB,2011,55,2222.865,Europe,Europe,Eastern Europe,Southern Europe
Russian Federation,Iceland,RUS,ISL,2012,6700,3316.138,Europe,Europe,Eastern Europe,Northern Europe
Belgium,Germany,BEL,DEU,2015,2300590,196.8761,Europe,Europe,Western Europe,Western Europe
Germany,Gibraltar,DEU,GIB,2015,270,1967.273,Europe,Europe,Western Europe,Southern Europe
San Marino,Italy,SMR,ITA,2014,,230.0196,Europe,Europe,Southern Europe,Southern Europe
Netherlands,Norway,NLD,NOR,2015,535073,916.1565,Europe,Europe,Western Europe,Northern Europe
Netherlands,Ireland,NLD,IRL,2012,439785,756.7269,Europe,Europe,Western Europe,Northern Europe
Finland,Lithuania,FIN,LTU,2016,43711,606.8758,Europe,Europe,Northern Europe,Northern Europe
Latvia,Austria,LVA,AUT,2016,49991,1102.181,Europe,Europe,Northern Europe,Western Europe
Iceland,Sweden,ISL,SWE,2014,80759,2138.135,Europe,Europe,Northern Europe,Northern Europe
Iceland,Ukraine,ISL,UKR,2014,693,3379.359,Europe,Europe,Northern Europe,Eastern Europe
Ukraine,France,UKR,FRA,2013,152057,2025.144,Europe,Europe,Eastern Europe,Western Europe
Macedonia (the former Yugoslav Republic of),Belarus,MKD,BLR,2013,350,1392.291,Europe,Europe,Southern Europe,Eastern Europe
Russian Federation,Finland,RUS,FIN,2011,4472519,892.6777,Europe,Europe,Eastern Europe,Northern Europe
Ukraine,Spain,UKR,ESP,2012,152211,2863.877,Europe,Europe,Eastern Europe,Southern Europe
Albania,Sweden,ALB,SWE,2012,4862,2006.998,Europe,Europe,Southern Europe,Northern Europe
Iceland,Lithuania,ISL,LTU,2012,4304,2797.459,Europe,Europe,Northern Europe,Northern Europe
United Kingdom of Great Britain and Northern Ireland,Albania,GBR,ALB,2011,86105,1895.345,Europe,Europe,Northern Europe,Southern Europe
Greece,Czechia,GRC,CZE,2013,354015,1535.797,Europe,Europe,Southern Europe,Eastern Europe
Czechia,Bulgaria,CZE,BGR,2016,258661,1069.866,Europe,Europe,Eastern Europe,Eastern Europe
France,Bulgaria,FRA,BGR,2013,105686,1760.707,Europe,Europe,Western Europe,Eastern Europe
Slovakia,Sweden,SVK,SWE,2014,897,1244.273,Europe,Europe,Eastern Europe,Northern Europe
Bosnia and Herzegovina,Czechia,BIH,CZE,2015,2580,757.0533,Europe,Europe,Southern Europe,Eastern Europe
Spain,Bosnia and Herzegovina,ESP,BIH,2011,4703,1861.879,Europe,Europe,Southern Europe,Southern Europe
Latvia,Estonia,LVA,EST,2013,1173038,277.1711,Europe,Europe,Northern Europe,Northern Europe
Malta,Romania,MLT,ROU,2015,18799,,Europe,Europe,Southern Europe,Eastern Europe
Hungary,Moldova (Republic of),HUN,MDA,2014,2403,740.7287,Europe,Europe,Eastern Europe,Eastern Europe
Iceland,Italy,ISL,ITA,2015,33504,3307.978,Europe,Europe,Northern Europe,Southern Europe
Sweden,France,SWE,FRA,2011,934483,1545.797,Europe,Europe,Northern Europe,Western Europe
Russian Federation,Moldova (Republic of),RUS,MDA,2015,725762,1150.314,Europe,Europe,Eastern Europe,Eastern Europe
Belarus,France,BLR,FRA,2012,23476,1823.709,Europe,Europe,Eastern Europe,Western Europe
Macedonia (the former Yugoslav Republic of),Finland,MKD,FIN,2015,1808,2032.59,Europe,Europe,Southern Europe,Northern Europe
Iceland,Albania,ISL,ALB,2016,136,3675.061,Europe,Europe,Northern Europe,Southern Europe
Spain,Italy,ESP,ITA,2015,7542766,1366.76,Europe,Europe,Southern Europe,Southern Europe
Bosnia and Herzegovina,Belarus,BIH,BLR,2015,113,1292.046,Europe,Europe,Southern Europe,Eastern Europe
Finland,Poland,FIN,POL,2012,162000,911.2882,Europe,Europe,Northern Europe,Eastern Europe
Netherlands,Hungary,NLD,HUN,2015,313022,1145.901,Europe,Europe,Western Europe,Eastern Europe
Latvia,Czechia,LVA,CZE,2012,53084,993.2449,Europe,Europe,Northern Europe,Eastern Europe
Slovenia,Switzerland,SVN,CHE,2013,35537,549.9726,Europe,Europe,Southern Europe,Western Europe
Luxembourg,Malta,LUX,MLT,2016,8161,1669.155,Europe,Europe,Western Europe,Southern Europe
Spain,Italy,ESP,ITA,2013,5928564,1366.76,Europe,Europe,Southern Europe,Southern Europe
Lithuania,Spain,LTU,ESP,2015,164815,2666.384,Europe,Europe,Northern Europe,Southern Europe
Switzerland,Ireland,CHE,IRL,2014,255173,1203.958,Europe,Europe,Western Europe,Northern Europe
Macedonia (the former Yugoslav Republic of),Ukraine,MKD,UKR,2016,7770,1165.076,Europe,Europe,Southern Europe,Eastern Europe
Bosnia and Herzegovina,Luxembourg,BIH,LUX,2012,480,1131.459,Europe,Europe,Southern Europe,Western Europe
United Kingdom of Great Britain and Northern Ireland,Andorra,GBR,AND,2013,0,1009.577,Europe,Europe,Northern Europe,Southern Europe
Austria,Andorra,AUT,AND,2013,,1322.201,Europe,Europe,Western Europe,Southern Europe
Germany,Spain,DEU,ESP,2012,14405032,1479.332,Europe,Europe,Western Europe,Southern Europe
Czechia,Austria,CZE,AUT,2013,860127,252.4479,Europe,Europe,Eastern Europe,Western Europe
Germany,Greece,DEU,GRC,2012,2420754,1990.582,Europe,Europe,Western Europe,Southern Europe
Estonia,Portugal,EST,PRT,2014,15966,3311.847,Europe,Europe,Northern Europe,Southern Europe
France,Finland,FRA,FIN,2016,297640,1911.138,Europe,Europe,Western Europe,Northern Europe
Greece,Gibraltar,GRC,GIB,2012,201,2580.711,Europe,Europe,Southern Europe,Southern Europe
San Marino,Malta,SMR,MLT,2016,,912.6896,Europe,Europe,Southern Europe,Southern Europe
Albania,Lithuania,ALB,LTU,2013,107,1540.066,Europe,Europe,Southern Europe,Northern Europe
Switzerland,Germany,CHE,DEU,2015,3510543,503.8007,Europe,Europe,Western Europe,Western Europe
Albania,Czechia,ALB,CZE,2015,7212,1060.922,Europe,Europe,Southern Europe,Eastern Europe
Austria,Latvia,AUT,LVA,2013,43764,1102.181,Europe,Europe,Western Europe,Northern Europe
Luxembourg,Andorra,LUX,AND,2016,,867.6033,Europe,Europe,Western Europe,Southern Europe
Norway,Croatia,NOR,HRV,2012,108019,1608.583,Europe,Europe,Northern Europe,Southern Europe
Poland,Slovakia,POL,SVK,2013,6892751,530.0169,Europe,Europe,Eastern Europe,Eastern Europe
Latvia,Estonia,LVA,EST,2015,1456125,277.1711,Europe,Europe,Northern Europe,Northern Europe
Malta,France,MLT,FRA,2013,153728,1752.693,Europe,Europe,Southern Europe,Western Europe
Albania,Luxembourg,ALB,LUX,2012,531,1404.884,Europe,Europe,Southern Europe,Western Europe
Norway,Switzerland,NOR,CHE,2014,187777,1459.379,Europe,Europe,Northern Europe,Western Europe
Greece,Estonia,GRC,EST,2013,10176,2384.76,Europe,Europe,Southern Europe,Northern Europe
Netherlands,Belgium,NLD,BEL,2013,3433620,173.0333,Europe,Europe,Western Europe,Western Europe
Netherlands,Bosnia and Herzegovina,NLD,BIH,2013,9670,1375.387,Europe,Europe,Western Europe,Southern Europe
Slovakia,Latvia,SVK,LVA,2011,17841,1083.025,Europe,Europe,Eastern Europe,Northern Europe
Netherlands,Greece,NLD,GRC,2015,522900,2162.912,Europe,Europe,Western Europe,Southern Europe
Malta,Gibraltar,MLT,GIB,2012,107,1787.032,Europe,Europe,Southern Europe,Southern Europe
Germany,Hungary,DEU,HUN,2012,2634645,976.2567,Europe,Europe,Western Europe,Eastern Europe
Sweden,Malta,SWE,MLT,2016,69718,2620.794,Europe,Europe,Northern Europe,Southern Europe
Finland,Andorra,FIN,AND,2011,,2526.079,Europe,Europe,Northern Europe,Southern Europe
Portugal,Sweden,PRT,SWE,2016,156988,2990.966,Europe,Europe,Southern Europe,Northern Europe
Ukraine,Gibraltar,UKR,GIB,2012,1091,3267.28,Europe,Europe,Eastern Europe,Southern Europe
Albania,Gibraltar,ALB,GIB,2011,0,2251.487,Europe,Europe,Southern Europe,Southern Europe
Malta,Greece,MLT,GRC,2012,14065,850.6025,Europe,Europe,Southern Europe,Southern Europe
Ireland,Gibraltar,IRL,GIB,2013,72,1915.628,Europe,Europe,Northern Europe,Southern Europe
Gibraltar,Belgium,GIB,BEL,2012,57,1810.312,Europe,Europe,Southern Europe,Western Europe
Bulgaria,Switzerland,BGR,CHE,2016,99097,1337.572,Europe,Europe,Eastern Europe,Western Europe
Ukraine,Gibraltar,UKR,GIB,2016,1320,3267.28,Europe,Europe,Eastern Europe,Southern Europe
Bosnia and Herzegovina,Belgium,BIH,BEL,2014,6773,1311.355,Europe,Europe,Southern Europe,Western Europe
Sweden,Iceland,SWE,ISL,2012,71674,2138.135,Europe,Europe,Northern Europe,Northern Europe
Spain,Luxembourg,ESP,LUX,2013,218367,1281.233,Europe,Europe,Southern Europe,Western Europe
Denmark,Lithuania,DNK,LTU,2015,120500,815.5106,Europe,Europe,Northern Europe,Northern Europe
Bosnia and Herzegovina,Sweden,BIH,SWE,2015,93682,1721.592,Europe,Europe,Southern Europe,Northern Europe
Belgium,Gibraltar,BEL,GIB,2014,84,1810.312,Europe,Europe,Western Europe,Southern Europe
Czechia,Portugal,CZE,PRT,2015,81512,2245.294,Europe,Europe,Eastern Europe,Southern Europe
Romania,Croatia,ROU,HRV,2012,80607,,Europe,Europe,Eastern Europe,Southern Europe
Belgium,Gibraltar,BEL,GIB,2016,50,1810.312,Europe,Europe,Western Europe,Southern Europe
Switzerland,Gibraltar,CHE,GIB,2011,137,1603.114,Europe,Europe,Western Europe,Southern Europe
Russian Federation,Gibraltar,RUS,GIB,2011,1067,3890.748,Europe,Europe,Eastern Europe,Southern Europe
Poland,Romania,POL,ROU,2013,434724,,Europe,Europe,Eastern Europe,Eastern Europe
Spain,Gibraltar,ESP,GIB,2012,35,497.6063,Europe,Europe,Southern Europe,Southern Europe
Hungary,France,HUN,FRA,2012,320279,1247.24,Europe,Europe,Eastern Europe,Western Europe
Andorra,Russian Federation,AND,RUS,2015,,2973.003,Europe,Europe,Southern Europe,Eastern Europe
Belgium,Norway,BEL,NOR,2016,125637,1087.773,Europe,Europe,Western Europe,Northern Europe
Albania,Croatia,ALB,HRV,2015,2783,585.956,Europe,Europe,Southern Europe,Southern Europe
Belarus,Gibraltar,BLR,GIB,2016,7,3204.334,Europe,Europe,Eastern Europe,Southern Europe
France,Denmark,FRA,DNK,2014,895378,1027.609,Europe,Europe,Western Europe,Northern Europe
Gibraltar,Belarus,GIB,BLR,2011,5,3204.334,Europe,Europe,Southern Europe,Eastern Europe
Lithuania,Gibraltar,LTU,GIB,2015,7,3119.053,Europe,Europe,Northern Europe,Southern Europe
Belarus,Gibraltar,BLR,GIB,2012,5,3204.334,Europe,Europe,Eastern Europe,Southern Europe
Portugal,Latvia,PRT,LVA,2011,7015,3152.139,Europe,Europe,Southern Europe,Northern Europe
Iceland,United Kingdom of Great Britain and Northern Ireland,ISL,GBR,2016,715547,1891.859,Europe,Europe,Northern Europe,Northern Europe
Finland,Lithuania,FIN,LTU,2011,74483,606.8758,Europe,Europe,Northern Europe,Northern Europe
Belarus,Slovenia,BLR,SVN,2013,1001,1267.967,Europe,Europe,Eastern Europe,Southern Europe
Germany,Russian Federation,DEU,RUS,2011,2079835,2065.183,Europe,Europe,Western Europe,Eastern Europe
France,Hungary,FRA,HUN,2012,320544,1247.24,Europe,Europe,Western Europe,Eastern Europe
Andorra,Gibraltar,AND,GIB,2012,,921.2926,Europe,Europe,Southern Europe,Southern Europe
Lithuania,Gibraltar,LTU,GIB,2012,18,3119.053,Europe,Europe,Northern Europe,Southern Europe
Macedonia (the former Yugoslav Republic of),Gibraltar,MKD,GIB,2013,,2396.474,Europe,Europe,Southern Europe,Southern Europe
Switzerland,Gibraltar,CHE,GIB,2013,168,1603.114,Europe,Europe,Western Europe,Southern Europe
Iceland,Malta,ISL,MLT,2016,731,3978.502,Europe,Europe,Northern Europe,Southern Europe
Andorra,Croatia,AND,HRV,2015,,1210.269,Europe,Europe,Southern Europe,Southern Europe
Russian Federation,Gibraltar,RUS,GIB,2013,756,3890.748,Europe,Europe,Eastern Europe,Southern Europe
Macedonia (the former Yugoslav Republic of),Ireland,MKD,IRL,2015,686,2407.447,Europe,Europe,Southern Europe,Northern Europe
Bulgaria,Latvia,BGR,LVA,2013,9991,1590.733,Europe,Europe,Eastern Europe,Northern Europe
Estonia,Gibraltar,EST,GIB,2014,24,3375.481,Europe,Europe,Northern Europe,Southern Europe
Slovenia,Gibraltar,SVN,GIB,2011,0,1989.75,Europe,Europe,Southern Europe,Southern Europe
Estonia,Gibraltar,EST,GIB,2015,13,3375.481,Europe,Europe,Northern Europe,Southern Europe
Netherlands,Gibraltar,NLD,GIB,2014,184,1976.745,Europe,Europe,Western Europe,Southern Europe
Ireland,Italy,IRL,ITA,2011,632739,1887.733,Europe,Europe,Northern Europe,Southern Europe
Spain,Austria,ESP,AUT,2014,1006545,1811.999,Europe,Europe,Southern Europe,Western Europe
Macedonia (the former Yugoslav Republic of),Hungary,MKD,HUN,2014,2344,641.169,Europe,Europe,Southern Europe,Eastern Europe
Bosnia and Herzegovina,Gibraltar,BIH,GIB,2014,0,2192.861,Europe,Europe,Southern Europe,Southern Europe
Gibraltar,Belgium,GIB,BEL,2011,26,1810.312,Europe,Europe,Southern Europe,Western Europe
Germany,Gibraltar,DEU,GIB,2011,495,1967.273,Europe,Europe,Western Europe,Southern Europe
Macedonia (the former Yugoslav Republic of),Iceland,MKD,ISL,2016,130,3686.858,Europe,Europe,Southern Europe,Northern Europe
Macedonia (the former Yugoslav Republic of),Gibraltar,MKD,GIB,2011,,2396.474,Europe,Europe,Southern Europe,Southern Europe
Bulgaria,Gibraltar,BGR,GIB,2012,39,2555.137,Europe,Europe,Eastern Europe,Southern Europe
Switzerland,Slovakia,CHE,SVK,2013,3325,742.9638,Europe,Europe,Western Europe,Eastern Europe
Finland,Gibraltar,FIN,GIB,2016,60,3434.65,Europe,Europe,Northern Europe,Southern Europe
Greece,Gibraltar,GRC,GIB,2014,495,2580.711,Europe,Europe,Southern Europe,Southern Europe
Albania,Lithuania,ALB,LTU,2011,147,1540.066,Europe,Europe,Southern Europe,Northern Europe
Latvia,Malta,LVA,MLT,2016,5588,2449.608,Europe,Europe,Northern Europe,Southern Europe
Iceland,San Marino,ISL,SMR,2016,,3109.966,Europe,Europe,Northern Europe,Southern Europe
Croatia,Switzerland,HRV,CHE,2012,92163,667.2937,Europe,Europe,Southern Europe,Western Europe
Belarus,United Kingdom of Great Britain and Northern Ireland,BLR,GBR,2011,21150,1873.072,Europe,Europe,Eastern Europe,Northern Europe
Finland,Gibraltar,FIN,GIB,2012,30,3434.65,Europe,Europe,Northern Europe,Southern Europe
Bosnia and Herzegovina,Gibraltar,BIH,GIB,2011,0,2192.861,Europe,Europe,Southern Europe,Southern Europe
Poland,Slovakia,POL,SVK,2011,5792001,530.0169,Europe,Europe,Eastern Europe,Eastern Europe
Andorra,Finland,AND,FIN,2011,,2526.079,Europe,Europe,Southern Europe,Northern Europe
France,Hungary,FRA,HUN,2014,317648,1247.24,Europe,Europe,Western Europe,Eastern Europe
Finland,Austria,FIN,AUT,2012,139363,1437.813,Europe,Europe,Northern Europe,Western Europe
Switzerland,Moldova (Republic of),CHE,MDA,2015,9758,1620.078,Europe,Europe,Western Europe,Eastern Europe
Slovakia,Portugal,SVK,PRT,2011,478,2354.293,Europe,Europe,Eastern Europe,Southern Europe
Andorra,Finland,AND,FIN,2016,,2526.079,Europe,Europe,Southern Europe,Northern Europe
Slovakia,Romania,SVK,ROU,2014,120187,,Europe,Europe,Eastern Europe,Eastern Europe
Germany,Romania,DEU,ROU,2015,717816,,Europe,Europe,Western Europe,Eastern Europe
Switzerland,Denmark,CHE,DNK,2011,360193,1033.508,Europe,Europe,Western Europe,Northern Europe
Romania,Bosnia and Herzegovina,ROU,BIH,2016,15412,,Europe,Europe,Eastern Europe,Southern Europe
Norway,Luxembourg,NOR,LUX,2014,7715,1184.92,Europe,Europe,Northern Europe,Western Europe
Poland,Czechia,POL,CZE,2011,11211127,516.6628,Europe,Europe,Eastern Europe,Eastern Europe
Croatia,Ireland,HRV,IRL,2016,65159,1799.206,Europe,Europe,Southern Europe,Northern Europe
Iceland,Croatia,ISL,HRV,2011,541,3089.354,Europe,Europe,Northern Europe,Southern Europe
Croatia,Moldova (Republic of),HRV,MDA,2015,1054,995.402,Europe,Europe,Southern Europe,Eastern Europe
Finland,Austria,FIN,AUT,2016,126838,1437.813,Europe,Europe,Northern Europe,Western Europe
Netherlands,Austria,NLD,AUT,2012,414235,934.7828,Europe,Europe,Western Europe,Western Europe
Germany,Albania,DEU,ALB,2011,63423,1493.096,Europe,Europe,Western Europe,Southern Europe
Norway,Russian Federation,NOR,RUS,2012,172732,1649.799,Europe,Europe,Northern Europe,Eastern Europe
Austria,Belgium,AUT,BEL,2014,560148,914.4633,Europe,Europe,Western Europe,Western Europe
Slovakia,Estonia,SVK,EST,2016,8036,1345.682,Europe,Europe,Eastern Europe,Northern Europe
Iceland,France,ISL,FRA,2011,58622,2234.723,Europe,Europe,Northern Europe,Western Europe
Sweden,Albania,SWE,ALB,2016,8259,2006.998,Europe,Europe,Northern Europe,Southern Europe
United Kingdom of Great Britain and Northern Ireland,Belgium,GBR,BEL,2011,1859831,323.7796,Europe,Europe,Northern Europe,Western Europe
Norway,Albania,NOR,ALB,2012,2730,2160.437,Europe,Europe,Northern Europe,Southern Europe
Switzerland,Italy,CHE,ITA,2015,1592129,692.6592,Europe,Europe,Western Europe,Southern Europe
Greece,Denmark,GRC,DNK,2012,210176,2135.535,Europe,Europe,Southern Europe,Northern Europe
Latvia,Moldova (Republic of),LVA,MDA,2014,3778,1153.302,Europe,Europe,Northern Europe,Eastern Europe
Austria,Poland,AUT,POL,2011,727924,556.8245,Europe,Europe,Western Europe,Eastern Europe
Sweden,Czechia,SWE,CZE,2014,154360,1053.71,Europe,Europe,Northern Europe,Eastern Europe
Portugal,Bulgaria,PRT,BGR,2015,24370,2754.19,Europe,Europe,Southern Europe,Eastern Europe
Czechia,Bulgaria,CZE,BGR,2013,198765,1069.866,Europe,Europe,Eastern Europe,Eastern Europe
Ireland,Macedonia (the former Yugoslav Republic of),IRL,MKD,2015,698,2407.447,Europe,Europe,Northern Europe,Southern Europe
Gibraltar,Slovenia,GIB,SVN,2011,4,1989.75,Europe,Europe,Southern Europe,Southern Europe
Switzerland,Italy,CHE,ITA,2013,1274907,692.6592,Europe,Europe,Western Europe,Southern Europe
Moldova (Republic of),Belgium,MDA,BEL,2015,5851,1831.669,Europe,Europe,Eastern Europe,Western Europe
Denmark,Ireland,DNK,IRL,2013,157879,1240.498,Europe,Europe,Northern Europe,Northern Europe
Gibraltar,Croatia,GIB,HRV,2011,28,2079.915,Europe,Europe,Southern Europe,Southern Europe
San Marino,Iceland,SMR,ISL,2011,,3109.966,Europe,Europe,Southern Europe,Northern Europe
Croatia,Portugal,HRV,PRT,2015,28629,2200.561,Europe,Europe,Southern Europe,Southern Europe
Croatia,Austria,HRV,AUT,2012,1051707,270.6798,Europe,Europe,Southern Europe,Western Europe
Malta,Ukraine,MLT,UKR,2011,3444,2062.274,Europe,Europe,Southern Europe,Eastern Europe
Ireland,Malta,IRL,MLT,2012,38338,2525.637,Europe,Europe,Northern Europe,Southern Europe
Bulgaria,Russian Federation,BGR,RUS,2012,654942,1785.898,Europe,Europe,Eastern Europe,Eastern Europe
Ireland,Czechia,IRL,CZE,2014,125621,1465.218,Europe,Europe,Northern Europe,Eastern Europe
Slovakia,Italy,SVK,ITA,2015,498431,789.4631,Europe,Europe,Eastern Europe,Southern Europe
Ireland,Finland,IRL,FIN,2011,30100,2028.749,Europe,Europe,Northern Europe,Northern Europe
Sweden,Poland,SWE,POL,2015,805042,809.0182,Europe,Europe,Northern Europe,Eastern Europe
Russian Federation,Andorra,RUS,AND,2011,,2973.003,Europe,Europe,Eastern Europe,Southern Europe
Russian Federation,Moldova (Republic of),RUS,MDA,2014,925624,1150.314,Europe,Europe,Eastern Europe,Eastern Europe
Denmark,Belarus,DNK,BLR,2011,3578,977.0479,Europe,Europe,Northern Europe,Eastern Europe
Russian Federation,Austria,RUS,AUT,2012,547764,1675.699,Europe,Europe,Eastern Europe,Western Europe
Croatia,Estonia,HRV,EST,2014,15438,1624.37,Europe,Europe,Southern Europe,Northern Europe
Moldova (Republic of),Poland,MDA,POL,2013,40823,811.762,Europe,Europe,Eastern Europe,Eastern Europe
Gibraltar,Czechia,GIB,CZE,2015,52,2222.865,Europe,Europe,Southern Europe,Eastern Europe
Austria,Bosnia and Herzegovina,AUT,BIH,2012,19877,509.7472,Europe,Europe,Western Europe,Southern Europe
Andorra,Portugal,AND,PRT,2013,,990.3965,Europe,Europe,Southern Europe,Southern Europe
Gibraltar,Italy,GIB,ITA,2013,359,1667.082,Europe,Europe,Southern Europe,Southern Europe
Portugal,Finland,PRT,FIN,2013,55372,3362.978,Europe,Europe,Southern Europe,Northern Europe
Greece,Malta,GRC,MLT,2011,16602,850.6025,Europe,Europe,Southern Europe,Southern Europe
Italy,Poland,ITA,POL,2015,1916790,1319.479,Europe,Europe,Southern Europe,Eastern Europe
Macedonia (the former Yugoslav Republic of),Austria,MKD,AUT,2015,23037,799.0887,Europe,Europe,Southern Europe,Western Europe
Russian Federation,France,RUS,FRA,2016,645663,2494.316,Europe,Europe,Eastern Europe,Western Europe
Lithuania,Ireland,LTU,IRL,2015,124382,2052.635,Europe,Europe,Northern Europe,Northern Europe
Iceland,Denmark,ISL,DNK,2016,223855,2111.384,Europe,Europe,Northern Europe,Northern Europe
Luxembourg,Austria,LUX,AUT,2016,77616,762.4356,Europe,Europe,Western Europe,Western Europe
Austria,San Marino,AUT,SMR,2015,,561.1404,Europe,Europe,Western Europe,Southern Europe
France,Denmark,FRA,DNK,2011,866087,1027.609,Europe,Europe,Western Europe,Northern Europe
France,Estonia,FRA,EST,2016,48824,1859.091,Europe,Europe,Western Europe,Northern Europe
Austria,Ukraine,AUT,UKR,2014,121014,1052.484,Europe,Europe,Western Europe,Eastern Europe
Poland,Latvia,POL,LVA,2013,595240,559.8441,Europe,Europe,Eastern Europe,Northern Europe
Ireland,Denmark,IRL,DNK,2013,157821,1240.498,Europe,Europe,Northern Europe,Northern Europe
Luxembourg,Andorra,LUX,AND,2011,,867.6033,Europe,Europe,Western Europe,Southern Europe
Estonia,Bulgaria,EST,BGR,2012,7174,1866.91,Europe,Europe,Northern Europe,Eastern Europe
Norway,San Marino,NOR,SMR,2014,,1780.931,Europe,Europe,Northern Europe,Southern Europe
Norway,Lithuania,NOR,LTU,2011,81259,1048.369,Europe,Europe,Northern Europe,Northern Europe
Latvia,Greece,LVA,GRC,2011,12248,2109.292,Europe,Europe,Northern Europe,Southern Europe
Lithuania,Russian Federation,LTU,RUS,2013,782907,794.0689,Europe,Europe,Northern Europe,Eastern Europe
Finland,Denmark,FIN,DNK,2015,401994,884.6371,Europe,Europe,Northern Europe,Northern Europe
Poland,United Kingdom of Great Britain and Northern Ireland,POL,GBR,2014,3764401,1451.644,Europe,Europe,Eastern Europe,Northern Europe
Ukraine,United Kingdom of Great Britain and Northern Ireland,UKR,GBR,2016,170957,2137.511,Europe,Europe,Eastern Europe,Northern Europe
Iceland,United Kingdom of Great Britain and Northern Ireland,ISL,GBR,2011,248357,1891.859,Europe,Europe,Northern Europe,Northern Europe
Hungary,United Kingdom of Great Britain and Northern Ireland,HUN,GBR,2016,1427131,1453.666,Europe,Europe,Eastern Europe,Northern Europe
Moldova (Republic of),Slovakia,MDA,SVK,2015,989,884.5414,Europe,Europe,Eastern Europe,Eastern Europe
Belgium,United Kingdom of Great Britain and Northern Ireland,BEL,GBR,2013,2142447,323.7796,Europe,Europe,Western Europe,Northern Europe
San Marino,Russian Federation,SMR,RUS,2011,170914,2215.114,Europe,Europe,Southern Europe,Eastern Europe
Switzerland,Germany,CHE,DEU,2013,3380346,503.8007,Europe,Europe,Western Europe,Western Europe
France,United Kingdom of Great Britain and Northern Ireland,FRA,GBR,2014,9196756,342.9475,Europe,Europe,Western Europe,Northern Europe
Finland,United Kingdom of Great Britain and Northern Ireland,FIN,GBR,2011,532723,1826.928,Europe,Europe,Northern Europe,Northern Europe
Netherlands,San Marino,NLD,SMR,2012,,1090.303,Europe,Europe,Western Europe,Southern Europe
Ireland,United Kingdom of Great Britain and Northern Ireland,IRL,GBR,2012,8107000,460.4115,Europe,Europe,Northern Europe,Northern Europe
Netherlands,Ukraine,NLD,UKR,2015,51252,1781.716,Europe,Europe,Western Europe,Eastern Europe
Ireland,Estonia,IRL,EST,2014,10171,2005.127,Europe,Europe,Northern Europe,Northern Europe
Andorra,Netherlands,AND,NLD,2012,,1125.463,Europe,Europe,Southern Europe,Western Europe
Macedonia (the former Yugoslav Republic of),United Kingdom of Great Britain and Northern Ireland,MKD,GBR,2015,63254,1948.1,Europe,Europe,Southern Europe,Northern Europe
Bosnia and Herzegovina,United Kingdom of Great Britain and Northern Ireland,BIH,GBR,2013,10945,1625.285,Europe,Europe,Southern Europe,Northern Europe
Switzerland,United Kingdom of Great Britain and Northern Ireland,CHE,GBR,2012,4080773,748.7117,Europe,Europe,Western Europe,Northern Europe
Czechia,United Kingdom of Great Britain and Northern Ireland,CZE,GBR,2011,960310,1036.988,Europe,Europe,Eastern Europe,Northern Europe
Albania,Norway,ALB,NOR,2016,7339,2160.437,Europe,Europe,Southern Europe,Northern Europe
Latvia,United Kingdom of Great Britain and Northern Ireland,LVA,GBR,2014,440006,1680.389,Europe,Europe,Northern Europe,Northern Europe
Slovenia,Netherlands,SVN,NLD,2011,19000,986.5178,Europe,Europe,Southern Europe,Western Europe
Romania,Albania,ROU,ALB,2012,17420,,Europe,Europe,Eastern Europe,Southern Europe
San Marino,France,SMR,FRA,2013,,951.0759,Europe,Europe,Southern Europe,Western Europe
Netherlands,United Kingdom of Great Britain and Northern Ireland,NLD,GBR,2011,4669933,360.315,Europe,Europe,Western Europe,Northern Europe
Slovakia,United Kingdom of Great Britain and Northern Ireland,SVK,GBR,2014,384027,1294.938,Europe,Europe,Eastern Europe,Northern Europe
Norway,Gibraltar,NOR,GIB,2011,134,2887.885,Europe,Europe,Northern Europe,Southern Europe
Norway,United Kingdom of Great Britain and Northern Ireland,NOR,GBR,2011,1423290,1157.104,Europe,Europe,Northern Europe,Northern Europe
Estonia,Belarus,EST,BLR,2014,3402,641.8873,Europe,Europe,Northern Europe,Eastern Europe
Malta,Belarus,MLT,BLR,2012,222,2236.243,Europe,Europe,Southern Europe,Eastern Europe
Albania,Luxembourg,ALB,LUX,2015,1132,1404.884,Europe,Europe,Southern Europe,Western Europe
Latvia,United Kingdom of Great Britain and Northern Ireland,LVA,GBR,2015,517028,1680.389,Europe,Europe,Northern Europe,Northern Europe
Germany,United Kingdom of Great Britain and Northern Ireland,DEU,GBR,2013,8674734,495.3633,Europe,Europe,Western Europe,Northern Europe
Luxembourg,United Kingdom of Great Britain and Northern Ireland,LUX,GBR,2012,234106,494.0174,Europe,Europe,Western Europe,Northern Europe
Denmark,United Kingdom of Great Britain and Northern Ireland,DNK,GBR,2016,2677590,959.5936,Europe,Europe,Northern Europe,Northern Europe
Macedonia (the former Yugoslav Republic of),Romania,MKD,ROU,2015,35581,,Europe,Europe,Southern Europe,Eastern Europe
Bosnia and Herzegovina,United Kingdom of Great Britain and Northern Ireland,BIH,GBR,2016,17535,1625.285,Europe,Europe,Southern Europe,Northern Europe
Bosnia and Herzegovina,Romania,BIH,ROU,2012,10829,,Europe,Europe,Southern Europe,Eastern Europe
Switzerland,United Kingdom of Great Britain and Northern Ireland,CHE,GBR,2016,4501371,748.7117,Europe,Europe,Western Europe,Northern Europe
Latvia,United Kingdom of Great Britain and Northern Ireland,LVA,GBR,2011,393405,1680.389,Europe,Europe,Northern Europe,Northern Europe
Austria,United Kingdom of Great Britain and Northern Ireland,AUT,GBR,2011,1056192,1238.199,Europe,Europe,Western Europe,Northern Europe
Moldova (Republic of),Hungary,MDA,HUN,2012,4187,740.7287,Europe,Europe,Eastern Europe,Eastern Europe
Malta,United Kingdom of Great Britain and Northern Ireland,MLT,GBR,2015,835264,2092.273,Europe,Europe,Southern Europe,Northern Europe
Denmark,Macedonia (the former Yugoslav Republic of),DNK,MKD,2012,14152,1651.324,Europe,Europe,Northern Europe,Southern Europe
Macedonia (the former Yugoslav Republic of),United Kingdom of Great Britain and Northern Ireland,MKD,GBR,2012,35214,1948.1,Europe,Europe,Southern Europe,Northern Europe
Luxembourg,United Kingdom of Great Britain and Northern Ireland,LUX,GBR,2014,260180,494.0174,Europe,Europe,Western Europe,Northern Europe
Italy,United Kingdom of Great Britain and Northern Ireland,ITA,GBR,2012,7161622,1438.425,Europe,Europe,Southern Europe,Northern Europe
Ireland,Lithuania,IRL,LTU,2014,127039,2052.635,Europe,Europe,Northern Europe,Northern Europe
France,United Kingdom of Great Britain and Northern Ireland,FRA,GBR,2015,9351314,342.9475,Europe,Europe,Western Europe,Northern Europe
Austria,United Kingdom of Great Britain and Northern Ireland,AUT,GBR,2015,1191316,1238.199,Europe,Europe,Western Europe,Northern Europe
Iceland,United Kingdom of Great Britain and Northern Ireland,ISL,GBR,2013,404734,1891.859,Europe,Europe,Northern Europe,Northern Europe
Iceland,Moldova (Republic of),ISL,MDA,2012,6,3584.765,Europe,Europe,Northern Europe,Eastern Europe
Andorra,United Kingdom of Great Britain and Northern Ireland,AND,GBR,2016,1,1009.577,Europe,Europe,Southern Europe,Northern Europe
Romania,United Kingdom of Great Britain and Northern Ireland,ROU,GBR,2013,481344,,Europe,Europe,Eastern Europe,Northern Europe
Belgium,United Kingdom of Great Britain and Northern Ireland,BEL,GBR,2012,2040413,323.7796,Europe,Europe,Western Europe,Northern Europe
Belarus,United Kingdom of Great Britain and Northern Ireland,BLR,GBR,2016,20191,1873.072,Europe,Europe,Eastern Europe,Northern Europe
San Marino,Romania,SMR,ROU,2011,5235,,Europe,Europe,Southern Europe,Eastern Europe
Luxembourg,United Kingdom of Great Britain and Northern Ireland,LUX,GBR,2013,271737,494.0174,Europe,Europe,Western Europe,Northern Europe
Sweden,Ireland,SWE,IRL,2011,95675,1631.147,Europe,Europe,Northern Europe,Northern Europe
Ukraine,United Kingdom of Great Britain and Northern Ireland,UKR,GBR,2015,153479,2137.511,Europe,Europe,Eastern Europe,Northern Europe
France,Poland,FRA,POL,2014,1050514,1368.178,Europe,Europe,Western Europe,Eastern Europe
Greece,Germany,GRC,DEU,2014,2978506,1990.582,Europe,Europe,Southern Europe,Western Europe
Slovenia,Latvia,SVN,LVA,2015,2541,1378.849,Europe,Europe,Southern Europe,Northern Europe
Hungary,Finland,HUN,FIN,2011,100213,1457.984,Europe,Europe,Eastern Europe,Northern Europe
Norway,United Kingdom of Great Britain and Northern Ireland,NOR,GBR,2012,1544502,1157.104,Europe,Europe,Northern Europe,Northern Europe
Iceland,Macedonia (the former Yugoslav Republic of),ISL,MKD,2012,33,3686.858,Europe,Europe,Northern Europe,Southern Europe
Albania,United Kingdom of Great Britain and Northern Ireland,ALB,GBR,2015,65861,1895.345,Europe,Europe,Southern Europe,Northern Europe
France,Andorra,FRA,AND,2012,,711.5485,Europe,Europe,Western Europe,Southern Europe
Macedonia (the former Yugoslav Republic of),Ukraine,MKD,UKR,2012,5165,1165.076,Europe,Europe,Southern Europe,Eastern Europe
Latvia,United Kingdom of Great Britain and Northern Ireland,LVA,GBR,2016,553100,1680.389,Europe,Europe,Northern Europe,Northern Europe
Gibraltar,San Marino,GIB,SMR,2013,,1746.044,Europe,Europe,Southern Europe,Southern Europe
Portugal,Iceland,PRT,ISL,2013,1368,2952.572,Europe,Europe,Southern Europe,Northern Europe
Slovenia,Germany,SVN,DEU,2013,322584,814.8665,Europe,Europe,Southern Europe,Western Europe
Belarus,Czechia,BLR,CZE,2014,35807,986.366,Europe,Europe,Eastern Europe,Eastern Europe
Gibraltar,Poland,GIB,POL,2014,113,2736.609,Europe,Europe,Southern Europe,Eastern Europe
Romania,Denmark,ROU,DNK,2014,34381,,Europe,Europe,Eastern Europe,Northern Europe
Croatia,United Kingdom of Great Britain and Northern Ireland,HRV,GBR,2016,839658,1341.216,Europe,Europe,Southern Europe,Northern Europe
Gibraltar,Romania,GIB,ROU,2013,36,,Europe,Europe,Southern Europe,Eastern Europe
United Kingdom of Great Britain and Northern Ireland,Andorra,GBR,AND,2014,0,1009.577,Europe,Europe,Northern Europe,Southern Europe
Estonia,Switzerland,EST,CHE,2015,25840,1794.213,Europe,Europe,Northern Europe,Western Europe
Moldova (Republic of),France,MDA,FRA,2016,36409,1976.854,Europe,Europe,Eastern Europe,Western Europe
Portugal,Finland,PRT,FIN,2016,106641,3362.978,Europe,Europe,Southern Europe,Northern Europe
Finland,Croatia,FIN,HRV,2012,53843,1702.673,Europe,Europe,Northern Europe,Southern Europe
Finland,Portugal,FIN,PRT,2014,60206,3362.978,Europe,Europe,Northern Europe,Southern Europe
Lithuania,Norway,LTU,NOR,2013,182562,1048.369,Europe,Europe,Northern Europe,Northern Europe
United Kingdom of Great Britain and Northern Ireland,Macedonia (the former Yugoslav Republic of),GBR,MKD,2013,49586,1948.1,Europe,Europe,Northern Europe,Southern Europe
Croatia,Lithuania,HRV,LTU,2013,5455,1189.612,Europe,Europe,Southern Europe,Northern Europe
Portugal,Gibraltar,PRT,GIB,2015,34,442.1214,Europe,Europe,Southern Europe,Southern Europe
Albania,Denmark,ALB,DNK,2015,7307,1679.912,Europe,Europe,Southern Europe,Northern Europe
Bulgaria,Italy,BGR,ITA,2015,308329,893.0574,Europe,Europe,Eastern Europe,Southern Europe
Belgium,Germany,BEL,DEU,2011,2030879,196.8761,Europe,Europe,Western Europe,Western Europe
Greece,Czechia,GRC,CZE,2014,430522,1535.797,Europe,Europe,Southern Europe,Eastern Europe
Czechia,Malta,CZE,MLT,2012,11990,1580.469,Europe,Europe,Eastern Europe,Southern Europe
Andorra,Ukraine,AND,UKR,2011,,2372.859,Europe,Europe,Southern Europe,Eastern Europe
Hungary,Slovakia,HUN,SVK,2016,1805228,159.0699,Europe,Europe,Eastern Europe,Eastern Europe
Lithuania,Gibraltar,LTU,GIB,2016,11,3119.053,Europe,Europe,Northern Europe,Southern Europe
Lithuania,Estonia,LTU,EST,2011,84412,527.9267,Europe,Europe,Northern Europe,Northern Europe
Poland,San Marino,POL,SMR,2013,,1117.929,Europe,Europe,Eastern Europe,Southern Europe
Greece,United Kingdom of Great Britain and Northern Ireland,GRC,GBR,2011,2855530,2394.85,Europe,Europe,Southern Europe,Northern Europe
Sweden,Czechia,SWE,CZE,2016,202033,1053.71,Europe,Europe,Northern Europe,Eastern Europe
Czechia,Denmark,CZE,DNK,2013,172096,631.8411,Europe,Europe,Eastern Europe,Northern Europe
France,Macedonia (the former Yugoslav Republic of),FRA,MKD,2014,24983,1672.04,Europe,Europe,Western Europe,Southern Europe
Belgium,Spain,BEL,ESP,2014,3305964,1316.64,Europe,Europe,Western Europe,Southern Europe
Bosnia and Herzegovina,Denmark,BIH,DNK,2012,31727,1377.807,Europe,Europe,Southern Europe,Northern Europe
Slovakia,Sweden,SVK,SWE,2013,713,1244.273,Europe,Europe,Eastern Europe,Northern Europe
Albania,Poland,ALB,POL,2013,2365,1218.313,Europe,Europe,Southern Europe,Eastern Europe
Luxembourg,Germany,LUX,DEU,2016,423926,215.9864,Europe,Europe,Western Europe,Western Europe
Italy,Romania,ITA,ROU,2011,1053746,,Europe,Europe,Southern Europe,Eastern Europe
Poland,Luxembourg,POL,LUX,2012,16084,1080.571,Europe,Europe,Eastern Europe,Western Europe
Switzerland,Russian Federation,CHE,RUS,2011,344440,2296.397,Europe,Europe,Western Europe,Eastern Europe
Estonia,Luxembourg,EST,LUX,2016,5136,1614.171,Europe,Europe,Northern Europe,Western Europe
Bulgaria,Russian Federation,BGR,RUS,2011,511803,1785.898,Europe,Europe,Eastern Europe,Eastern Europe
Latvia,Finland,LVA,FIN,2016,118426,358.1294,Europe,Europe,Northern Europe,Northern Europe
Hungary,Malta,HUN,MLT,2011,10470,1343.903,Europe,Europe,Eastern Europe,Southern Europe
Luxembourg,Spain,LUX,ESP,2011,184260,1281.233,Europe,Europe,Western Europe,Southern Europe
Ukraine,Denmark,UKR,DNK,2011,42328,1328.55,Europe,Europe,Eastern Europe,Northern Europe
Czechia,Moldova (Republic of),CZE,MDA,2012,2954,1113.54,Europe,Europe,Eastern Europe,Eastern Europe
Switzerland,Romania,CHE,ROU,2012,54480,,Europe,Europe,Western Europe,Eastern Europe
Denmark,Ukraine,DNK,UKR,2015,31105,1328.55,Europe,Europe,Northern Europe,Eastern Europe
Gibraltar,Spain,GIB,ESP,2011,1401,497.6063,Europe,Europe,Southern Europe,Southern Europe
Belgium,Poland,BEL,POL,2015,487429,1160.644,Europe,Europe,Western Europe,Eastern Europe
Belgium,Portugal,BEL,PRT,2016,781134,1711.396,Europe,Europe,Western Europe,Southern Europe
Belarus,Belgium,BLR,BEL,2013,4543,1601.903,Europe,Europe,Eastern Europe,Western Europe
Switzerland,Spain,CHE,ESP,2011,2602343,1153.117,Europe,Europe,Western Europe,Southern Europe
Estonia,Iceland,EST,ISL,2014,2178,2454.359,Europe,Europe,Northern Europe,Northern Europe
Spain,Netherlands,ESP,NLD,2013,3164458,1481.366,Europe,Europe,Southern Europe,Western Europe
Belarus,Spain,BLR,ESP,2012,8565,2762.7,Europe,Europe,Eastern Europe,Southern Europe
Norway,Malta,NOR,MLT,2012,15324,2686.866,Europe,Europe,Northern Europe,Southern Europe
Belarus,Gibraltar,BLR,GIB,2014,7,3204.334,Europe,Europe,Eastern Europe,Southern Europe
Croatia,Iceland,HRV,ISL,2015,1100,3089.354,Europe,Europe,Southern Europe,Northern Europe
Albania,Estonia,ALB,EST,2013,1287,2041.537,Europe,Europe,Southern Europe,Northern Europe
Macedonia (the former Yugoslav Republic of),Belarus,MKD,BLR,2011,1199,1392.291,Europe,Europe,Southern Europe,Eastern Europe
Slovenia,Malta,SVN,MLT,2015,10589,1131.545,Europe,Europe,Southern Europe,Southern Europe
Bosnia and Herzegovina,Austria,BIH,AUT,2011,28816,509.7472,Europe,Europe,Southern Europe,Western Europe
Albania,Latvia,ALB,LVA,2015,521,1765.015,Europe,Europe,Southern Europe,Northern Europe
Denmark,Croatia,DNK,HRV,2013,94969,1123.37,Europe,Europe,Northern Europe,Southern Europe
Croatia,Romania,HRV,ROU,2016,121628,,Europe,Europe,Southern Europe,Eastern Europe
Estonia,Ukraine,EST,UKR,2011,25673,1066.134,Europe,Europe,Northern Europe,Eastern Europe
Andorra,Lithuania,AND,LTU,2014,,2198.052,Europe,Europe,Southern Europe,Northern Europe
Belgium,Slovenia,BEL,SVN,2015,66498,916.7943,Europe,Europe,Western Europe,Southern Europe
Russian Federation,Ukraine,RUS,UKR,2011,15091262,763.4056,Europe,Europe,Eastern Europe,Eastern Europe
Switzerland,France,CHE,FRA,2014,2434554,436.0778,Europe,Europe,Western Europe,Western Europe
Italy,San Marino,ITA,SMR,2016,,230.0196,Europe,Europe,Southern Europe,Southern Europe
Moldova (Republic of),San Marino,MDA,SMR,2014,,1317.19,Europe,Europe,Eastern Europe,Southern Europe
Slovakia,Estonia,SVK,EST,2012,6730,1345.682,Europe,Europe,Eastern Europe,Northern Europe
Romania,Belgium,ROU,BEL,2014,177192,,Europe,Europe,Eastern Europe,Western Europe
Switzerland,Czechia,CHE,CZE,2011,172386,623.4171,Europe,Europe,Western Europe,Eastern Europe
Latvia,Slovakia,LVA,SVK,2015,17465,1083.025,Europe,Europe,Northern Europe,Eastern Europe
Hungary,Netherlands,HUN,NLD,2011,232353,1145.901,Europe,Europe,Eastern Europe,Western Europe
France,Belarus,FRA,BLR,2013,26852,1823.709,Europe,Europe,Western Europe,Eastern Europe
Italy,Finland,ITA,FIN,2014,365908,2203.158,Europe,Europe,Southern Europe,Northern Europe
Estonia,Belarus,EST,BLR,2013,3047,641.8873,Europe,Europe,Northern Europe,Eastern Europe
Bosnia and Herzegovina,Greece,BIH,GRC,2014,2042,790.14,Europe,Europe,Southern Europe,Southern Europe
United Kingdom of Great Britain and Northern Ireland,Czechia,GBR,CZE,2013,980296,1036.988,Europe,Europe,Northern Europe,Eastern Europe
Slovakia,Czechia,SVK,CZE,2016,1263620,293.086,Europe,Europe,Eastern Europe,Eastern Europe
Netherlands,Greece,NLD,GRC,2013,344406,2162.912,Europe,Europe,Western Europe,Southern Europe
Italy,Albania,ITA,ALB,2013,989059,611.7626,Europe,Europe,Southern Europe,Southern Europe
Belgium,Denmark,BEL,DNK,2014,225182,767.1575,Europe,Europe,Western Europe,Northern Europe
Ireland,Poland,IRL,POL,2011,658956,1826.82,Europe,Europe,Northern Europe,Eastern Europe
Poland,Finland,POL,FIN,2016,220158,911.2882,Europe,Europe,Eastern Europe,Northern Europe
Ukraine,Italy,UKR,ITA,2013,418850,1674.773,Europe,Europe,Eastern Europe,Southern Europe
Italy,Netherlands,ITA,NLD,2014,2358711,1297.695,Europe,Europe,Southern Europe,Western Europe
Netherlands,Denmark,NLD,DNK,2013,518013,622.9741,Europe,Europe,Western Europe,Northern Europe
Gibraltar,France,GIB,FRA,2012,147,1549.175,Europe,Europe,Southern Europe,Western Europe
Switzerland,France,CHE,FRA,2013,2332703,436.0778,Europe,Europe,Western Europe,Western Europe
United Kingdom of Great Britain and Northern Ireland,Iceland,GBR,ISL,2016,700766,1891.859,Europe,Europe,Northern Europe,Northern Europe
Estonia,France,EST,FRA,2012,35186,1859.091,Europe,Europe,Northern Europe,Western Europe
Sweden,Slovenia,SWE,SVN,2016,10876,1495.673,Europe,Europe,Northern Europe,Southern Europe
Luxembourg,Belgium,LUX,BEL,2015,325085,187.8091,Europe,Europe,Western Europe,Western Europe
Andorra,Albania,AND,ALB,2016,,1519.551,Europe,Europe,Southern Europe,Southern Europe
Belarus,Belgium,BLR,BEL,2015,4381,1601.903,Europe,Europe,Eastern Europe,Western Europe
Iceland,Belgium,ISL,BEL,2016,32280,2133.168,Europe,Europe,Northern Europe,Western Europe
San Marino,France,SMR,FRA,2011,,951.0759,Europe,Europe,Southern Europe,Western Europe
Norway,Latvia,NOR,LVA,2013,208935,843.114,Europe,Europe,Northern Europe,Northern Europe
Latvia,Malta,LVA,MLT,2015,7001,2449.608,Europe,Europe,Northern Europe,Southern Europe
France,Hungary,FRA,HUN,2016,413903,1247.24,Europe,Europe,Western Europe,Eastern Europe
Finland,Romania,FIN,ROU,2015,12240,,Europe,Europe,Northern Europe,Eastern Europe
Slovakia,Hungary,SVK,HUN,2014,1441050,159.0699,Europe,Europe,Eastern Europe,Eastern Europe
Greece,France,GRC,FRA,2011,1327616,2098.726,Europe,Europe,Southern Europe,Western Europe
Switzerland,Italy,CHE,ITA,2014,1396642,692.6592,Europe,Europe,Western Europe,Southern Europe
Estonia,Hungary,EST,HUN,2016,8327,1377.818,Europe,Europe,Northern Europe,Eastern Europe
Italy,France,ITA,FRA,2015,14077361,1109.901,Europe,Europe,Southern Europe,Western Europe
Ukraine,Moldova (Republic of),UKR,MDA,2012,4850102,399.4606,Europe,Europe,Eastern Europe,Eastern Europe
Macedonia (the former Yugoslav Republic of),France,MKD,FRA,2013,10952,1672.04,Europe,Europe,Southern Europe,Western Europe
Denmark,Belgium,DNK,BEL,2013,249329,767.1575,Europe,Europe,Northern Europe,Western Europe
Denmark,Romania,DNK,ROU,2014,34449,,Europe,Europe,Northern Europe,Eastern Europe
Greece,Poland,GRC,POL,2013,415474,1600.171,Europe,Europe,Southern Europe,Eastern Europe
Croatia,Denmark,HRV,DNK,2013,95464,1123.37,Europe,Europe,Southern Europe,Northern Europe
Andorra,Luxembourg,AND,LUX,2015,,867.6033,Europe,Europe,Southern Europe,Western Europe
Iceland,France,ISL,FRA,2016,179996,2234.723,Europe,Europe,Northern Europe,Western Europe
Spain,France,ESP,FRA,2015,17595072,1054.656,Europe,Europe,Southern Europe,Western Europe
Latvia,Ukraine,LVA,UKR,2016,106674,839.8457,Europe,Europe,Northern Europe,Eastern Europe
Denmark,France,DNK,FRA,2011,866087,1027.609,Europe,Europe,Northern Europe,Western Europe
Italy,France,ITA,FRA,2016,13125731,1109.901,Europe,Europe,Southern Europe,Western Europe
Hungary,Estonia,HUN,EST,2012,5774,1377.818,Europe,Europe,Eastern Europe,Northern Europe
Ireland,Croatia,IRL,HRV,2016,71161,1799.206,Europe,Europe,Northern Europe,Southern Europe
Iceland,France,ISL,FRA,2013,95881,2234.723,Europe,Europe,Northern Europe,Western Europe
Ireland,Poland,IRL,POL,2012,692769,1826.82,Europe,Europe,Northern Europe,Eastern Europe
Finland,Slovakia,FIN,SVK,2014,313,1424.061,Europe,Europe,Northern Europe,Eastern Europe
Russian Federation,Bulgaria,RUS,BGR,2013,743007,1785.898,Europe,Europe,Eastern Europe,Eastern Europe
Albania,Estonia,ALB,EST,2015,1399,2041.537,Europe,Europe,Southern Europe,Northern Europe
Latvia,France,LVA,FRA,2011,43551,1704.598,Europe,Europe,Northern Europe,Western Europe
Portugal,Iceland,PRT,ISL,2016,4240,2952.572,Europe,Europe,Southern Europe,Northern Europe
Moldova (Republic of),Gibraltar,MDA,GIB,2015,4,3062.09,Europe,Europe,Eastern Europe,Southern Europe
Greece,France,GRC,FRA,2012,1154258,2098.726,Europe,Europe,Southern Europe,Western Europe
Albania,San Marino,ALB,SMR,2015,,666.4761,Europe,Europe,Southern Europe,Southern Europe
Hungary,Luxembourg,HUN,LUX,2016,8949,977.394,Europe,Europe,Eastern Europe,Western Europe
Slovakia,France,SVK,FRA,2011,63771,1094.61,Europe,Europe,Eastern Europe,Western Europe
Poland,France,POL,FRA,2013,739009,1368.178,Europe,Europe,Eastern Europe,Western Europe
Germany,France,DEU,FRA,2014,14526477,439.8984,Europe,Europe,Western Europe,Western Europe
Bulgaria,San Marino,BGR,SMR,2012,,886.4001,Europe,Europe,Eastern Europe,Southern Europe
Austria,France,AUT,FRA,2011,1504122,1035.144,Europe,Europe,Western Europe,Western Europe
Albania,Portugal,ALB,PRT,2011,841,2472.398,Europe,Europe,Southern Europe,Southern Europe
Slovakia,Portugal,SVK,PRT,2016,308,2354.293,Europe,Europe,Eastern Europe,Southern Europe
Sweden,Denmark,SWE,DNK,2012,4964073,523.7871,Europe,Europe,Northern Europe,Northern Europe
San Marino,Greece,SMR,GRC,2016,,1152.089,Europe,Europe,Southern Europe,Southern Europe
United Kingdom of Great Britain and Northern Ireland,Macedonia (the former Yugoslav Republic of),GBR,MKD,2011,28181,1948.1,Europe,Europe,Northern Europe,Southern Europe
San Marino,Netherlands,SMR,NLD,2014,,1090.303,Europe,Europe,Southern Europe,Western Europe
Iceland,Romania,ISL,ROU,2012,460,,Europe,Europe,Northern Europe,Eastern Europe
Bosnia and Herzegovina,Spain,BIH,ESP,2014,5471,1861.879,Europe,Europe,Southern Europe,Southern Europe
Macedonia (the former Yugoslav Republic of),Denmark,MKD,DNK,2012,13237,1651.324,Europe,Europe,Southern Europe,Northern Europe
Austria,Denmark,AUT,DNK,2012,371083,868.5304,Europe,Europe,Western Europe,Northern Europe
Ukraine,Bulgaria,UKR,BGR,2011,283464,1022.553,Europe,Europe,Eastern Europe,Eastern Europe
Slovakia,Gibraltar,SVK,GIB,2016,12,2276.342,Europe,Europe,Eastern Europe,Southern Europe
Albania,United Kingdom of Great Britain and Northern Ireland,ALB,GBR,2014,59680,1895.345,Europe,Europe,Southern Europe,Northern Europe
Andorra,Denmark,AND,DNK,2013,,1668.749,Europe,Europe,Southern Europe,Northern Europe
Bosnia and Herzegovina,Iceland,BIH,ISL,2014,147,3376.985,Europe,Europe,Southern Europe,Northern Europe
Germany,Moldova (Republic of),DEU,MDA,2013,42629,1656.772,Europe,Europe,Western Europe,Eastern Europe
Greece,Italy,GRC,ITA,2015,2012074,1050.411,Europe,Europe,Southern Europe,Southern Europe
Luxembourg,Ireland,LUX,IRL,2011,11558,953.1994,Europe,Europe,Western Europe,Northern Europe
Finland,Italy,FIN,ITA,2014,353646,2203.158,Europe,Europe,Northern Europe,Southern Europe
Italy,Ireland,ITA,IRL,2011,629490,1887.733,Europe,Europe,Southern Europe,Northern Europe
Ireland,France,IRL,FRA,2012,7908656,778.2031,Europe,Europe,Northern Europe,Western Europe
Belarus,Malta,BLR,MLT,2016,526,2236.243,Europe,Europe,Eastern Europe,Southern Europe
Belarus,Russian Federation,BLR,RUS,2014,609179,686.9657,Europe,Europe,Eastern Europe,Eastern Europe
Poland,France,POL,FRA,2016,1203295,1368.178,Europe,Europe,Eastern Europe,Western Europe
Portugal,Norway,PRT,NOR,2011,85683,2739.748,Europe,Europe,Southern Europe,Northern Europe
Austria,Italy,AUT,ITA,2015,4539950,767.4132,Europe,Europe,Western Europe,Southern Europe
Hungary,Romania,HUN,ROU,2012,2639014,,Europe,Europe,Eastern Europe,Eastern Europe
Sweden,Slovenia,SWE,SVN,2014,7132,1495.673,Europe,Europe,Northern Europe,Southern Europe
France,Malta,FRA,MLT,2012,148271,1752.693,Europe,Europe,Western Europe,Southern Europe
Belgium,United Kingdom of Great Britain and Northern Ireland,BEL,GBR,2011,1859831,323.7796,Europe,Europe,Western Europe,Northern Europe
Netherlands,Gibraltar,NLD,GIB,2011,236,1976.745,Europe,Europe,Western Europe,Southern Europe
Sweden,Iceland,SWE,ISL,2015,98443,2138.135,Europe,Europe,Northern Europe,Northern Europe
Denmark,Andorra,DNK,AND,2014,,1668.749,Europe,Europe,Northern Europe,Southern Europe
Czechia,Hungary,CZE,HUN,2011,422689,445.1513,Europe,Europe,Eastern Europe,Eastern Europe
Croatia,Slovakia,HRV,SVK,2016,409874,278.7123,Europe,Europe,Southern Europe,Eastern Europe
Macedonia (the former Yugoslav Republic of),France,MKD,FRA,2014,25828,1672.04,Europe,Europe,Southern Europe,Western Europe
Sweden,Bosnia and Herzegovina,SWE,BIH,2012,20883,1721.592,Europe,Europe,Northern Europe,Southern Europe
Iceland,Slovakia,ISL,SVK,2011,26,2932.617,Europe,Europe,Northern Europe,Eastern Europe
Norway,Iceland,NOR,ISL,2015,187432,1749.596,Europe,Europe,Northern Europe,Northern Europe
United Kingdom of Great Britain and Northern Ireland,Albania,GBR,ALB,2013,80937,1895.345,Europe,Europe,Northern Europe,Southern Europe
Denmark,Croatia,DNK,HRV,2016,115645,1123.37,Europe,Europe,Northern Europe,Southern Europe
Macedonia (the former Yugoslav Republic of),Bosnia and Herzegovina,MKD,BIH,2012,9509,322.8538,Europe,Europe,Southern Europe,Southern Europe
Slovenia,Croatia,SVN,HRV,2016,1451482,117.3451,Europe,Europe,Southern Europe,Southern Europe
Netherlands,Macedonia (the former Yugoslav Republic of),NLD,MKD,2014,29863,1694.944,Europe,Europe,Western Europe,Southern Europe
Finland,Slovakia,FIN,SVK,2013,382,1424.061,Europe,Europe,Northern Europe,Eastern Europe
Poland,France,POL,FRA,2015,1114810,1368.178,Europe,Europe,Eastern Europe,Western Europe
Bulgaria,Macedonia (the former Yugoslav Republic of),BGR,MKD,2015,535366,168.0973,Europe,Europe,Eastern Europe,Southern Europe
Romania,Slovakia,ROU,SVK,2016,106346,,Europe,Europe,Eastern Europe,Eastern Europe
Austria,Luxembourg,AUT,LUX,2012,64461,762.4356,Europe,Europe,Western Europe,Western Europe
Slovenia,Czechia,SVN,CZE,2015,114978,448.934,Europe,Europe,Southern Europe,Eastern Europe
Germany,Malta,DEU,MLT,2013,277230,1833.687,Europe,Europe,Western Europe,Southern Europe
Netherlands,Slovakia,NLD,SVK,2016,3823,987.487,Europe,Europe,Western Europe,Eastern Europe
Poland,Norway,POL,NOR,2016,1205373,1062.053,Europe,Europe,Eastern Europe,Northern Europe
Greece,Poland,GRC,POL,2015,802402,1600.171,Europe,Europe,Southern Europe,Eastern Europe
Latvia,Bosnia and Herzegovina,LVA,BIH,2015,393,1509.34,Europe,Europe,Northern Europe,Southern Europe
Estonia,Slovenia,EST,SVN,2015,5418,1634.182,Europe,Europe,Northern Europe,Southern Europe
Luxembourg,Poland,LUX,POL,2013,13825,1080.571,Europe,Europe,Western Europe,Eastern Europe
France,Iceland,FRA,ISL,2013,97242,2234.723,Europe,Europe,Western Europe,Northern Europe
Malta,Germany,MLT,DEU,2015,294641,1833.687,Europe,Europe,Southern Europe,Western Europe
Ireland,France,IRL,FRA,2014,7865089,778.2031,Europe,Europe,Northern Europe,Western Europe
Czechia,Slovakia,CZE,SVK,2012,926731,293.086,Europe,Europe,Eastern Europe,Eastern Europe
Moldova (Republic of),Slovenia,MDA,SVN,2016,668,1100.799,Europe,Europe,Eastern Europe,Southern Europe
Malta,San Marino,MLT,SMR,2014,,912.6896,Europe,Europe,Southern Europe,Southern Europe
Albania,Luxembourg,ALB,LUX,2016,1444,1404.884,Europe,Europe,Southern Europe,Western Europe
Austria,Romania,AUT,ROU,2012,483403,,Europe,Europe,Western Europe,Eastern Europe
Moldova (Republic of),Slovakia,MDA,SVK,2014,903,884.5414,Europe,Europe,Eastern Europe,Eastern Europe
Romania,Finland,ROU,FIN,2011,12609,,Europe,Europe,Eastern Europe,Northern Europe
Andorra,Albania,AND,ALB,2011,,1519.551,Europe,Europe,Southern Europe,Southern Europe
Luxembourg,Sweden,LUX,SWE,2014,23682,1325.934,Europe,Europe,Western Europe,Northern Europe
Greece,Ukraine,GRC,UKR,2012,63968,1482.129,Europe,Europe,Southern Europe,Eastern Europe
Malta,Andorra,MLT,AND,2011,,1340.487,Europe,Europe,Southern Europe,Southern Europe
Latvia,Bosnia and Herzegovina,LVA,BIH,2016,492,1509.34,Europe,Europe,Northern Europe,Southern Europe
Finland,Bosnia and Herzegovina,FIN,BIH,2014,2179,1863.34,Europe,Europe,Northern Europe,Southern Europe
Italy,Lithuania,ITA,LTU,2012,142094,1706.051,Europe,Europe,Southern Europe,Northern Europe
Moldova (Republic of),Ukraine,MDA,UKR,2016,25528,399.4606,Europe,Europe,Eastern Europe,Eastern Europe
Latvia,Netherlands,LVA,NLD,2012,57264,1332.481,Europe,Europe,Northern Europe,Western Europe
Italy,Spain,ITA,ESP,2012,6821654,1366.76,Europe,Europe,Southern Europe,Southern Europe
Finland,France,FIN,FRA,2016,308311,1911.138,Europe,Europe,Northern Europe,Western Europe
Finland,Spain,FIN,ESP,2016,839234,2952.195,Europe,Europe,Northern Europe,Southern Europe
Estonia,Spain,EST,ESP,2012,41349,2895.384,Europe,Europe,Northern Europe,Southern Europe
Portugal,Lithuania,PRT,LTU,2013,7578,3123.619,Europe,Europe,Southern Europe,Northern Europe
Slovakia,Germany,SVK,DEU,2013,258005,817.4212,Europe,Europe,Eastern Europe,Western Europe
Russian Federation,Norway,RUS,NOR,2015,113228,1649.799,Europe,Europe,Eastern Europe,Northern Europe
Malta,Finland,MLT,FIN,2015,21076,2799.607,Europe,Europe,Southern Europe,Northern Europe
Greece,Macedonia (the former Yugoslav Republic of),GRC,MKD,2013,386,485.2823,Europe,Europe,Southern Europe,Southern Europe
Estonia,Spain,EST,ESP,2013,38928,2895.384,Europe,Europe,Northern Europe,Southern Europe
Latvia,Norway,LVA,NOR,2011,193751,843.114,Europe,Europe,Northern Europe,Northern Europe
Belarus,Bosnia and Herzegovina,BLR,BIH,2012,277,1292.046,Europe,Europe,Eastern Europe,Southern Europe
Bosnia and Herzegovina,Finland,BIH,FIN,2014,2115,1863.34,Europe,Europe,Southern Europe,Northern Europe
San Marino,Germany,SMR,DEU,2016,,932.1286,Europe,Europe,Southern Europe,Western Europe
Norway,Finland,NOR,FIN,2015,245998,791.2361,Europe,Europe,Northern Europe,Northern Europe
Bulgaria,Finland,BGR,FIN,2014,19031,1947.447,Europe,Europe,Eastern Europe,Northern Europe
Greece,Finland,GRC,FIN,2016,215854,2465.045,Europe,Europe,Southern Europe,Northern Europe
Austria,Finland,AUT,FIN,2014,105259,1437.813,Europe,Europe,Western Europe,Northern Europe
Bosnia and Herzegovina,Belgium,BIH,BEL,2013,5514,1311.355,Europe,Europe,Southern Europe,Western Europe
Czechia,Finland,CZE,FIN,2015,124589,1300.095,Europe,Europe,Eastern Europe,Northern Europe
Croatia,Finland,HRV,FIN,2015,84750,1702.673,Europe,Europe,Southern Europe,Northern Europe
Latvia,Finland,LVA,FIN,2011,227915,358.1294,Europe,Europe,Northern Europe,Northern Europe
Russian Federation,Greece,RUS,GRC,2016,758933,2233.583,Europe,Europe,Eastern Europe,Southern Europe
Spain,Finland,ESP,FIN,2013,568711,2952.195,Europe,Europe,Southern Europe,Northern Europe
Russian Federation,Belgium,RUS,BEL,2015,133866,2261.25,Europe,Europe,Eastern Europe,Western Europe
Czechia,Finland,CZE,FIN,2014,106179,1300.095,Europe,Europe,Eastern Europe,Northern Europe
Netherlands,Belgium,NLD,BEL,2014,3533537,173.0333,Europe,Europe,Western Europe,Western Europe
Latvia,Finland,LVA,FIN,2013,152974,358.1294,Europe,Europe,Northern Europe,Northern Europe
Latvia,Finland,LVA,FIN,2015,116593,358.1294,Europe,Europe,Northern Europe,Northern Europe
Ukraine,Albania,UKR,ALB,2015,8496,1303.97,Europe,Europe,Eastern Europe,Southern Europe
Sweden,Croatia,SWE,HRV,2016,203129,1512.846,Europe,Europe,Northern Europe,Southern Europe
Austria,Finland,AUT,FIN,2012,139363,1437.813,Europe,Europe,Western Europe,Northern Europe
San Marino,Finland,SMR,FIN,2013,,1986.678,Europe,Europe,Southern Europe,Northern Europe
Slovakia,Finland,SVK,FIN,2012,646,1424.061,Europe,Europe,Eastern Europe,Northern Europe
Russian Federation,Czechia,RUS,CZE,2014,760073,1673,Europe,Europe,Eastern Europe,Eastern Europe
France,Finland,FRA,FIN,2014,289350,1911.138,Europe,Europe,Western Europe,Northern Europe
Austria,Finland,AUT,FIN,2016,129033,1437.813,Europe,Europe,Western Europe,Northern Europe
Poland,Denmark,POL,DNK,2016,370323,668.9079,Europe,Europe,Eastern Europe,Northern Europe
Ukraine,Finland,UKR,FIN,2013,23507,1135.325,Europe,Europe,Eastern Europe,Northern Europe
United Kingdom of Great Britain and Northern Ireland,Estonia,GBR,EST,2013,119786,1787.092,Europe,Europe,Northern Europe,Northern Europe
Denmark,Finland,DNK,FIN,2011,381911,884.6371,Europe,Europe,Northern Europe,Northern Europe
Bulgaria,Spain,BGR,ESP,2014,205675,2254.799,Europe,Europe,Eastern Europe,Southern Europe
Estonia,Finland,EST,FIN,2016,114814,80.98481,Europe,Europe,Northern Europe,Northern Europe
Albania,France,ALB,FRA,2016,45703,1603.534,Europe,Europe,Southern Europe,Western Europe
Romania,Finland,ROU,FIN,2012,19337,,Europe,Europe,Eastern Europe,Northern Europe
Ukraine,Greece,UKR,GRC,2013,70483,1482.129,Europe,Europe,Eastern Europe,Southern Europe
Gibraltar,Finland,GIB,FIN,2015,66,3434.65,Europe,Europe,Southern Europe,Northern Europe
Spain,Finland,ESP,FIN,2014,755802,2952.195,Europe,Europe,Southern Europe,Northern Europe
Austria,Finland,AUT,FIN,2013,96034,1437.813,Europe,Europe,Western Europe,Northern Europe
Gibraltar,Finland,GIB,FIN,2016,100,3434.65,Europe,Europe,Southern Europe,Northern Europe
Albania,Italy,ALB,ITA,2015,768098,611.7626,Europe,Europe,Southern Europe,Southern Europe
Ireland,Hungary,IRL,HUN,2012,139723,1895.995,Europe,Europe,Northern Europe,Eastern Europe
Luxembourg,Finland,LUX,FIN,2013,7520,1671.633,Europe,Europe,Western Europe,Northern Europe
Portugal,Finland,PRT,FIN,2011,77469,3362.978,Europe,Europe,Southern Europe,Northern Europe
United Kingdom of Great Britain and Northern Ireland,Finland,GBR,FIN,2015,521779,1826.928,Europe,Europe,Northern Europe,Northern Europe
Austria,Finland,AUT,FIN,2011,122105,1437.813,Europe,Europe,Western Europe,Northern Europe
Moldova (Republic of),Finland,MDA,FIN,2016,1710,1482.904,Europe,Europe,Eastern Europe,Northern Europe
Belgium,France,BEL,FRA,2013,5276796,262.3845,Europe,Europe,Western Europe,Western Europe
Italy,Germany,ITA,DEU,2013,11125289,1146.023,Europe,Europe,Southern Europe,Western Europe
Estonia,Lithuania,EST,LTU,2011,84412,527.9267,Europe,Europe,Northern Europe,Northern Europe
Norway,France,NOR,FRA,2016,576592,1342.89,Europe,Europe,Northern Europe,Western Europe
Netherlands,Finland,NLD,FIN,2013,175689,1505.523,Europe,Europe,Western Europe,Northern Europe
Albania,Finland,ALB,FIN,2016,3982,2122.475,Europe,Europe,Southern Europe,Northern Europe
Belgium,Croatia,BEL,HRV,2012,145730,1024.412,Europe,Europe,Western Europe,Southern Europe
Romania,Portugal,ROU,PRT,2013,83937,,Europe,Europe,Eastern Europe,Southern Europe
Greece,Finland,GRC,FIN,2011,152061,2465.045,Europe,Europe,Southern Europe,Northern Europe
Romania,Bosnia and Herzegovina,ROU,BIH,2011,9000,,Europe,Europe,Eastern Europe,Southern Europe
Russian Federation,Finland,RUS,FIN,2013,116674,892.6777,Europe,Europe,Eastern Europe,Northern Europe
United Kingdom of Great Britain and Northern Ireland,Finland,GBR,FIN,2011,537860,1826.928,Europe,Europe,Northern Europe,Northern Europe
Albania,Finland,ALB,FIN,2014,2457,2122.475,Europe,Europe,Southern Europe,Northern Europe
Luxembourg,Gibraltar,LUX,GIB,2011,16,1763.693,Europe,Europe,Western Europe,Southern Europe
Greece,Finland,GRC,FIN,2013,40974,2465.045,Europe,Europe,Southern Europe,Northern Europe
San Marino,Switzerland,SMR,CHE,2012,,516.8909,Europe,Europe,Southern Europe,Western Europe
France,Iceland,FRA,ISL,2014,111044,2234.723,Europe,Europe,Western Europe,Northern Europe
Belgium,Iceland,BEL,ISL,2011,10881,2133.168,Europe,Europe,Western Europe,Northern Europe
Croatia,Norway,HRV,NOR,2014,151296,1608.583,Europe,Europe,Southern Europe,Northern Europe
Czechia,Ireland,CZE,IRL,2013,84173,1465.218,Europe,Europe,Eastern Europe,Northern Europe
Romania,Andorra,ROU,AND,2013,,,Europe,Europe,Eastern Europe,Southern Europe
Gibraltar,Czechia,GIB,CZE,2013,61,2222.865,Europe,Europe,Southern Europe,Eastern Europe
Norway,Croatia,NOR,HRV,2015,138381,1608.583,Europe,Europe,Northern Europe,Southern Europe
Austria,Denmark,AUT,DNK,2015,391062,868.5304,Europe,Europe,Western Europe,Northern Europe
Poland,Moldova (Republic of),POL,MDA,2014,30430,811.762,Europe,Europe,Eastern Europe,Eastern Europe
Bosnia and Herzegovina,Denmark,BIH,DNK,2014,16858,1377.807,Europe,Europe,Southern Europe,Northern Europe
Bulgaria,Macedonia (the former Yugoslav Republic of),BGR,MKD,2011,458220,168.0973,Europe,Europe,Eastern Europe,Southern Europe
Portugal,Belgium,PRT,BEL,2013,447569,1711.396,Europe,Europe,Southern Europe,Western Europe
Russian Federation,Bosnia and Herzegovina,RUS,BIH,2015,11281,1902.116,Europe,Europe,Eastern Europe,Southern Europe
Italy,Netherlands,ITA,NLD,2013,2271122,1297.695,Europe,Europe,Southern Europe,Western Europe
Switzerland,Netherlands,CHE,NLD,2011,756929,628.025,Europe,Europe,Western Europe,Western Europe
Slovakia,Spain,SVK,ESP,2012,71783,1865.664,Europe,Europe,Eastern Europe,Southern Europe
Switzerland,Germany,CHE,DEU,2011,3848858,503.8007,Europe,Europe,Western Europe,Western Europe
Germany,Hungary,DEU,HUN,2016,2255878,976.2567,Europe,Europe,Western Europe,Eastern Europe
Sweden,Netherlands,SWE,NLD,2014,477228,1128.93,Europe,Europe,Northern Europe,Western Europe
Andorra,Spain,AND,ESP,2016,0,492.9274,Europe,Europe,Southern Europe,Southern Europe
Croatia,Sweden,HRV,SWE,2016,201595,1512.846,Europe,Europe,Southern Europe,Northern Europe
Estonia,Sweden,EST,SWE,2011,307321,377.9402,Europe,Europe,Northern Europe,Northern Europe
Denmark,Belarus,DNK,BLR,2012,3622,977.0479,Europe,Europe,Northern Europe,Eastern Europe
Czechia,Italy,CZE,ITA,2011,1291200,926.5591,Europe,Europe,Eastern Europe,Southern Europe
Iceland,Luxembourg,ISL,LUX,2012,889,2319.428,Europe,Europe,Northern Europe,Western Europe
Malta,Italy,MLT,ITA,2012,469679,688.7803,Europe,Europe,Southern Europe,Southern Europe
Italy,Lithuania,ITA,LTU,2016,222497,1706.051,Europe,Europe,Southern Europe,Northern Europe
France,Netherlands,FRA,NLD,2011,7112644,427.9169,Europe,Europe,Western Europe,Western Europe
Switzerland,Austria,CHE,AUT,2014,767466,684.8875,Europe,Europe,Western Europe,Western Europe
Germany,Luxembourg,DEU,LUX,2016,423926,215.9864,Europe,Europe,Western Europe,Western Europe
Ukraine,United Kingdom of Great Britain and Northern Ireland,UKR,GBR,2014,161487,2137.511,Europe,Europe,Eastern Europe,Northern Europe
Andorra,Moldova (Republic of),AND,MDA,2012,,2205.669,Europe,Europe,Southern Europe,Eastern Europe
Finland,Belarus,FIN,BLR,2016,6783,715.4365,Europe,Europe,Northern Europe,Eastern Europe
Portugal,France,PRT,FRA,2011,1992889,1452.86,Europe,Europe,Southern Europe,Western Europe
Iceland,Croatia,ISL,HRV,2012,413,3089.354,Europe,Europe,Northern Europe,Southern Europe
Malta,Greece,MLT,GRC,2016,51721,850.6025,Europe,Europe,Southern Europe,Southern Europe
Moldova (Republic of),France,MDA,FRA,2014,26834,1976.854,Europe,Europe,Eastern Europe,Western Europe
Croatia,Iceland,HRV,ISL,2011,425,3089.354,Europe,Europe,Southern Europe,Northern Europe
Bulgaria,Estonia,BGR,EST,2013,11926,1866.91,Europe,Europe,Eastern Europe,Northern Europe
Spain,Ukraine,ESP,UKR,2011,136774,2863.877,Europe,Europe,Southern Europe,Eastern Europe
Slovenia,Ukraine,SVN,UKR,2012,39927,1277.754,Europe,Europe,Southern Europe,Eastern Europe
Albania,Czechia,ALB,CZE,2011,4316,1060.922,Europe,Europe,Southern Europe,Eastern Europe
Hungary,Estonia,HUN,EST,2016,8972,1377.818,Europe,Europe,Eastern Europe,Northern Europe
Albania,Estonia,ALB,EST,2012,1371,2041.537,Europe,Europe,Southern Europe,Northern Europe
Slovakia,Estonia,SVK,EST,2014,6056,1345.682,Europe,Europe,Eastern Europe,Northern Europe
Denmark,Norway,DNK,NOR,2016,2168988,485.3148,Europe,Europe,Northern Europe,Northern Europe
Luxembourg,Slovenia,LUX,SVN,2016,3431,736.8185,Europe,Europe,Western Europe,Southern Europe
Iceland,Estonia,ISL,EST,2016,3949,2454.359,Europe,Europe,Northern Europe,Northern Europe
Bosnia and Herzegovina,Estonia,BIH,EST,2015,367,1782.909,Europe,Europe,Southern Europe,Northern Europe
Ukraine,Estonia,UKR,EST,2011,25673,1066.134,Europe,Europe,Eastern Europe,Northern Europe
United Kingdom of Great Britain and Northern Ireland,Estonia,GBR,EST,2015,142470,1787.092,Europe,Europe,Northern Europe,Northern Europe
Bulgaria,Gibraltar,BGR,GIB,2015,56,2555.137,Europe,Europe,Eastern Europe,Southern Europe
San Marino,Estonia,SMR,EST,2016,,1911.032,Europe,Europe,Southern Europe,Northern Europe
Romania,Switzerland,ROU,CHE,2012,52115,,Europe,Europe,Eastern Europe,Western Europe
Ireland,Estonia,IRL,EST,2016,18903,2005.127,Europe,Europe,Northern Europe,Northern Europe
Ireland,Estonia,IRL,EST,2013,17028,2005.127,Europe,Europe,Northern Europe,Northern Europe
Croatia,Estonia,HRV,EST,2011,7360,1624.37,Europe,Europe,Southern Europe,Northern Europe
Portugal,Estonia,PRT,EST,2015,14006,3311.847,Europe,Europe,Southern Europe,Northern Europe
Netherlands,Hungary,NLD,HUN,2014,308703,1145.901,Europe,Europe,Western Europe,Eastern Europe
Czechia,Estonia,CZE,EST,2014,23800,1227.457,Europe,Europe,Eastern Europe,Northern Europe
Spain,Estonia,ESP,EST,2016,77991,2895.384,Europe,Europe,Southern Europe,Northern Europe
Bulgaria,Finland,BGR,FIN,2016,34661,1947.447,Europe,Europe,Eastern Europe,Northern Europe
Norway,Estonia,NOR,EST,2013,91879,787.4166,Europe,Europe,Northern Europe,Northern Europe
Romania,Estonia,ROU,EST,2013,7738,,Europe,Europe,Eastern Europe,Northern Europe
Italy,Estonia,ITA,EST,2012,62304,2126.436,Europe,Europe,Southern Europe,Northern Europe
Portugal,Estonia,PRT,EST,2011,5893,3311.847,Europe,Europe,Southern Europe,Northern Europe
Denmark,Lithuania,DNK,LTU,2011,52808,815.5106,Europe,Europe,Northern Europe,Northern Europe
Bosnia and Herzegovina,Estonia,BIH,EST,2016,290,1782.909,Europe,Europe,Southern Europe,Northern Europe
Austria,Romania,AUT,ROU,2013,456852,,Europe,Europe,Western Europe,Eastern Europe
Slovakia,Estonia,SVK,EST,2011,4812,1345.682,Europe,Europe,Eastern Europe,Northern Europe
Switzerland,Estonia,CHE,EST,2011,17605,1794.213,Europe,Europe,Western Europe,Northern Europe
Andorra,Estonia,AND,EST,2015,,2464.161,Europe,Europe,Southern Europe,Northern Europe
Ukraine,France,UKR,FRA,2012,151708,2025.144,Europe,Europe,Eastern Europe,Western Europe
Italy,Slovakia,ITA,SVK,2011,439960,789.4631,Europe,Europe,Southern Europe,Eastern Europe
Slovakia,United Kingdom of Great Britain and Northern Ireland,SVK,GBR,2016,517733,1294.938,Europe,Europe,Eastern Europe,Northern Europe
Macedonia (the former Yugoslav Republic of),Estonia,MKD,EST,2015,554,1951.641,Europe,Europe,Southern Europe,Northern Europe
Romania,Sweden,ROU,SWE,2016,90624,,Europe,Europe,Eastern Europe,Northern Europe
Germany,Estonia,DEU,EST,2015,189509,1421.076,Europe,Europe,Western Europe,Northern Europe
Slovenia,Estonia,SVN,EST,2012,4317,1634.182,Europe,Europe,Southern Europe,Northern Europe
Russian Federation,Estonia,RUS,EST,2016,615119,871.7853,Europe,Europe,Eastern Europe,Northern Europe
Czechia,Estonia,CZE,EST,2015,23403,1227.457,Europe,Europe,Eastern Europe,Northern Europe
Bosnia and Herzegovina,Moldova (Republic of),BIH,MDA,2014,237,883.0676,Europe,Europe,Southern Europe,Eastern Europe
Slovenia,Estonia,SVN,EST,2015,5418,1634.182,Europe,Europe,Southern Europe,Northern Europe
Belarus,Ireland,BLR,IRL,2011,740,2209.153,Europe,Europe,Eastern Europe,Northern Europe
Romania,Latvia,ROU,LVA,2016,5033,,Europe,Europe,Eastern Europe,Northern Europe
Croatia,Denmark,HRV,DNK,2011,55448,1123.37,Europe,Europe,Southern Europe,Northern Europe
Finland,Estonia,FIN,EST,2014,82404,80.98481,Europe,Europe,Northern Europe,Northern Europe
Poland,Estonia,POL,EST,2016,197237,831.0393,Europe,Europe,Eastern Europe,Northern Europe
Gibraltar,Macedonia (the former Yugoslav Republic of),GIB,MKD,2012,0,2396.474,Europe,Europe,Southern Europe,Southern Europe
Belarus,Estonia,BLR,EST,2013,2714,641.8873,Europe,Europe,Eastern Europe,Northern Europe
Iceland,Estonia,ISL,EST,2011,1658,2454.359,Europe,Europe,Northern Europe,Northern Europe
Russian Federation,Estonia,RUS,EST,2012,760474,871.7853,Europe,Europe,Eastern Europe,Northern Europe
Germany,Ireland,DEU,IRL,2014,1113935,920.8693,Europe,Europe,Western Europe,Northern Europe
Albania,Denmark,ALB,DNK,2011,3913,1679.912,Europe,Europe,Southern Europe,Northern Europe
Poland,San Marino,POL,SMR,2014,,1117.929,Europe,Europe,Eastern Europe,Southern Europe
Poland,Estonia,POL,EST,2012,135513,831.0393,Europe,Europe,Eastern Europe,Northern Europe
Greece,Estonia,GRC,EST,2016,24224,2384.76,Europe,Europe,Southern Europe,Northern Europe
Belarus,Spain,BLR,ESP,2016,29333,2762.7,Europe,Europe,Eastern Europe,Southern Europe
Denmark,Czechia,DNK,CZE,2015,173124,631.8411,Europe,Europe,Northern Europe,Eastern Europe
Lithuania,Romania,LTU,ROU,2014,16731,,Europe,Europe,Northern Europe,Eastern Europe
Hungary,Spain,HUN,ESP,2011,248776,1977.705,Europe,Europe,Eastern Europe,Southern Europe
Romania,Spain,ROU,ESP,2012,521076,,Europe,Europe,Eastern Europe,Southern Europe
Gibraltar,Russian Federation,GIB,RUS,2013,673,3890.748,Europe,Europe,Southern Europe,Eastern Europe
Finland,Spain,FIN,ESP,2013,557382,2952.195,Europe,Europe,Northern Europe,Southern Europe
Norway,Spain,NOR,ESP,2013,1633419,2390.782,Europe,Europe,Northern Europe,Southern Europe
Macedonia (the former Yugoslav Republic of),Spain,MKD,ESP,2015,17228,2108.379,Europe,Europe,Southern Europe,Southern Europe
Czechia,Spain,CZE,ESP,2016,575433,1776.348,Europe,Europe,Eastern Europe,Southern Europe
Norway,United Kingdom of Great Britain and Northern Ireland,NOR,GBR,2016,1599450,1157.104,Europe,Europe,Northern Europe,Northern Europe
Greece,Spain,GRC,ESP,2015,390342,2372.903,Europe,Europe,Southern Europe,Southern Europe
Albania,Spain,ALB,ESP,2016,15380,1977.061,Europe,Europe,Southern Europe,Southern Europe
Switzerland,Gibraltar,CHE,GIB,2015,115,1603.114,Europe,Europe,Western Europe,Southern Europe
Ireland,Greece,IRL,GRC,2013,23651,2855.222,Europe,Europe,Northern Europe,Southern Europe
San Marino,Bosnia and Herzegovina,SMR,BIH,2011,,476.5566,Europe,Europe,Southern Europe,Southern Europe
Greece,Netherlands,GRC,NLD,2015,559238,2162.912,Europe,Europe,Southern Europe,Western Europe
Czechia,Spain,CZE,ESP,2011,505609,1776.348,Europe,Europe,Eastern Europe,Southern Europe
Portugal,Spain,PRT,ESP,2013,2980316,500.9223,Europe,Europe,Southern Europe,Southern Europe
Lithuania,San Marino,LTU,SMR,2012,,1509.381,Europe,Europe,Northern Europe,Southern Europe
Latvia,Gibraltar,LVA,GIB,2014,29,3185.494,Europe,Europe,Northern Europe,Southern Europe
France,Italy,FRA,ITA,2011,12389928,1109.901,Europe,Europe,Western Europe,Southern Europe
Ukraine,Spain,UKR,ESP,2015,151660,2863.877,Europe,Europe,Eastern Europe,Southern Europe
Belgium,Spain,BEL,ESP,2016,3827207,1316.64,Europe,Europe,Western Europe,Southern Europe
Malta,Spain,MLT,ESP,2011,139708,1670.797,Europe,Europe,Southern Europe,Southern Europe
Norway,Spain,NOR,ESP,2016,1756602,2390.782,Europe,Europe,Northern Europe,Southern Europe
Switzerland,Spain,CHE,ESP,2014,3157802,1153.117,Europe,Europe,Western Europe,Southern Europe
Portugal,Spain,PRT,ESP,2015,3470069,500.9223,Europe,Europe,Southern Europe,Southern Europe
Portugal,Spain,PRT,ESP,2014,3356704,500.9223,Europe,Europe,Southern Europe,Southern Europe
Finland,Spain,FIN,ESP,2014,750224,2952.195,Europe,Europe,Northern Europe,Southern Europe
Croatia,Greece,HRV,GRC,2014,54135,1079.422,Europe,Europe,Southern Europe,Southern Europe
Ireland,Gibraltar,IRL,GIB,2016,225,1915.628,Europe,Europe,Northern Europe,Southern Europe
Andorra,Spain,AND,ESP,2012,1,492.9274,Europe,Europe,Southern Europe,Southern Europe
Romania,Moldova (Republic of),ROU,MDA,2015,1635954,,Europe,Europe,Eastern Europe,Eastern Europe
Macedonia (the former Yugoslav Republic of),Spain,MKD,ESP,2014,4516,2108.379,Europe,Europe,Southern Europe,Southern Europe
Hungary,Belarus,HUN,BLR,2016,7302,923.2194,Europe,Europe,Eastern Europe,Eastern Europe
Slovakia,Spain,SVK,ESP,2015,102647,1865.664,Europe,Europe,Eastern Europe,Southern Europe
Malta,Slovakia,MLT,SVK,2014,7787,1382.29,Europe,Europe,Southern Europe,Eastern Europe
Andorra,Austria,AND,AUT,2014,,1322.201,Europe,Europe,Southern Europe,Western Europe
Germany,Macedonia (the former Yugoslav Republic of),DEU,MKD,2012,57902,1521.612,Europe,Europe,Western Europe,Southern Europe
Slovakia,Ukraine,SVK,UKR,2014,471343,998.2211,Europe,Europe,Eastern Europe,Eastern Europe
Ireland,Spain,IRL,ESP,2015,2440439,1450.236,Europe,Europe,Northern Europe,Southern Europe
Slovenia,Spain,SVN,ESP,2014,9049,1600.555,Europe,Europe,Southern Europe,Southern Europe
Croatia,Russian Federation,HRV,RUS,2015,111437,1875.36,Europe,Europe,Southern Europe,Eastern Europe
Latvia,Russian Federation,LVA,RUS,2011,1021171,847.8519,Europe,Europe,Northern Europe,Eastern Europe
Bulgaria,Croatia,BGR,HRV,2011,63219,680.4865,Europe,Europe,Eastern Europe,Southern Europe
Belarus,Spain,BLR,ESP,2015,30674,2762.7,Europe,Europe,Eastern Europe,Southern Europe
Gibraltar,Italy,GIB,ITA,2011,122,1667.082,Europe,Europe,Southern Europe,Southern Europe
Iceland,Italy,ISL,ITA,2013,21458,3307.978,Europe,Europe,Northern Europe,Southern Europe
France,Netherlands,FRA,NLD,2012,6938184,427.9169,Europe,Europe,Western Europe,Western Europe
Russian Federation,Spain,RUS,ESP,2013,1692698,3449.3,Europe,Europe,Eastern Europe,Southern Europe
Bulgaria,Spain,BGR,ESP,2016,288171,2254.799,Europe,Europe,Eastern Europe,Southern Europe
Albania,Gibraltar,ALB,GIB,2012,0,2251.487,Europe,Europe,Southern Europe,Southern Europe
United Kingdom of Great Britain and Northern Ireland,Spain,GBR,ESP,2014,23791272,1263.379,Europe,Europe,Northern Europe,Southern Europe
Luxembourg,Switzerland,LUX,CHE,2011,62813,309.8716,Europe,Europe,Western Europe,Western Europe
Croatia,Spain,HRV,ESP,2015,175112,1702.46,Europe,Europe,Southern Europe,Southern Europe
Ireland,Denmark,IRL,DNK,2012,116915,1240.498,Europe,Europe,Northern Europe,Northern Europe
Iceland,Spain,ISL,ESP,2014,47432,2894.701,Europe,Europe,Northern Europe,Southern Europe
United Kingdom of Great Britain and Northern Ireland,Luxembourg,GBR,LUX,2013,272204,494.0174,Europe,Europe,Northern Europe,Western Europe
Ireland,Macedonia (the former Yugoslav Republic of),IRL,MKD,2011,791,2407.447,Europe,Europe,Northern Europe,Southern Europe
Croatia,Romania,HRV,ROU,2015,97934,,Europe,Europe,Southern Europe,Eastern Europe
Poland,Albania,POL,ALB,2013,2598,1218.313,Europe,Europe,Eastern Europe,Southern Europe
Spain,Portugal,ESP,PRT,2012,3080512,500.9223,Europe,Europe,Southern Europe,Southern Europe
Sweden,United Kingdom of Great Britain and Northern Ireland,SWE,GBR,2016,1836467,1437.571,Europe,Europe,Northern Europe,Northern Europe
France,Switzerland,FRA,CHE,2016,6807833,436.0778,Europe,Europe,Western Europe,Western Europe
Norway,Portugal,NOR,PRT,2013,106289,2739.748,Europe,Europe,Northern Europe,Southern Europe
Belgium,Russian Federation,BEL,RUS,2015,134379,2261.25,Europe,Europe,Western Europe,Eastern Europe
Slovenia,Lithuania,SVN,LTU,2012,5069,1225.651,Europe,Europe,Southern Europe,Northern Europe
Ireland,Finland,IRL,FIN,2015,52551,2028.749,Europe,Europe,Northern Europe,Northern Europe
Luxembourg,Bulgaria,LUX,BGR,2013,5721,1526.197,Europe,Europe,Western Europe,Eastern Europe
Bosnia and Herzegovina,Andorra,BIH,AND,2012,,1380.175,Europe,Europe,Southern Europe,Southern Europe
Albania,France,ALB,FRA,2015,42024,1603.534,Europe,Europe,Southern Europe,Western Europe
Andorra,Italy,AND,ITA,2011,4,909.03,Europe,Europe,Southern Europe,Southern Europe
Russian Federation,Ukraine,RUS,UKR,2013,17365772,763.4056,Europe,Europe,Eastern Europe,Eastern Europe
Netherlands,Germany,NLD,DEU,2012,7179035,173.5239,Europe,Europe,Western Europe,Western Europe
Portugal,Austria,PRT,AUT,2015,127623,2299.266,Europe,Europe,Southern Europe,Western Europe
Romania,Portugal,ROU,PRT,2014,94059,,Europe,Europe,Eastern Europe,Southern Europe
San Marino,Germany,SMR,DEU,2015,,932.1286,Europe,Europe,Southern Europe,Western Europe
Russian Federation,Malta,RUS,MLT,2013,42206,2819.734,Europe,Europe,Eastern Europe,Southern Europe
Sweden,Andorra,SWE,AND,2013,0,2191.849,Europe,Europe,Northern Europe,Southern Europe
Luxembourg,Norway,LUX,NOR,2011,6466,1184.92,Europe,Europe,Western Europe,Northern Europe
Germany,United Kingdom of Great Britain and Northern Ireland,DEU,GBR,2016,10193783,495.3633,Europe,Europe,Western Europe,Northern Europe
Moldova (Republic of),Norway,MDA,NOR,2014,2620,1858.963,Europe,Europe,Eastern Europe,Northern Europe
Latvia,Iceland,LVA,ISL,2013,1453,2579.342,Europe,Europe,Northern Europe,Northern Europe
Italy,San Marino,ITA,SMR,2015,,230.0196,Europe,Europe,Southern Europe,Southern Europe
Germany,France,DEU,FRA,2012,14098603,439.8984,Europe,Europe,Western Europe,Western Europe
Hungary,Andorra,HUN,AND,2013,,1484.944,Europe,Europe,Eastern Europe,Southern Europe
Ukraine,Bosnia and Herzegovina,UKR,BIH,2013,5995,1166.276,Europe,Europe,Eastern Europe,Southern Europe
Sweden,San Marino,SWE,SMR,2015,,1753.689,Europe,Europe,Northern Europe,Southern Europe
Germany,Switzerland,DEU,CHE,2014,3407297,503.8007,Europe,Europe,Western Europe,Western Europe
Albania,San Marino,ALB,SMR,2014,,666.4761,Europe,Europe,Southern Europe,Southern Europe
Netherlands,Iceland,NLD,ISL,2014,69873,2022.635,Europe,Europe,Western Europe,Northern Europe
France,Romania,FRA,ROU,2013,279987,,Europe,Europe,Western Europe,Eastern Europe
Luxembourg,Belgium,LUX,BEL,2012,287136,187.8091,Europe,Europe,Western Europe,Western Europe
Croatia,Finland,HRV,FIN,2013,76662,1702.673,Europe,Europe,Southern Europe,Northern Europe
Croatia,Hungary,HRV,HUN,2015,501990,302.1079,Europe,Europe,Southern Europe,Eastern Europe
Spain,United Kingdom of Great Britain and Northern Ireland,ESP,GBR,2014,23646230,1263.379,Europe,Europe,Southern Europe,Northern Europe
Andorra,Latvia,AND,LVA,2012,,2266.706,Europe,Europe,Southern Europe,Northern Europe
Austria,Netherlands,AUT,NLD,2016,641528,934.7828,Europe,Europe,Western Europe,Western Europe
Denmark,San Marino,DNK,SMR,2012,,1304.072,Europe,Europe,Northern Europe,Southern Europe
Lithuania,Spain,LTU,ESP,2011,85589,2666.384,Europe,Europe,Northern Europe,Southern Europe
Andorra,Finland,AND,FIN,2012,,2526.079,Europe,Europe,Southern Europe,Northern Europe
Portugal,Netherlands,PRT,NLD,2013,827800,1862.043,Europe,Europe,Southern Europe,Western Europe
Luxembourg,Russian Federation,LUX,RUS,2015,10076,2214.132,Europe,Europe,Western Europe,Eastern Europe
Belgium,Denmark,BEL,DNK,2011,229288,767.1575,Europe,Europe,Western Europe,Northern Europe
Gibraltar,France,GIB,FRA,2015,173,1549.175,Europe,Europe,Southern Europe,Western Europe
Norway,Italy,NOR,ITA,2014,407716,2010.678,Europe,Europe,Northern Europe,Southern Europe
Iceland,Switzerland,ISL,CHE,2011,12223,2617.349,Europe,Europe,Northern Europe,Western Europe
Norway,Lithuania,NOR,LTU,2013,184005,1048.369,Europe,Europe,Northern Europe,Northern Europe
Netherlands,Lithuania,NLD,LTU,2011,49116,1370.703,Europe,Europe,Western Europe,Northern Europe
Romania,Lithuania,ROU,LTU,2013,14061,,Europe,Europe,Eastern Europe,Northern Europe
Czechia,Netherlands,CZE,NLD,2013,259538,709.4576,Europe,Europe,Eastern Europe,Western Europe
Austria,Denmark,AUT,DNK,2011,361840,868.5304,Europe,Europe,Western Europe,Northern Europe
Czechia,Luxembourg,CZE,LUX,2016,15694,596.739,Europe,Europe,Eastern Europe,Western Europe
Austria,Slovenia,AUT,SVN,2011,339932,277.8844,Europe,Europe,Western Europe,Southern Europe
Switzerland,Macedonia (the former Yugoslav Republic of),CHE,MKD,2011,78109,1240.798,Europe,Europe,Western Europe,Southern Europe
Austria,Czechia,AUT,CZE,2016,1090958,252.4479,Europe,Europe,Western Europe,Eastern Europe
Andorra,Denmark,AND,DNK,2011,,1668.749,Europe,Europe,Southern Europe,Northern Europe
Croatia,Greece,HRV,GRC,2015,45172,1079.422,Europe,Europe,Southern Europe,Southern Europe
Slovakia,Gibraltar,SVK,GIB,2014,0,2276.342,Europe,Europe,Eastern Europe,Southern Europe
Norway,Finland,NOR,FIN,2016,267837,791.2361,Europe,Europe,Northern Europe,Northern Europe
Belgium,Gibraltar,BEL,GIB,2012,65,1810.312,Europe,Europe,Western Europe,Southern Europe
Iceland,United Kingdom of Great Britain and Northern Ireland,ISL,GBR,2015,558740,1891.859,Europe,Europe,Northern Europe,Northern Europe
Romania,Malta,ROU,MLT,2011,7697,,Europe,Europe,Eastern Europe,Southern Europe
Italy,United Kingdom of Great Britain and Northern Ireland,ITA,GBR,2016,10032371,1438.425,Europe,Europe,Southern Europe,Northern Europe
Poland,Luxembourg,POL,LUX,2016,28506,1080.571,Europe,Europe,Eastern Europe,Western Europe
Croatia,Gibraltar,HRV,GIB,2011,50,2079.915,Europe,Europe,Southern Europe,Southern Europe
Portugal,France,PRT,FRA,2016,3802714,1452.86,Europe,Europe,Southern Europe,Western Europe
Moldova (Republic of),Belgium,MDA,BEL,2016,7974,1831.669,Europe,Europe,Eastern Europe,Western Europe
Bosnia and Herzegovina,Austria,BIH,AUT,2012,20129,509.7472,Europe,Europe,Southern Europe,Western Europe
Ireland,Moldova (Republic of),IRL,MDA,2015,9940,2569.662,Europe,Europe,Northern Europe,Eastern Europe
Italy,Denmark,ITA,DNK,2013,867919,1534.086,Europe,Europe,Southern Europe,Northern Europe
Russian Federation,Slovenia,RUS,SVN,2015,54249,1937.979,Europe,Europe,Eastern Europe,Southern Europe
France,Bulgaria,FRA,BGR,2012,105307,1760.707,Europe,Europe,Western Europe,Eastern Europe
France,Moldova (Republic of),FRA,MDA,2012,14200,1976.854,Europe,Europe,Western Europe,Eastern Europe
Slovenia,Bulgaria,SVN,BGR,2012,43396,795.2473,Europe,Europe,Southern Europe,Eastern Europe
Spain,Belarus,ESP,BLR,2013,21121,2762.7,Europe,Europe,Southern Europe,Eastern Europe
United Kingdom of Great Britain and Northern Ireland,Norway,GBR,NOR,2011,1427661,1157.104,Europe,Europe,Northern Europe,Northern Europe
Romania,Russian Federation,ROU,RUS,2016,81316,,Europe,Europe,Eastern Europe,Eastern Europe
Malta,Croatia,MLT,HRV,2013,4203,1108.396,Europe,Europe,Southern Europe,Southern Europe
Moldova (Republic of),Malta,MDA,MLT,2011,122,1712.083,Europe,Europe,Eastern Europe,Southern Europe
Gibraltar,Croatia,GIB,HRV,2014,90,2079.915,Europe,Europe,Southern Europe,Southern Europe
Albania,Greece,ALB,GRC,2013,774010,500.1241,Europe,Europe,Southern Europe,Southern Europe
Italy,Czechia,ITA,CZE,2011,1291200,926.5591,Europe,Europe,Southern Europe,Eastern Europe
Latvia,Romania,LVA,ROU,2015,6178,,Europe,Europe,Northern Europe,Eastern Europe
Estonia,Macedonia (the former Yugoslav Republic of),EST,MKD,2012,398,1951.641,Europe,Europe,Northern Europe,Southern Europe
Italy,Finland,ITA,FIN,2013,334253,2203.158,Europe,Europe,Southern Europe,Northern Europe
Russian Federation,Estonia,RUS,EST,2011,722606,871.7853,Europe,Europe,Eastern Europe,Northern Europe
Italy,Macedonia (the former Yugoslav Republic of),ITA,MKD,2011,58553,742.0995,Europe,Europe,Southern Europe,Southern Europe
San Marino,Russian Federation,SMR,RUS,2013,210765,2215.114,Europe,Europe,Southern Europe,Eastern Europe
Greece,San Marino,GRC,SMR,2014,,1152.089,Europe,Europe,Southern Europe,Southern Europe
Belgium,Romania,BEL,ROU,2016,283968,,Europe,Europe,Western Europe,Eastern Europe
Portugal,Denmark,PRT,DNK,2011,131980,2478.47,Europe,Europe,Southern Europe,Northern Europe
Norway,Slovakia,NOR,SVK,2016,20624,1371.805,Europe,Europe,Northern Europe,Eastern Europe
Denmark,Andorra,DNK,AND,2012,,1668.749,Europe,Europe,Northern Europe,Southern Europe
Ireland,Germany,IRL,DEU,2016,1253231,920.8693,Europe,Europe,Northern Europe,Western Europe
Spain,Gibraltar,ESP,GIB,2016,141,497.6063,Europe,Europe,Southern Europe,Southern Europe
San Marino,Gibraltar,SMR,GIB,2016,,1746.044,Europe,Europe,Southern Europe,Southern Europe
Poland,Bulgaria,POL,BGR,2011,374742,1080.42,Europe,Europe,Eastern Europe,Eastern Europe
Russian Federation,Ukraine,RUS,UKR,2016,10042897,763.4056,Europe,Europe,Eastern Europe,Eastern Europe
Iceland,Greece,ISL,GRC,2011,805,4166.699,Europe,Europe,Northern Europe,Southern Europe
Denmark,Spain,DNK,ESP,2016,1759283,2074.977,Europe,Europe,Northern Europe,Southern Europe
Luxembourg,Finland,LUX,FIN,2012,6898,1671.633,Europe,Europe,Western Europe,Northern Europe
Bulgaria,Latvia,BGR,LVA,2016,15236,1590.733,Europe,Europe,Eastern Europe,Northern Europe
Albania,Andorra,ALB,AND,2016,,1519.551,Europe,Europe,Southern Europe,Southern Europe
Finland,Bulgaria,FIN,BGR,2015,37040,1947.447,Europe,Europe,Northern Europe,Eastern Europe
Croatia,Albania,HRV,ALB,2013,3073,585.956,Europe,Europe,Southern Europe,Southern Europe
United Kingdom of Great Britain and Northern Ireland,San Marino,GBR,SMR,2015,,1263.348,Europe,Europe,Northern Europe,Southern Europe
Hungary,Czechia,HUN,CZE,2015,953216,445.1513,Europe,Europe,Eastern Europe,Eastern Europe
Czechia,Belarus,CZE,BLR,2013,25733,986.366,Europe,Europe,Eastern Europe,Eastern Europe
Austria,Switzerland,AUT,CHE,2011,734445,684.8875,Europe,Europe,Western Europe,Western Europe
Germany,Lithuania,DEU,LTU,2016,292256,1272.883,Europe,Europe,Western Europe,Northern Europe
Albania,France,ALB,FRA,2011,31505,1603.534,Europe,Europe,Southern Europe,Western Europe
Netherlands,Portugal,NLD,PRT,2015,975874,1862.043,Europe,Europe,Western Europe,Southern Europe
Estonia,Germany,EST,DEU,2011,155309,1421.076,Europe,Europe,Northern Europe,Western Europe
Gibraltar,Slovenia,GIB,SVN,2015,0,1989.75,Europe,Europe,Southern Europe,Southern Europe
Belgium,Estonia,BEL,EST,2015,32648,1601.098,Europe,Europe,Western Europe,Northern Europe
Czechia,Croatia,CZE,HRV,2012,692797,492.0173,Europe,Europe,Eastern Europe,Southern Europe
Ireland,Lithuania,IRL,LTU,2015,126047,2052.635,Europe,Europe,Northern Europe,Northern Europe
Lithuania,Luxembourg,LTU,LUX,2011,2312,1420.353,Europe,Europe,Northern Europe,Western Europe
Slovenia,France,SVN,FRA,2013,43202,965.7366,Europe,Europe,Southern Europe,Western Europe
Switzerland,Austria,CHE,AUT,2016,1653391,684.8875,Europe,Europe,Western Europe,Western Europe
Croatia,Iceland,HRV,ISL,2013,457,3089.354,Europe,Europe,Southern Europe,Northern Europe
Malta,Iceland,MLT,ISL,2015,421,3978.502,Europe,Europe,Southern Europe,Northern Europe
Bosnia and Herzegovina,Italy,BIH,ITA,2012,407811,531.7457,Europe,Europe,Southern Europe,Southern Europe
Finland,Croatia,FIN,HRV,2011,36735,1702.673,Europe,Europe,Northern Europe,Southern Europe
Czechia,Gibraltar,CZE,GIB,2016,56,2222.865,Europe,Europe,Eastern Europe,Southern Europe
Sweden,Croatia,SWE,HRV,2014,134019,1512.846,Europe,Europe,Northern Europe,Southern Europe
Portugal,Italy,PRT,ITA,2012,659990,1864.041,Europe,Europe,Southern Europe,Southern Europe
Iceland,Romania,ISL,ROU,2015,1692,,Europe,Europe,Northern Europe,Eastern Europe
Greece,Albania,GRC,ALB,2011,566331,500.1241,Europe,Europe,Southern Europe,Southern Europe
Gibraltar,Andorra,GIB,AND,2016,,921.2926,Europe,Europe,Southern Europe,Southern Europe
Spain,Lithuania,ESP,LTU,2015,165844,2666.384,Europe,Europe,Southern Europe,Northern Europe
Belgium,Slovenia,BEL,SVN,2014,60667,916.7943,Europe,Europe,Western Europe,Southern Europe
Slovakia,Croatia,SVK,HRV,2014,370578,278.7123,Europe,Europe,Eastern Europe,Southern Europe
Finland,Malta,FIN,MLT,2011,9715,2799.607,Europe,Europe,Northern Europe,Southern Europe
France,Germany,FRA,DEU,2016,13114614,439.8984,Europe,Europe,Western Europe,Western Europe
Moldova (Republic of),Estonia,MDA,EST,2016,1501,1407.85,Europe,Europe,Eastern Europe,Northern Europe
Portugal,Malta,PRT,MLT,2015,8549,2112.431,Europe,Europe,Southern Europe,Southern Europe
Greece,Spain,GRC,ESP,2012,320839,2372.903,Europe,Europe,Southern Europe,Southern Europe
Iceland,Finland,ISL,FIN,2013,28784,2424.555,Europe,Europe,Northern Europe,Northern Europe
Sweden,Germany,SWE,DEU,2015,1397654,1118.929,Europe,Europe,Northern Europe,Western Europe
Bulgaria,Finland,BGR,FIN,2015,35850,1947.447,Europe,Europe,Eastern Europe,Northern Europe
Denmark,Iceland,DNK,ISL,2016,223687,2111.384,Europe,Europe,Northern Europe,Northern Europe
Russian Federation,Switzerland,RUS,CHE,2015,364965,2296.397,Europe,Europe,Eastern Europe,Western Europe
Germany,Greece,DEU,GRC,2011,2690062,1990.582,Europe,Europe,Western Europe,Southern Europe
Slovakia,Switzerland,SVK,CHE,2016,37823,742.9638,Europe,Europe,Eastern Europe,Western Europe
Albania,Croatia,ALB,HRV,2014,2636,585.956,Europe,Europe,Southern Europe,Southern Europe
Iceland,Luxembourg,ISL,LUX,2011,1174,2319.428,Europe,Europe,Northern Europe,Western Europe
Estonia,Czechia,EST,CZE,2012,24690,1227.457,Europe,Europe,Northern Europe,Eastern Europe
Malta,Ireland,MLT,IRL,2016,52810,2525.637,Europe,Europe,Southern Europe,Northern Europe
Albania,Belarus,ALB,BLR,2012,14,1505.639,Europe,Europe,Southern Europe,Eastern Europe
Croatia,Latvia,HRV,LVA,2014,5992,1361.346,Europe,Europe,Southern Europe,Northern Europe
Germany,Denmark,DEU,DNK,2011,3408031,595.8536,Europe,Europe,Western Europe,Northern Europe
Malta,Moldova (Republic of),MLT,MDA,2014,322,1712.083,Europe,Europe,Southern Europe,Eastern Europe
Belarus,Greece,BLR,GRC,2014,3825,1787.387,Europe,Europe,Eastern Europe,Southern Europe
Germany,Finland,DEU,FIN,2016,846813,1474.956,Europe,Europe,Western Europe,Northern Europe
Belarus,Switzerland,BLR,CHE,2014,18040,1609.652,Europe,Europe,Eastern Europe,Western Europe
Slovakia,Greece,SVK,GRC,2012,49399,1249.986,Europe,Europe,Eastern Europe,Southern Europe
Netherlands,Macedonia (the former Yugoslav Republic of),NLD,MKD,2011,12307,1694.944,Europe,Europe,Western Europe,Southern Europe
Macedonia (the former Yugoslav Republic of),Luxembourg,MKD,LUX,2015,541,1454.307,Europe,Europe,Southern Europe,Western Europe
Denmark,Poland,DNK,POL,2016,370323,668.9079,Europe,Europe,Northern Europe,Eastern Europe
Norway,Croatia,NOR,HRV,2011,105136,1608.583,Europe,Europe,Northern Europe,Southern Europe
Hungary,Lithuania,HUN,LTU,2011,6692,910.8107,Europe,Europe,Eastern Europe,Northern Europe
Greece,San Marino,GRC,SMR,2015,,1152.089,Europe,Europe,Southern Europe,Southern Europe
Austria,Croatia,AUT,HRV,2016,1363024,270.6798,Europe,Europe,Western Europe,Southern Europe
Greece,Ireland,GRC,IRL,2016,76112,2855.222,Europe,Europe,Southern Europe,Northern Europe
Gibraltar,Slovenia,GIB,SVN,2012,2,1989.75,Europe,Europe,Southern Europe,Southern Europe
Andorra,Slovenia,AND,SVN,2015,,1107.667,Europe,Europe,Southern Europe,Southern Europe
Malta,Denmark,MLT,DNK,2016,44080,2204.997,Europe,Europe,Southern Europe,Northern Europe
Greece,Netherlands,GRC,NLD,2011,586987,2162.912,Europe,Europe,Southern Europe,Western Europe
Belarus,Andorra,BLR,AND,2012,,2286.099,Europe,Europe,Eastern Europe,Southern Europe
Lithuania,France,LTU,FRA,2016,119007,1700.296,Europe,Europe,Northern Europe,Western Europe
Macedonia (the former Yugoslav Republic of),Denmark,MKD,DNK,2013,7435,1651.324,Europe,Europe,Southern Europe,Northern Europe
Croatia,France,HRV,FRA,2016,346290,1081.762,Europe,Europe,Southern Europe,Western Europe
Denmark,Estonia,DNK,EST,2015,47575,836.2802,Europe,Europe,Northern Europe,Northern Europe
Austria,Macedonia (the former Yugoslav Republic of),AUT,MKD,2016,21228,799.0887,Europe,Europe,Western Europe,Southern Europe
United Kingdom of Great Britain and Northern Ireland,Spain,GBR,ESP,2016,29950378,1263.379,Europe,Europe,Northern Europe,Southern Europe
Latvia,Portugal,LVA,PRT,2013,8480,3152.139,Europe,Europe,Northern Europe,Southern Europe
Ukraine,Finland,UKR,FIN,2014,19967,1135.325,Europe,Europe,Eastern Europe,Northern Europe
Andorra,Malta,AND,MLT,2015,,1340.487,Europe,Europe,Southern Europe,Southern Europe
Romania,Latvia,ROU,LVA,2014,4448,,Europe,Europe,Eastern Europe,Northern Europe
Greece,Germany,GRC,DEU,2013,2539786,1990.582,Europe,Europe,Southern Europe,Western Europe
Ukraine,Gibraltar,UKR,GIB,2014,1052,3267.28,Europe,Europe,Eastern Europe,Southern Europe
Germany,Spain,DEU,ESP,2014,16166738,1479.332,Europe,Europe,Western Europe,Southern Europe
Luxembourg,Finland,LUX,FIN,2016,10546,1671.633,Europe,Europe,Western Europe,Northern Europe
Sweden,Slovakia,SWE,SVK,2012,882,1244.273,Europe,Europe,Northern Europe,Eastern Europe
Estonia,Lithuania,EST,LTU,2016,119425,527.9267,Europe,Europe,Northern Europe,Northern Europe
Netherlands,San Marino,NLD,SMR,2014,,1090.303,Europe,Europe,Western Europe,Southern Europe
United Kingdom of Great Britain and Northern Ireland,Belgium,GBR,BEL,2016,1916337,323.7796,Europe,Europe,Northern Europe,Western Europe
Romania,Norway,ROU,NOR,2015,75753,,Europe,Europe,Eastern Europe,Northern Europe
Bulgaria,Slovenia,BGR,SVN,2013,45620,795.2473,Europe,Europe,Eastern Europe,Southern Europe
Portugal,Norway,PRT,NOR,2013,105037,2739.748,Europe,Europe,Southern Europe,Northern Europe
Gibraltar,Norway,GIB,NOR,2016,109,2887.885,Europe,Europe,Southern Europe,Northern Europe
Belgium,Romania,BEL,ROU,2011,124172,,Europe,Europe,Western Europe,Eastern Europe
Finland,Spain,FIN,ESP,2012,670777,2952.195,Europe,Europe,Northern Europe,Southern Europe
Ireland,Norway,IRL,NOR,2015,75975,1267.015,Europe,Europe,Northern Europe,Northern Europe
Spain,Norway,ESP,NOR,2014,1656420,2390.782,Europe,Europe,Southern Europe,Northern Europe
Germany,Norway,DEU,NOR,2011,979244,969.2816,Europe,Europe,Western Europe,Northern Europe
Malta,Latvia,MLT,LVA,2011,2589,2449.608,Europe,Europe,Southern Europe,Northern Europe
San Marino,Norway,SMR,NOR,2016,,1780.931,Europe,Europe,Southern Europe,Northern Europe
Luxembourg,Switzerland,LUX,CHE,2015,83281,309.8716,Europe,Europe,Western Europe,Western Europe
Ukraine,Russian Federation,UKR,RUS,2013,17365772,763.4056,Europe,Europe,Eastern Europe,Eastern Europe
Finland,Bulgaria,FIN,BGR,2012,10875,1947.447,Europe,Europe,Northern Europe,Eastern Europe
Macedonia (the former Yugoslav Republic of),Norway,MKD,NOR,2013,4949,2124.664,Europe,Europe,Southern Europe,Northern Europe
Ireland,Norway,IRL,NOR,2012,75929,1267.015,Europe,Europe,Northern Europe,Northern Europe
Sweden,Norway,SWE,NOR,2015,1214706,417.5658,Europe,Europe,Northern Europe,Northern Europe
France,Netherlands,FRA,NLD,2014,6149003,427.9169,Europe,Europe,Western Europe,Western Europe
Croatia,Macedonia (the former Yugoslav Republic of),HRV,MKD,2015,41297,610.8091,Europe,Europe,Southern Europe,Southern Europe
Gibraltar,Norway,GIB,NOR,2014,83,2887.885,Europe,Europe,Southern Europe,Northern Europe
Croatia,Slovakia,HRV,SVK,2012,349947,278.7123,Europe,Europe,Southern Europe,Eastern Europe
Greece,Norway,GRC,NOR,2012,300528,2606.405,Europe,Europe,Southern Europe,Northern Europe
Latvia,Norway,LVA,NOR,2014,184273,843.114,Europe,Europe,Northern Europe,Northern Europe
Hungary,Norway,HUN,NOR,2016,141546,1483.495,Europe,Europe,Eastern Europe,Northern Europe
Denmark,Norway,DNK,NOR,2015,2177703,485.3148,Europe,Europe,Northern Europe,Northern Europe
Finland,Norway,FIN,NOR,2016,269256,791.2361,Europe,Europe,Northern Europe,Northern Europe
Hungary,Norway,HUN,NOR,2013,109914,1483.495,Europe,Europe,Eastern Europe,Northern Europe
Portugal,Norway,PRT,NOR,2015,128750,2739.748,Europe,Europe,Southern Europe,Northern Europe
Bulgaria,Norway,BGR,NOR,2014,75219,2101.033,Europe,Europe,Eastern Europe,Northern Europe
Ireland,Norway,IRL,NOR,2014,77891,1267.015,Europe,Europe,Northern Europe,Northern Europe
Moldova (Republic of),Norway,MDA,NOR,2016,3304,1858.963,Europe,Europe,Eastern Europe,Northern Europe
Sweden,Norway,SWE,NOR,2012,5697455,417.5658,Europe,Europe,Northern Europe,Northern Europe
Netherlands,Norway,NLD,NOR,2014,571235,916.1565,Europe,Europe,Western Europe,Northern Europe
Switzerland,Spain,CHE,ESP,2015,3595229,1153.117,Europe,Europe,Western Europe,Southern Europe
Bulgaria,Romania,BGR,ROU,2013,2601167,,Europe,Europe,Eastern Europe,Eastern Europe
Malta,Norway,MLT,NOR,2013,20541,2686.866,Europe,Europe,Southern Europe,Northern Europe
Estonia,Russian Federation,EST,RUS,2014,639347,871.7853,Europe,Europe,Northern Europe,Eastern Europe
Ireland,Andorra,IRL,AND,2011,,1335.314,Europe,Europe,Northern Europe,Southern Europe
Ireland,Poland,IRL,POL,2013,701525,1826.82,Europe,Europe,Northern Europe,Eastern Europe
Netherlands,Norway,NLD,NOR,2012,638337,916.1565,Europe,Europe,Western Europe,Northern Europe
Belarus,Norway,BLR,NOR,2012,2488,1216.697,Europe,Europe,Eastern Europe,Northern Europe
Switzerland,Norway,CHE,NOR,2012,170566,1459.379,Europe,Europe,Western Europe,Northern Europe
Estonia,Norway,EST,NOR,2014,84763,787.4166,Europe,Europe,Northern Europe,Northern Europe
United Kingdom of Great Britain and Northern Ireland,Gibraltar,GBR,GIB,2011,250499,1759.095,Europe,Europe,Northern Europe,Southern Europe
Lithuania,Norway,LTU,NOR,2016,242695,1048.369,Europe,Europe,Northern Europe,Northern Europe
Poland,Portugal,POL,PRT,2014,174636,2760.441,Europe,Europe,Eastern Europe,Southern Europe
Germany,Norway,DEU,NOR,2015,1345751,969.2816,Europe,Europe,Western Europe,Northern Europe
Russian Federation,Norway,RUS,NOR,2016,107026,1649.799,Europe,Europe,Eastern Europe,Northern Europe
Finland,Andorra,FIN,AND,2016,,2526.079,Europe,Europe,Northern Europe,Southern Europe
Russian Federation,Norway,RUS,NOR,2012,172732,1649.799,Europe,Europe,Eastern Europe,Northern Europe
Poland,Norway,POL,NOR,2015,1121857,1062.053,Europe,Europe,Eastern Europe,Northern Europe
Estonia,Norway,EST,NOR,2011,94429,787.4166,Europe,Europe,Northern Europe,Northern Europe
Latvia,France,LVA,FRA,2013,55354,1704.598,Europe,Europe,Northern Europe,Western Europe
United Kingdom of Great Britain and Northern Ireland,Bosnia and Herzegovina,GBR,BIH,2012,10124,1625.285,Europe,Europe,Northern Europe,Southern Europe
Denmark,France,DNK,FRA,2015,886563,1027.609,Europe,Europe,Northern Europe,Western Europe
San Marino,Romania,SMR,ROU,2012,3862,,Europe,Europe,Southern Europe,Eastern Europe
Andorra,Belarus,AND,BLR,2011,,2286.099,Europe,Europe,Southern Europe,Eastern Europe
Germany,Luxembourg,DEU,LUX,2011,339194,215.9864,Europe,Europe,Western Europe,Western Europe
Malta,Bosnia and Herzegovina,MLT,BIH,2014,464,946.8785,Europe,Europe,Southern Europe,Southern Europe
Netherlands,Italy,NLD,ITA,2015,2347320,1297.695,Europe,Europe,Western Europe,Southern Europe
Bulgaria,Ireland,BGR,IRL,2016,36365,2475.312,Europe,Europe,Eastern Europe,Northern Europe
Sweden,Switzerland,SWE,CHE,2012,318829,1546.508,Europe,Europe,Northern Europe,Western Europe
Russian Federation,Lithuania,RUS,LTU,2014,709391,794.0689,Europe,Europe,Eastern Europe,Northern Europe
Finland,Malta,FIN,MLT,2012,7430,2799.607,Europe,Europe,Northern Europe,Southern Europe
Austria,Albania,AUT,ALB,2015,28104,812.9326,Europe,Europe,Western Europe,Southern Europe
Switzerland,Russian Federation,CHE,RUS,2014,411616,2296.397,Europe,Europe,Western Europe,Eastern Europe
Spain,Switzerland,ESP,CHE,2014,3115334,1153.117,Europe,Europe,Southern Europe,Western Europe
Ukraine,Macedonia (the former Yugoslav Republic of),UKR,MKD,2012,5165,1165.076,Europe,Europe,Eastern Europe,Southern Europe
Estonia,Austria,EST,AUT,2013,27094,1360.358,Europe,Europe,Northern Europe,Western Europe
San Marino,Bosnia and Herzegovina,SMR,BIH,2016,,476.5566,Europe,Europe,Southern Europe,Southern Europe
Croatia,Ukraine,HRV,UKR,2011,59915,1193.37,Europe,Europe,Southern Europe,Eastern Europe
Spain,United Kingdom of Great Britain and Northern Ireland,ESP,GBR,2012,18990732,1263.379,Europe,Europe,Southern Europe,Northern Europe
Denmark,Romania,DNK,ROU,2012,29583,,Europe,Europe,Northern Europe,Eastern Europe
Denmark,Czechia,DNK,CZE,2013,167036,631.8411,Europe,Europe,Northern Europe,Eastern Europe
France,Czechia,FRA,CZE,2014,554508,884.6105,Europe,Europe,Western Europe,Eastern Europe
United Kingdom of Great Britain and Northern Ireland,San Marino,GBR,SMR,2016,,1263.348,Europe,Europe,Northern Europe,Southern Europe
Denmark,Belgium,DNK,BEL,2011,230804,767.1575,Europe,Europe,Northern Europe,Western Europe
Austria,Ireland,AUT,IRL,2011,81319,1681.996,Europe,Europe,Western Europe,Northern Europe
Estonia,Denmark,EST,DNK,2011,51452,836.2802,Europe,Europe,Northern Europe,Northern Europe
Netherlands,Belarus,NLD,BLR,2012,13361,1512.952,Europe,Europe,Western Europe,Eastern Europe
Hungary,Estonia,HUN,EST,2015,8576,1377.818,Europe,Europe,Eastern Europe,Northern Europe
Finland,Andorra,FIN,AND,2014,,2526.079,Europe,Europe,Northern Europe,Southern Europe
Norway,Hungary,NOR,HUN,2014,102682,1483.495,Europe,Europe,Northern Europe,Eastern Europe
Estonia,Germany,EST,DEU,2013,150057,1421.076,Europe,Europe,Northern Europe,Western Europe
Bulgaria,Italy,BGR,ITA,2014,259066,893.0574,Europe,Europe,Eastern Europe,Southern Europe
San Marino,Iceland,SMR,ISL,2016,,3109.966,Europe,Europe,Southern Europe,Northern Europe
Hungary,Slovakia,HUN,SVK,2014,1441050,159.0699,Europe,Europe,Eastern Europe,Eastern Europe
Croatia,Estonia,HRV,EST,2012,9734,1624.37,Europe,Europe,Southern Europe,Northern Europe
Belarus,Macedonia (the former Yugoslav Republic of),BLR,MKD,2011,1199,1392.291,Europe,Europe,Eastern Europe,Southern Europe
Russian Federation,Germany,RUS,DEU,2013,2238115,2065.183,Europe,Europe,Eastern Europe,Western Europe
Denmark,Gibraltar,DNK,GIB,2016,63,2562.962,Europe,Europe,Northern Europe,Southern Europe
Germany,Belgium,DEU,BEL,2012,2052869,196.8761,Europe,Europe,Western Europe,Western Europe
Greece,Macedonia (the former Yugoslav Republic of),GRC,MKD,2012,432,485.2823,Europe,Europe,Southern Europe,Southern Europe
Ukraine,Poland,UKR,POL,2015,11689011,690.8161,Europe,Europe,Eastern Europe,Eastern Europe
Albania,Germany,ALB,DEU,2014,71729,1493.096,Europe,Europe,Southern Europe,Western Europe
Latvia,Italy,LVA,ITA,2016,108693,1869.574,Europe,Europe,Northern Europe,Southern Europe
Portugal,Finland,PRT,FIN,2012,57929,3362.978,Europe,Europe,Southern Europe,Northern Europe
Moldova (Republic of),Italy,MDA,ITA,2011,140678,1413.827,Europe,Europe,Eastern Europe,Southern Europe
Moldova (Republic of),San Marino,MDA,SMR,2011,141,1317.19,Europe,Europe,Eastern Europe,Southern Europe
Germany,Belgium,DEU,BEL,2016,2289513,196.8761,Europe,Europe,Western Europe,Western Europe
Lithuania,Czechia,LTU,CZE,2011,56589,896.5842,Europe,Europe,Northern Europe,Eastern Europe
Andorra,Finland,AND,FIN,2014,,2526.079,Europe,Europe,Southern Europe,Northern Europe
Romania,Greece,ROU,GRC,2014,615829,,Europe,Europe,Eastern Europe,Southern Europe
San Marino,Iceland,SMR,ISL,2014,,3109.966,Europe,Europe,Southern Europe,Northern Europe
Greece,United Kingdom of Great Britain and Northern Ireland,GRC,GBR,2014,2327529,2394.85,Europe,Europe,Southern Europe,Northern Europe
Germany,Estonia,DEU,EST,2012,177709,1421.076,Europe,Europe,Western Europe,Northern Europe
Belarus,Netherlands,BLR,NLD,2014,21869,1512.952,Europe,Europe,Eastern Europe,Western Europe
Italy,Slovenia,ITA,SVN,2016,623389,492.3427,Europe,Europe,Southern Europe,Southern Europe
Netherlands,Denmark,NLD,DNK,2012,474848,622.9741,Europe,Europe,Western Europe,Northern Europe
Romania,Italy,ROU,ITA,2016,1594204,,Europe,Europe,Eastern Europe,Southern Europe
Bosnia and Herzegovina,Ireland,BIH,IRL,2013,743,2084.593,Europe,Europe,Southern Europe,Northern Europe
Denmark,Sweden,DNK,SWE,2016,1186755,523.7871,Europe,Europe,Northern Europe,Northern Europe
Moldova (Republic of),Greece,MDA,GRC,2014,10822,1084.991,Europe,Europe,Eastern Europe,Southern Europe
Malta,Belarus,MLT,BLR,2016,539,2236.243,Europe,Europe,Southern Europe,Eastern Europe
Finland,Russian Federation,FIN,RUS,2016,118919,892.6777,Europe,Europe,Northern Europe,Eastern Europe
Romania,Denmark,ROU,DNK,2015,36738,,Europe,Europe,Eastern Europe,Northern Europe
Italy,Macedonia (the former Yugoslav Republic of),ITA,MKD,2014,68770,742.0995,Europe,Europe,Southern Europe,Southern Europe
Norway,Austria,NOR,AUT,2013,135353,1351.699,Europe,Europe,Northern Europe,Western Europe
San Marino,Sweden,SMR,SWE,2013,,1753.689,Europe,Europe,Southern Europe,Northern Europe
Malta,Spain,MLT,ESP,2013,116208,1670.797,Europe,Europe,Southern Europe,Southern Europe
Switzerland,Moldova (Republic of),CHE,MDA,2014,7486,1620.078,Europe,Europe,Western Europe,Eastern Europe
Finland,Denmark,FIN,DNK,2016,472607,884.6371,Europe,Europe,Northern Europe,Northern Europe
Italy,Portugal,ITA,PRT,2014,690471,1864.041,Europe,Europe,Southern Europe,Southern Europe
United Kingdom of Great Britain and Northern Ireland,Finland,GBR,FIN,2014,544987,1826.928,Europe,Europe,Northern Europe,Northern Europe
Luxembourg,Latvia,LUX,LVA,2012,1833,1440.968,Europe,Europe,Western Europe,Northern Europe
Austria,Belgium,AUT,BEL,2011,529707,914.4633,Europe,Europe,Western Europe,Western Europe
Germany,Italy,DEU,ITA,2015,11730844,1146.023,Europe,Europe,Western Europe,Southern Europe
Estonia,Czechia,EST,CZE,2016,26238,1227.457,Europe,Europe,Northern Europe,Eastern Europe
Russian Federation,Romania,RUS,ROU,2014,101488,,Europe,Europe,Eastern Europe,Eastern Europe
Hungary,Greece,HUN,GRC,2013,68132,1123.943,Europe,Europe,Eastern Europe,Southern Europe
Czechia,Spain,CZE,ESP,2015,525244,1776.348,Europe,Europe,Eastern Europe,Southern Europe
Poland,Albania,POL,ALB,2011,3205,1218.313,Europe,Europe,Eastern Europe,Southern Europe
Belarus,Iceland,BLR,ISL,2014,95,2965.109,Europe,Europe,Eastern Europe,Northern Europe
Greece,Belgium,GRC,BEL,2016,676287,2089.225,Europe,Europe,Southern Europe,Western Europe
Slovenia,Italy,SVN,ITA,2014,570966,492.3427,Europe,Europe,Southern Europe,Southern Europe
Spain,Denmark,ESP,DNK,2014,1452247,2074.977,Europe,Europe,Southern Europe,Northern Europe
Denmark,Hungary,DNK,HUN,2013,123119,1011.98,Europe,Europe,Northern Europe,Eastern Europe
Austria,Russian Federation,AUT,RUS,2011,470787,1675.699,Europe,Europe,Western Europe,Eastern Europe
Switzerland,Slovenia,CHE,SVN,2013,32457,549.9726,Europe,Europe,Western Europe,Southern Europe
Moldova (Republic of),United Kingdom of Great Britain and Northern Ireland,MDA,GBR,2015,33959,2150.279,Europe,Europe,Eastern Europe,Northern Europe
Slovenia,Netherlands,SVN,NLD,2015,24640,986.5178,Europe,Europe,Southern Europe,Western Europe
Czechia,Iceland,CZE,ISL,2011,1240,2640.109,Europe,Europe,Eastern Europe,Northern Europe
Romania,Portugal,ROU,PRT,2016,78931,,Europe,Europe,Eastern Europe,Southern Europe
Macedonia (the former Yugoslav Republic of),Estonia,MKD,EST,2014,331,1951.641,Europe,Europe,Southern Europe,Northern Europe
Iceland,Hungary,ISL,HUN,2014,2037,3077.932,Europe,Europe,Northern Europe,Eastern Europe
Netherlands,Bulgaria,NLD,BGR,2015,96759,1745.082,Europe,Europe,Western Europe,Eastern Europe
Denmark,Switzerland,DNK,CHE,2013,391069,1033.508,Europe,Europe,Northern Europe,Western Europe
Hungary,Malta,HUN,MLT,2012,9594,1343.903,Europe,Europe,Eastern Europe,Southern Europe
Poland,Denmark,POL,DNK,2014,343661,668.9079,Europe,Europe,Eastern Europe,Northern Europe
Norway,France,NOR,FRA,2011,482477,1342.89,Europe,Europe,Northern Europe,Western Europe
Hungary,Poland,HUN,POL,2016,834913,546.806,Europe,Europe,Eastern Europe,Eastern Europe
Sweden,Finland,SWE,FIN,2014,963820,397.8922,Europe,Europe,Northern Europe,Northern Europe
Latvia,Albania,LVA,ALB,2011,158,1765.015,Europe,Europe,Northern Europe,Southern Europe
Poland,San Marino,POL,SMR,2015,,1117.929,Europe,Europe,Eastern Europe,Southern Europe
Romania,Ukraine,ROU,UKR,2013,1670846,,Europe,Europe,Eastern Europe,Eastern Europe
Russian Federation,San Marino,RUS,SMR,2014,179205,2215.114,Europe,Europe,Eastern Europe,Southern Europe
Gibraltar,Slovakia,GIB,SVK,2013,0,2276.342,Europe,Europe,Southern Europe,Eastern Europe
Bosnia and Herzegovina,United Kingdom of Great Britain and Northern Ireland,BIH,GBR,2014,14091,1625.285,Europe,Europe,Southern Europe,Northern Europe
Bosnia and Herzegovina,Germany,BIH,DEU,2012,60284,1202.42,Europe,Europe,Southern Europe,Western Europe
Germany,Czechia,DEU,CZE,2013,1898608,545.6255,Europe,Europe,Western Europe,Eastern Europe
Andorra,Estonia,AND,EST,2011,,2464.161,Europe,Europe,Southern Europe,Northern Europe
Ukraine,Poland,UKR,POL,2011,7550104,690.8161,Europe,Europe,Eastern Europe,Eastern Europe
Spain,Slovenia,ESP,SVN,2012,11251,1600.555,Europe,Europe,Southern Europe,Southern Europe
Romania,Poland,ROU,POL,2016,547680,,Europe,Europe,Eastern Europe,Eastern Europe
Austria,Finland,AUT,FIN,2015,121204,1437.813,Europe,Europe,Western Europe,Northern Europe
Bulgaria,Greece,BGR,GRC,2013,1797311,520.6937,Europe,Europe,Eastern Europe,Southern Europe
Sweden,Albania,SWE,ALB,2012,4319,2006.998,Europe,Europe,Northern Europe,Southern Europe
Greece,Slovenia,GRC,SVN,2013,26876,1176.784,Europe,Europe,Southern Europe,Southern Europe
Sweden,United Kingdom of Great Britain and Northern Ireland,SWE,GBR,2013,1745237,1437.571,Europe,Europe,Northern Europe,Northern Europe
Estonia,Iceland,EST,ISL,2012,1288,2454.359,Europe,Europe,Northern Europe,Northern Europe
Romania,Iceland,ROU,ISL,2011,516,,Europe,Europe,Eastern Europe,Northern Europe
Ireland,Andorra,IRL,AND,2014,,1335.314,Europe,Europe,Northern Europe,Southern Europe
Czechia,Switzerland,CZE,CHE,2013,217755,623.4171,Europe,Europe,Eastern Europe,Western Europe
Moldova (Republic of),Lithuania,MDA,LTU,2016,1963,889.8586,Europe,Europe,Eastern Europe,Northern Europe
Iceland,Russian Federation,ISL,RUS,2016,7846,3316.138,Europe,Europe,Northern Europe,Eastern Europe
Spain,Czechia,ESP,CZE,2014,434625,1776.348,Europe,Europe,Southern Europe,Eastern Europe
France,Russian Federation,FRA,RUS,2016,644676,2494.316,Europe,Europe,Western Europe,Eastern Europe
Luxembourg,Macedonia (the former Yugoslav Republic of),LUX,MKD,2016,686,1454.307,Europe,Europe,Western Europe,Southern Europe
Lithuania,Moldova (Republic of),LTU,MDA,2016,2099,889.8586,Europe,Europe,Northern Europe,Eastern Europe
Bosnia and Herzegovina,Slovenia,BIH,SVN,2014,73088,394.7473,Europe,Europe,Southern Europe,Southern Europe
Andorra,Bulgaria,AND,BGR,2015,,1781.612,Europe,Europe,Southern Europe,Eastern Europe
Switzerland,Albania,CHE,ALB,2011,19393,1167.984,Europe,Europe,Western Europe,Southern Europe
Luxembourg,Portugal,LUX,PRT,2016,317632,1711.773,Europe,Europe,Western Europe,Southern Europe
Ukraine,Andorra,UKR,AND,2012,,2372.859,Europe,Europe,Eastern Europe,Southern Europe
Spain,Finland,ESP,FIN,2015,858623,2952.195,Europe,Europe,Southern Europe,Northern Europe
Portugal,France,PRT,FRA,2015,3181026,1452.86,Europe,Europe,Southern Europe,Western Europe
Italy,Sweden,ITA,SWE,2012,755232,1980.122,Europe,Europe,Southern Europe,Northern Europe
Denmark,San Marino,DNK,SMR,2016,,1304.072,Europe,Europe,Northern Europe,Southern Europe
Lithuania,Albania,LTU,ALB,2011,331,1540.066,Europe,Europe,Northern Europe,Southern Europe
Slovakia,Hungary,SVK,HUN,2016,1805228,159.0699,Europe,Europe,Eastern Europe,Eastern Europe
Russian Federation,Denmark,RUS,DNK,2011,88130,1566.362,Europe,Europe,Eastern Europe,Northern Europe
Andorra,United Kingdom of Great Britain and Northern Ireland,AND,GBR,2012,1,1009.577,Europe,Europe,Southern Europe,Northern Europe
Slovakia,Bosnia and Herzegovina,SVK,BIH,2011,3361,488.4783,Europe,Europe,Eastern Europe,Southern Europe
Luxembourg,Estonia,LUX,EST,2015,3973,1614.171,Europe,Europe,Western Europe,Northern Europe
Czechia,Denmark,CZE,DNK,2016,193036,631.8411,Europe,Europe,Eastern Europe,Northern Europe
Spain,France,ESP,FRA,2011,13862737,1054.656,Europe,Europe,Southern Europe,Western Europe
Ukraine,Germany,UKR,DEU,2011,484018,1646.271,Europe,Europe,Eastern Europe,Western Europe
Czechia,Spain,CZE,ESP,2012,431534,1776.348,Europe,Europe,Eastern Europe,Southern Europe
Norway,Switzerland,NOR,CHE,2013,176135,1459.379,Europe,Europe,Northern Europe,Western Europe
San Marino,Poland,SMR,POL,2016,,1117.929,Europe,Europe,Southern Europe,Eastern Europe
Gibraltar,Albania,GIB,ALB,2014,0,2251.487,Europe,Europe,Southern Europe,Southern Europe
Ukraine,Belarus,UKR,BLR,2012,3093221,433.5281,Europe,Europe,Eastern Europe,Eastern Europe
Macedonia (the former Yugoslav Republic of),Moldova (Republic of),MKD,MDA,2014,385,806.5962,Europe,Europe,Southern Europe,Eastern Europe
Denmark,Sweden,DNK,SWE,2011,5130932,523.7871,Europe,Europe,Northern Europe,Northern Europe
Andorra,Macedonia (the former Yugoslav Republic of),AND,MKD,2011,,1642.107,Europe,Europe,Southern Europe,Southern Europe
Bosnia and Herzegovina,Hungary,BIH,HUN,2016,2607,407.2162,Europe,Europe,Southern Europe,Eastern Europe
Croatia,Macedonia (the former Yugoslav Republic of),HRV,MKD,2013,36647,610.8091,Europe,Europe,Southern Europe,Southern Europe
Italy,Norway,ITA,NOR,2012,413370,2010.678,Europe,Europe,Southern Europe,Northern Europe
Slovakia,Norway,SVK,NOR,2016,20624,1371.805,Europe,Europe,Eastern Europe,Northern Europe
Switzerland,Netherlands,CHE,NLD,2013,875060,628.025,Europe,Europe,Western Europe,Western Europe
Austria,Belgium,AUT,BEL,2016,590260,914.4633,Europe,Europe,Western Europe,Western Europe
Malta,Portugal,MLT,PRT,2016,9734,2112.431,Europe,Europe,Southern Europe,Southern Europe
Ireland,Belarus,IRL,BLR,2012,616,2209.153,Europe,Europe,Northern Europe,Eastern Europe
Norway,Russian Federation,NOR,RUS,2014,171818,1649.799,Europe,Europe,Northern Europe,Eastern Europe
Gibraltar,Albania,GIB,ALB,2013,0,2251.487,Europe,Europe,Southern Europe,Southern Europe
Belgium,Netherlands,BEL,NLD,2014,3533537,173.0333,Europe,Europe,Western Europe,Western Europe
Macedonia (the former Yugoslav Republic of),Slovakia,MKD,SVK,2013,5022,764.715,Europe,Europe,Southern Europe,Eastern Europe
Czechia,Norway,CZE,NOR,2015,138207,1117.156,Europe,Europe,Eastern Europe,Northern Europe
Norway,Germany,NOR,DEU,2013,1292849,969.2816,Europe,Europe,Northern Europe,Western Europe
Lithuania,Bulgaria,LTU,BGR,2015,17799,1345.486,Europe,Europe,Northern Europe,Eastern Europe
Latvia,Poland,LVA,POL,2011,594118,559.8441,Europe,Europe,Northern Europe,Eastern Europe
Malta,Albania,MLT,ALB,2012,556,759.1236,Europe,Europe,Southern Europe,Southern Europe
Albania,Belarus,ALB,BLR,2016,20,1505.639,Europe,Europe,Southern Europe,Eastern Europe
Ukraine,Belgium,UKR,BEL,2011,39898,1837.307,Europe,Europe,Eastern Europe,Western Europe
San Marino,Portugal,SMR,PRT,2011,,1891.408,Europe,Europe,Southern Europe,Southern Europe
Ukraine,Andorra,UKR,AND,2015,,2372.859,Europe,Europe,Eastern Europe,Southern Europe
Ukraine,Belarus,UKR,BLR,2014,1594711,433.5281,Europe,Europe,Eastern Europe,Eastern Europe
Austria,Norway,AUT,NOR,2011,98581,1351.699,Europe,Europe,Western Europe,Northern Europe
Poland,Russian Federation,POL,RUS,2011,2554610,1156.427,Europe,Europe,Eastern Europe,Eastern Europe
Norway,Sweden,NOR,SWE,2014,6115991,417.5658,Europe,Europe,Northern Europe,Northern Europe
Bulgaria,Latvia,BGR,LVA,2012,7494,1590.733,Europe,Europe,Eastern Europe,Northern Europe
Finland,Spain,FIN,ESP,2015,811448,2952.195,Europe,Europe,Northern Europe,Southern Europe
Czechia,San Marino,CZE,SMR,2011,,700.1221,Europe,Europe,Eastern Europe,Southern Europe
Croatia,Finland,HRV,FIN,2012,55583,1702.673,Europe,Europe,Southern Europe,Northern Europe
Denmark,Portugal,DNK,PRT,2012,146401,2478.47,Europe,Europe,Northern Europe,Southern Europe
Lithuania,Estonia,LTU,EST,2013,94287,527.9267,Europe,Europe,Northern Europe,Northern Europe
Albania,Norway,ALB,NOR,2011,2744,2160.437,Europe,Europe,Southern Europe,Northern Europe
Luxembourg,Norway,LUX,NOR,2013,7611,1184.92,Europe,Europe,Western Europe,Northern Europe
Romania,Norway,ROU,NOR,2012,49177,,Europe,Europe,Eastern Europe,Northern Europe
Bosnia and Herzegovina,Austria,BIH,AUT,2014,22136,509.7472,Europe,Europe,Southern Europe,Western Europe
Bulgaria,Norway,BGR,NOR,2011,34167,2101.033,Europe,Europe,Eastern Europe,Northern Europe
Bulgaria,Norway,BGR,NOR,2012,46415,2101.033,Europe,Europe,Eastern Europe,Northern Europe
Romania,San Marino,ROU,SMR,2016,18953,,Europe,Europe,Eastern Europe,Southern Europe
Greece,Moldova (Republic of),GRC,MDA,2012,5345,1084.991,Europe,Europe,Southern Europe,Eastern Europe
Moldova (Republic of),Italy,MDA,ITA,2015,297250,1413.827,Europe,Europe,Eastern Europe,Southern Europe
Germany,Macedonia (the former Yugoslav Republic of),DEU,MKD,2015,189281,1521.612,Europe,Europe,Western Europe,Southern Europe
Moldova (Republic of),Estonia,MDA,EST,2015,1944,1407.85,Europe,Europe,Eastern Europe,Northern Europe
Austria,Netherlands,AUT,NLD,2012,415559,934.7828,Europe,Europe,Western Europe,Western Europe
Czechia,Netherlands,CZE,NLD,2015,262333,709.4576,Europe,Europe,Eastern Europe,Western Europe
Russian Federation,Spain,RUS,ESP,2014,1520673,3449.3,Europe,Europe,Eastern Europe,Southern Europe
Latvia,Spain,LVA,ESP,2014,63764,2715.85,Europe,Europe,Northern Europe,Southern Europe
Lithuania,Spain,LTU,ESP,2012,100773,2666.384,Europe,Europe,Northern Europe,Southern Europe
Belarus,Netherlands,BLR,NLD,2012,13213,1512.952,Europe,Europe,Eastern Europe,Western Europe
San Marino,Netherlands,SMR,NLD,2015,,1090.303,Europe,Europe,Southern Europe,Western Europe
Netherlands,San Marino,NLD,SMR,2011,,1090.303,Europe,Europe,Western Europe,Southern Europe
Belarus,Finland,BLR,FIN,2013,9752,715.4365,Europe,Europe,Eastern Europe,Northern Europe
Bosnia and Herzegovina,Netherlands,BIH,NLD,2012,10943,1375.387,Europe,Europe,Southern Europe,Western Europe
San Marino,Netherlands,SMR,NLD,2012,,1090.303,Europe,Europe,Southern Europe,Western Europe
Germany,Bulgaria,DEU,BGR,2016,1098572,1571.797,Europe,Europe,Western Europe,Eastern Europe
Albania,Netherlands,ALB,NLD,2015,15324,1664.815,Europe,Europe,Southern Europe,Western Europe
Luxembourg,Iceland,LUX,ISL,2016,1379,2319.428,Europe,Europe,Western Europe,Northern Europe
Macedonia (the former Yugoslav Republic of),Norway,MKD,NOR,2012,4364,2124.664,Europe,Europe,Southern Europe,Northern Europe
Ukraine,Netherlands,UKR,NLD,2015,52495,1781.716,Europe,Europe,Eastern Europe,Western Europe
Germany,Netherlands,DEU,NLD,2015,8608584,173.5239,Europe,Europe,Western Europe,Western Europe
Luxembourg,Netherlands,LUX,NLD,2015,26345,318.3489,Europe,Europe,Western Europe,Western Europe
Spain,Netherlands,ESP,NLD,2015,3921617,1481.366,Europe,Europe,Southern Europe,Western Europe
Norway,Lithuania,NOR,LTU,2014,177521,1048.369,Europe,Europe,Northern Europe,Northern Europe
Andorra,Romania,AND,ROU,2016,,,Europe,Europe,Southern Europe,Eastern Europe
Andorra,Luxembourg,AND,LUX,2013,,867.6033,Europe,Europe,Southern Europe,Western Europe
Finland,Ukraine,FIN,UKR,2015,20243,1135.325,Europe,Europe,Northern Europe,Eastern Europe
Hungary,Switzerland,HUN,CHE,2016,344480,879.3594,Europe,Europe,Eastern Europe,Western Europe
Russian Federation,Netherlands,RUS,NLD,2012,200551,2155.229,Europe,Europe,Eastern Europe,Western Europe
Denmark,Romania,DNK,ROU,2016,47998,,Europe,Europe,Northern Europe,Eastern Europe
Macedonia (the former Yugoslav Republic of),France,MKD,FRA,2012,9058,1672.04,Europe,Europe,Southern Europe,Western Europe
Moldova (Republic of),Netherlands,MDA,NLD,2014,5541,1813.739,Europe,Europe,Eastern Europe,Western Europe
United Kingdom of Great Britain and Northern Ireland,Italy,GBR,ITA,2012,7143528,1438.425,Europe,Europe,Northern Europe,Southern Europe
Ireland,Andorra,IRL,AND,2016,,1335.314,Europe,Europe,Northern Europe,Southern Europe
Bosnia and Herzegovina,Netherlands,BIH,NLD,2015,32356,1375.387,Europe,Europe,Southern Europe,Western Europe
Bosnia and Herzegovina,Netherlands,BIH,NLD,2013,8365,1375.387,Europe,Europe,Southern Europe,Western Europe
Spain,Iceland,ESP,ISL,2011,60577,2894.701,Europe,Europe,Southern Europe,Northern Europe
Iceland,Netherlands,ISL,NLD,2015,89557,2022.635,Europe,Europe,Northern Europe,Western Europe
Bulgaria,Netherlands,BGR,NLD,2011,106886,1745.082,Europe,Europe,Eastern Europe,Western Europe
Lithuania,France,LTU,FRA,2015,101495,1700.296,Europe,Europe,Northern Europe,Western Europe
San Marino,Lithuania,SMR,LTU,2013,,1509.381,Europe,Europe,Southern Europe,Northern Europe
Luxembourg,Netherlands,LUX,NLD,2012,39554,318.3489,Europe,Europe,Western Europe,Western Europe
Albania,Lithuania,ALB,LTU,2012,112,1540.066,Europe,Europe,Southern Europe,Northern Europe
Macedonia (the former Yugoslav Republic of),Netherlands,MKD,NLD,2011,11291,1694.944,Europe,Europe,Southern Europe,Western Europe
Germany,Gibraltar,DEU,GIB,2016,379,1967.273,Europe,Europe,Western Europe,Southern Europe
Russian Federation,Romania,RUS,ROU,2015,77952,,Europe,Europe,Eastern Europe,Eastern Europe
Ireland,Netherlands,IRL,NLD,2013,468665,756.7269,Europe,Europe,Northern Europe,Western Europe
Czechia,Croatia,CZE,HRV,2014,702848,492.0173,Europe,Europe,Eastern Europe,Southern Europe
Andorra,Ukraine,AND,UKR,2014,,2372.859,Europe,Europe,Southern Europe,Eastern Europe
United Kingdom of Great Britain and Northern Ireland,Croatia,GBR,HRV,2014,634141,1341.216,Europe,Europe,Northern Europe,Southern Europe
San Marino,Belgium,SMR,BEL,2011,18420,980.1509,Europe,Europe,Southern Europe,Western Europe
Poland,Netherlands,POL,NLD,2013,379338,1093.599,Europe,Europe,Eastern Europe,Western Europe
Netherlands,Finland,NLD,FIN,2014,185120,1505.523,Europe,Europe,Western Europe,Northern Europe
Denmark,Netherlands,DNK,NLD,2011,439938,622.9741,Europe,Europe,Northern Europe,Western Europe
Ukraine,Ireland,UKR,IRL,2013,5711,2517.525,Europe,Europe,Eastern Europe,Northern Europe
Poland,Netherlands,POL,NLD,2012,353028,1093.599,Europe,Europe,Eastern Europe,Western Europe
Denmark,Latvia,DNK,LVA,2011,53353,724.3204,Europe,Europe,Northern Europe,Northern Europe
Ireland,Netherlands,IRL,NLD,2014,474093,756.7269,Europe,Europe,Northern Europe,Western Europe
Austria,Netherlands,AUT,NLD,2013,408392,934.7828,Europe,Europe,Western Europe,Western Europe
Lithuania,Netherlands,LTU,NLD,2016,85001,1370.703,Europe,Europe,Northern Europe,Western Europe
Albania,Netherlands,ALB,NLD,2012,8903,1664.815,Europe,Europe,Southern Europe,Western Europe
Andorra,Netherlands,AND,NLD,2016,,1125.463,Europe,Europe,Southern Europe,Western Europe
Portugal,Malta,PRT,MLT,2014,5963,2112.431,Europe,Europe,Southern Europe,Southern Europe
France,Netherlands,FRA,NLD,2016,4913189,427.9169,Europe,Europe,Western Europe,Western Europe
Germany,Netherlands,DEU,NLD,2011,7013783,173.5239,Europe,Europe,Western Europe,Western Europe
Spain,Slovenia,ESP,SVN,2015,11844,1600.555,Europe,Europe,Southern Europe,Southern Europe
Norway,Netherlands,NOR,NLD,2011,502777,916.1565,Europe,Europe,Northern Europe,Western Europe
Andorra,Romania,AND,ROU,2011,,,Europe,Europe,Southern Europe,Eastern Europe
Germany,Netherlands,DEU,NLD,2016,9092100,173.5239,Europe,Europe,Western Europe,Western Europe
Malta,Netherlands,MLT,NLD,2014,76472,1981.948,Europe,Europe,Southern Europe,Western Europe
Estonia,Netherlands,EST,NLD,2016,38784,1459.083,Europe,Europe,Northern Europe,Western Europe
Switzerland,Netherlands,CHE,NLD,2016,953843,628.025,Europe,Europe,Western Europe,Western Europe
Hungary,Netherlands,HUN,NLD,2016,394743,1145.901,Europe,Europe,Eastern Europe,Western Europe
Norway,Gibraltar,NOR,GIB,2012,78,2887.885,Europe,Europe,Northern Europe,Southern Europe
Lithuania,Slovenia,LTU,SVN,2016,7804,1225.651,Europe,Europe,Northern Europe,Southern Europe
Malta,Macedonia (the former Yugoslav Republic of),MLT,MKD,2012,288,905.4888,Europe,Europe,Southern Europe,Southern Europe
Ireland,Austria,IRL,AUT,2012,99210,1681.996,Europe,Europe,Northern Europe,Western Europe
Luxembourg,Hungary,LUX,HUN,2014,7060,977.394,Europe,Europe,Western Europe,Eastern Europe
Ireland,Romania,IRL,ROU,2012,35248,,Europe,Europe,Northern Europe,Eastern Europe
Greece,Portugal,GRC,PRT,2015,47801,2853.773,Europe,Europe,Southern Europe,Southern Europe
Greece,Croatia,GRC,HRV,2015,45172,1079.422,Europe,Europe,Southern Europe,Southern Europe
Gibraltar,Poland,GIB,POL,2015,213,2736.609,Europe,Europe,Southern Europe,Eastern Europe
Poland,Moldova (Republic of),POL,MDA,2011,40371,811.762,Europe,Europe,Eastern Europe,Eastern Europe
Belgium,Germany,BEL,DEU,2016,2289513,196.8761,Europe,Europe,Western Europe,Western Europe
Macedonia (the former Yugoslav Republic of),Sweden,MKD,SWE,2015,121891,1943.276,Europe,Europe,Southern Europe,Northern Europe
Finland,Italy,FIN,ITA,2015,372011,2203.158,Europe,Europe,Northern Europe,Southern Europe
Malta,United Kingdom of Great Britain and Northern Ireland,MLT,GBR,2012,642237,2092.273,Europe,Europe,Southern Europe,Northern Europe
Malta,United Kingdom of Great Britain and Northern Ireland,MLT,GBR,2016,930481,2092.273,Europe,Europe,Southern Europe,Northern Europe
Estonia,Gibraltar,EST,GIB,2012,26,3375.481,Europe,Europe,Northern Europe,Southern Europe
Croatia,Lithuania,HRV,LTU,2016,37611,1189.612,Europe,Europe,Southern Europe,Northern Europe
Spain,Hungary,ESP,HUN,2012,331234,1977.705,Europe,Europe,Southern Europe,Eastern Europe
Belgium,San Marino,BEL,SMR,2013,18383,980.1509,Europe,Europe,Western Europe,Southern Europe
Estonia,Hungary,EST,HUN,2014,7226,1377.818,Europe,Europe,Northern Europe,Eastern Europe
Gibraltar,Norway,GIB,NOR,2012,73,2887.885,Europe,Europe,Southern Europe,Northern Europe
Romania,Ireland,ROU,IRL,2016,87744,,Europe,Europe,Eastern Europe,Northern Europe
Luxembourg,United Kingdom of Great Britain and Northern Ireland,LUX,GBR,2016,392868,494.0174,Europe,Europe,Western Europe,Northern Europe
Slovenia,San Marino,SVN,SMR,2011,,283.7302,Europe,Europe,Southern Europe,Southern Europe
Moldova (Republic of),United Kingdom of Great Britain and Northern Ireland,MDA,GBR,2011,8240,2150.279,Europe,Europe,Eastern Europe,Northern Europe
Slovakia,Macedonia (the former Yugoslav Republic of),SVK,MKD,2012,3202,764.715,Europe,Europe,Eastern Europe,Southern Europe
Poland,Greece,POL,GRC,2012,304682,1600.171,Europe,Europe,Eastern Europe,Southern Europe
Ireland,Malta,IRL,MLT,2011,38227,2525.637,Europe,Europe,Northern Europe,Southern Europe
Poland,Bulgaria,POL,BGR,2012,386267,1080.42,Europe,Europe,Eastern Europe,Eastern Europe
Ukraine,Portugal,UKR,PRT,2012,33218,3351.661,Europe,Europe,Eastern Europe,Southern Europe
Slovenia,Slovakia,SVN,SVK,2014,39169,308.8653,Europe,Europe,Southern Europe,Eastern Europe
Italy,Bulgaria,ITA,BGR,2015,307853,893.0574,Europe,Europe,Southern Europe,Eastern Europe
Denmark,Greece,DNK,GRC,2011,214543,2135.535,Europe,Europe,Northern Europe,Southern Europe
Ireland,Greece,IRL,GRC,2016,76017,2855.222,Europe,Europe,Northern Europe,Southern Europe
Poland,Slovenia,POL,SVN,2013,66478,834.402,Europe,Europe,Eastern Europe,Southern Europe
Belgium,Netherlands,BEL,NLD,2016,3986486,173.0333,Europe,Europe,Western Europe,Western Europe
Macedonia (the former Yugoslav Republic of),Hungary,MKD,HUN,2016,3146,641.169,Europe,Europe,Southern Europe,Eastern Europe
Slovenia,Moldova (Republic of),SVN,MDA,2013,261,1100.799,Europe,Europe,Southern Europe,Eastern Europe
Belgium,Lithuania,BEL,LTU,2012,62823,1469.434,Europe,Europe,Western Europe,Northern Europe
Belgium,Bulgaria,BEL,BGR,2011,112262,1699.686,Europe,Europe,Western Europe,Eastern Europe
Romania,Albania,ROU,ALB,2015,23507,,Europe,Europe,Eastern Europe,Southern Europe
San Marino,Belarus,SMR,BLR,2012,,1549.646,Europe,Europe,Southern Europe,Eastern Europe
Austria,Ukraine,AUT,UKR,2016,124111,1052.484,Europe,Europe,Western Europe,Eastern Europe
Andorra,Iceland,AND,ISL,2016,,2833.952,Europe,Europe,Southern Europe,Northern Europe
Croatia,Andorra,HRV,AND,2013,,1210.269,Europe,Europe,Southern Europe,Southern Europe
Denmark,Netherlands,DNK,NLD,2012,459510,622.9741,Europe,Europe,Northern Europe,Western Europe
Austria,Spain,AUT,ESP,2014,991870,1811.999,Europe,Europe,Western Europe,Southern Europe
Slovenia,Spain,SVN,ESP,2011,20202,1600.555,Europe,Europe,Southern Europe,Southern Europe
Andorra,Ireland,AND,IRL,2016,,1335.314,Europe,Europe,Southern Europe,Northern Europe
Austria,Germany,AUT,DEU,2013,13389629,763.7314,Europe,Europe,Western Europe,Western Europe
Russian Federation,Austria,RUS,AUT,2013,587737,1675.699,Europe,Europe,Eastern Europe,Western Europe
Italy,Greece,ITA,GRC,2016,2221093,1050.411,Europe,Europe,Southern Europe,Southern Europe
Estonia,Netherlands,EST,NLD,2013,30562,1459.083,Europe,Europe,Northern Europe,Western Europe
Switzerland,Croatia,CHE,HRV,2013,106950,667.2937,Europe,Europe,Western Europe,Southern Europe
Denmark,San Marino,DNK,SMR,2015,,1304.072,Europe,Europe,Northern Europe,Southern Europe
Finland,Russian Federation,FIN,RUS,2012,4953614,892.6777,Europe,Europe,Northern Europe,Eastern Europe
Bosnia and Herzegovina,Netherlands,BIH,NLD,2014,21612,1375.387,Europe,Europe,Southern Europe,Western Europe
Italy,Portugal,ITA,PRT,2013,607262,1864.041,Europe,Europe,Southern Europe,Southern Europe
Norway,Czechia,NOR,CZE,2013,140242,1117.156,Europe,Europe,Northern Europe,Eastern Europe
Sweden,Switzerland,SWE,CHE,2014,368516,1546.508,Europe,Europe,Northern Europe,Western Europe
Norway,Portugal,NOR,PRT,2012,88013,2739.748,Europe,Europe,Northern Europe,Southern Europe
Netherlands,Belarus,NLD,BLR,2016,23340,1512.952,Europe,Europe,Western Europe,Eastern Europe
San Marino,Latvia,SMR,LVA,2013,,1659.333,Europe,Europe,Southern Europe,Northern Europe
Bosnia and Herzegovina,Albania,BIH,ALB,2012,13398,303.8697,Europe,Europe,Southern Europe,Southern Europe
Lithuania,Switzerland,LTU,CHE,2012,15974,1516.998,Europe,Europe,Northern Europe,Western Europe
Russian Federation,Switzerland,RUS,CHE,2014,411739,2296.397,Europe,Europe,Eastern Europe,Western Europe
Bosnia and Herzegovina,Bulgaria,BIH,BGR,2012,44455,416.3402,Europe,Europe,Southern Europe,Eastern Europe
Lithuania,Norway,LTU,NOR,2015,210211,1048.369,Europe,Europe,Northern Europe,Northern Europe
Bosnia and Herzegovina,Poland,BIH,POL,2013,2143,952.2305,Europe,Europe,Southern Europe,Eastern Europe
Finland,Portugal,FIN,PRT,2012,56529,3362.978,Europe,Europe,Northern Europe,Southern Europe
Macedonia (the former Yugoslav Republic of),Albania,MKD,ALB,2016,587623,155.9628,Europe,Europe,Southern Europe,Southern Europe
San Marino,Albania,SMR,ALB,2014,,666.4761,Europe,Europe,Southern Europe,Southern Europe
Switzerland,United Kingdom of Great Britain and Northern Ireland,CHE,GBR,2015,4430241,748.7117,Europe,Europe,Western Europe,Northern Europe
Latvia,Iceland,LVA,ISL,2016,4195,2579.342,Europe,Europe,Northern Europe,Northern Europe
Hungary,Gibraltar,HUN,GIB,2011,44,2371.369,Europe,Europe,Eastern Europe,Southern Europe
Portugal,Austria,PRT,AUT,2011,105369,2299.266,Europe,Europe,Southern Europe,Western Europe
Denmark,Bosnia and Herzegovina,DNK,BIH,2012,23665,1377.807,Europe,Europe,Northern Europe,Southern Europe
Belgium,Macedonia (the former Yugoslav Republic of),BEL,MKD,2013,12914,1634.022,Europe,Europe,Western Europe,Southern Europe
Iceland,Croatia,ISL,HRV,2014,615,3089.354,Europe,Europe,Northern Europe,Southern Europe
Russian Federation,Portugal,RUS,PRT,2015,88519,3913.34,Europe,Europe,Eastern Europe,Southern Europe
Latvia,Ukraine,LVA,UKR,2015,121895,839.8457,Europe,Europe,Northern Europe,Eastern Europe
Iceland,Estonia,ISL,EST,2015,2742,2454.359,Europe,Europe,Northern Europe,Northern Europe
Finland,Sweden,FIN,SWE,2013,987685,397.8922,Europe,Europe,Northern Europe,Northern Europe
Lithuania,Bulgaria,LTU,BGR,2013,14912,1345.486,Europe,Europe,Northern Europe,Eastern Europe
Albania,San Marino,ALB,SMR,2013,,666.4761,Europe,Europe,Southern Europe,Southern Europe
Switzerland,Russian Federation,CHE,RUS,2012,392849,2296.397,Europe,Europe,Western Europe,Eastern Europe
Belgium,Bosnia and Herzegovina,BEL,BIH,2012,5232,1311.355,Europe,Europe,Western Europe,Southern Europe
Croatia,Gibraltar,HRV,GIB,2012,45,2079.915,Europe,Europe,Southern Europe,Southern Europe
Malta,Austria,MLT,AUT,2011,40099,1379.07,Europe,Europe,Southern Europe,Western Europe
Finland,Denmark,FIN,DNK,2013,434697,884.6371,Europe,Europe,Northern Europe,Northern Europe
Gibraltar,Sweden,GIB,SWE,2013,34,3086.185,Europe,Europe,Southern Europe,Northern Europe
Austria,Slovenia,AUT,SVN,2013,372554,277.8844,Europe,Europe,Western Europe,Southern Europe
Greece,Belarus,GRC,BLR,2013,3126,1787.387,Europe,Europe,Southern Europe,Eastern Europe
Austria,Germany,AUT,DEU,2015,13922316,763.7314,Europe,Europe,Western Europe,Western Europe
Sweden,Macedonia (the former Yugoslav Republic of),SWE,MKD,2012,11870,1943.276,Europe,Europe,Northern Europe,Southern Europe
Malta,Ukraine,MLT,UKR,2015,5953,2062.274,Europe,Europe,Southern Europe,Eastern Europe
Netherlands,Croatia,NLD,HRV,2012,58357,1085.255,Europe,Europe,Western Europe,Southern Europe
Germany,Latvia,DEU,LVA,2013,323458,1265.433,Europe,Europe,Western Europe,Northern Europe
Poland,Russian Federation,POL,RUS,2013,5214657,1156.427,Europe,Europe,Eastern Europe,Eastern Europe
Ireland,Andorra,IRL,AND,2015,,1335.314,Europe,Europe,Northern Europe,Southern Europe
Bulgaria,Switzerland,BGR,CHE,2012,45566,1337.572,Europe,Europe,Eastern Europe,Western Europe
Slovenia,Sweden,SVN,SWE,2012,6573,1495.673,Europe,Europe,Southern Europe,Northern Europe
Malta,Belarus,MLT,BLR,2011,278,2236.243,Europe,Europe,Southern Europe,Eastern Europe
Germany,Italy,DEU,ITA,2014,11093806,1146.023,Europe,Europe,Western Europe,Southern Europe
Switzerland,Greece,CHE,GRC,2014,570832,1662.651,Europe,Europe,Western Europe,Southern Europe
Poland,Ireland,POL,IRL,2012,695666,1826.82,Europe,Europe,Eastern Europe,Northern Europe
Belarus,Spain,BLR,ESP,2014,29576,2762.7,Europe,Europe,Eastern Europe,Southern Europe
Malta,Denmark,MLT,DNK,2013,38596,2204.997,Europe,Europe,Southern Europe,Northern Europe
Ireland,Czechia,IRL,CZE,2012,74494,1465.218,Europe,Europe,Northern Europe,Eastern Europe
Romania,Moldova (Republic of),ROU,MDA,2014,1280108,,Europe,Europe,Eastern Europe,Eastern Europe
Macedonia (the former Yugoslav Republic of),Andorra,MKD,AND,2013,,1642.107,Europe,Europe,Southern Europe,Southern Europe
Germany,Latvia,DEU,LVA,2012,316472,1265.433,Europe,Europe,Western Europe,Northern Europe
Greece,United Kingdom of Great Britain and Northern Ireland,GRC,GBR,2012,2079794,2394.85,Europe,Europe,Southern Europe,Northern Europe
Romania,Luxembourg,ROU,LUX,2013,4832,,Europe,Europe,Eastern Europe,Western Europe
Moldova (Republic of),Netherlands,MDA,NLD,2016,6921,1813.739,Europe,Europe,Eastern Europe,Western Europe
Macedonia (the former Yugoslav Republic of),Croatia,MKD,HRV,2015,41297,610.8091,Europe,Europe,Southern Europe,Southern Europe
United Kingdom of Great Britain and Northern Ireland,Moldova (Republic of),GBR,MDA,2012,10848,2150.279,Europe,Europe,Northern Europe,Eastern Europe
Bosnia and Herzegovina,Slovenia,BIH,SVN,2013,73967,394.7473,Europe,Europe,Southern Europe,Southern Europe
Switzerland,Estonia,CHE,EST,2015,27660,1794.213,Europe,Europe,Western Europe,Northern Europe
San Marino,Austria,SMR,AUT,2016,,561.1404,Europe,Europe,Southern Europe,Western Europe
Slovakia,Bosnia and Herzegovina,SVK,BIH,2013,6348,488.4783,Europe,Europe,Eastern Europe,Southern Europe
Luxembourg,Malta,LUX,MLT,2011,2680,1669.155,Europe,Europe,Western Europe,Southern Europe
Denmark,Hungary,DNK,HUN,2012,98245,1011.98,Europe,Europe,Northern Europe,Eastern Europe
Andorra,Belarus,AND,BLR,2014,,2286.099,Europe,Europe,Southern Europe,Eastern Europe
Malta,Hungary,MLT,HUN,2013,22950,1343.903,Europe,Europe,Southern Europe,Eastern Europe
Andorra,France,AND,FRA,2014,0,711.5485,Europe,Europe,Southern Europe,Western Europe
San Marino,Switzerland,SMR,CHE,2016,,516.8909,Europe,Europe,Southern Europe,Western Europe
Belgium,Bulgaria,BEL,BGR,2013,111462,1699.686,Europe,Europe,Western Europe,Eastern Europe
Russian Federation,Norway,RUS,NOR,2011,98558,1649.799,Europe,Europe,Eastern Europe,Northern Europe
Belgium,Finland,BEL,FIN,2013,104880,1651.582,Europe,Europe,Western Europe,Northern Europe
Belgium,Romania,BEL,ROU,2015,246562,,Europe,Europe,Western Europe,Eastern Europe
Lithuania,Austria,LTU,AUT,2012,35014,948.9832,Europe,Europe,Northern Europe,Western Europe
Ukraine,France,UKR,FRA,2011,139742,2025.144,Europe,Europe,Eastern Europe,Western Europe
Belarus,Albania,BLR,ALB,2014,189,1505.639,Europe,Europe,Eastern Europe,Southern Europe
Slovenia,Poland,SVN,POL,2016,136462,834.402,Europe,Europe,Southern Europe,Eastern Europe
Moldova (Republic of),Austria,MDA,AUT,2014,14797,944.1378,Europe,Europe,Eastern Europe,Western Europe
Albania,Belgium,ALB,BEL,2011,43393,1589.107,Europe,Europe,Southern Europe,Western Europe
Austria,Czechia,AUT,CZE,2011,789300,252.4479,Europe,Europe,Western Europe,Eastern Europe
Greece,Norway,GRC,NOR,2011,194173,2606.405,Europe,Europe,Southern Europe,Northern Europe
Italy,Bulgaria,ITA,BGR,2014,260625,893.0574,Europe,Europe,Southern Europe,Eastern Europe
Spain,Russian Federation,ESP,RUS,2016,1172438,3449.3,Europe,Europe,Southern Europe,Eastern Europe
Malta,Lithuania,MLT,LTU,2012,11486,2248.596,Europe,Europe,Southern Europe,Northern Europe
Netherlands,Luxembourg,NLD,LUX,2011,25594,318.3489,Europe,Europe,Western Europe,Western Europe
Andorra,Ireland,AND,IRL,2013,,1335.314,Europe,Europe,Southern Europe,Northern Europe
Russian Federation,Slovenia,RUS,SVN,2016,52551,1937.979,Europe,Europe,Eastern Europe,Southern Europe
Spain,Albania,ESP,ALB,2015,14076,1977.061,Europe,Europe,Southern Europe,Southern Europe
Switzerland,Ukraine,CHE,UKR,2015,74397,1730.779,Europe,Europe,Western Europe,Eastern Europe
Denmark,Poland,DNK,POL,2013,232100,668.9079,Europe,Europe,Northern Europe,Eastern Europe
Germany,Ukraine,DEU,UKR,2016,418491,1646.271,Europe,Europe,Western Europe,Eastern Europe
Switzerland,Gibraltar,CHE,GIB,2012,109,1603.114,Europe,Europe,Western Europe,Southern Europe
Croatia,Czechia,HRV,CZE,2013,689527,492.0173,Europe,Europe,Southern Europe,Eastern Europe
Moldova (Republic of),Belgium,MDA,BEL,2012,4140,1831.669,Europe,Europe,Eastern Europe,Western Europe
Russian Federation,Poland,RUS,POL,2016,3068462,1156.427,Europe,Europe,Eastern Europe,Eastern Europe
Slovakia,Austria,SVK,AUT,2011,207063,59.61723,Europe,Europe,Eastern Europe,Western Europe
Ukraine,Denmark,UKR,DNK,2014,29673,1328.55,Europe,Europe,Eastern Europe,Northern Europe
Lithuania,Latvia,LTU,LVA,2016,2881857,263.4897,Europe,Europe,Northern Europe,Northern Europe
Denmark,Estonia,DNK,EST,2016,45676,836.2802,Europe,Europe,Northern Europe,Northern Europe
Greece,Russian Federation,GRC,RUS,2012,911261,2233.583,Europe,Europe,Southern Europe,Eastern Europe
Iceland,Ireland,ISL,IRL,2015,17913,1499.031,Europe,Europe,Northern Europe,Northern Europe
Norway,Ireland,NOR,IRL,2011,64296,1267.015,Europe,Europe,Northern Europe,Northern Europe
Bosnia and Herzegovina,Finland,BIH,FIN,2012,1951,1863.34,Europe,Europe,Southern Europe,Northern Europe
Czechia,Poland,CZE,POL,2013,13804402,516.6628,Europe,Europe,Eastern Europe,Eastern Europe
France,United Kingdom of Great Britain and Northern Ireland,FRA,GBR,2011,8656017,342.9475,Europe,Europe,Western Europe,Northern Europe
Spain,Portugal,ESP,PRT,2013,2980316,500.9223,Europe,Europe,Southern Europe,Southern Europe
Latvia,Spain,LVA,ESP,2013,54511,2715.85,Europe,Europe,Northern Europe,Southern Europe
Slovenia,Greece,SVN,GRC,2014,35536,1176.784,Europe,Europe,Southern Europe,Southern Europe
Ireland,Norway,IRL,NOR,2011,64335,1267.015,Europe,Europe,Northern Europe,Northern Europe
Greece,Moldova (Republic of),GRC,MDA,2016,18790,1084.991,Europe,Europe,Southern Europe,Eastern Europe
Sweden,Gibraltar,SWE,GIB,2014,69,3086.185,Europe,Europe,Northern Europe,Southern Europe
Greece,Finland,GRC,FIN,2014,62080,2465.045,Europe,Europe,Southern Europe,Northern Europe
Latvia,Hungary,LVA,HUN,2011,10119,1105.945,Europe,Europe,Northern Europe,Eastern Europe
Latvia,Germany,LVA,DEU,2014,360603,1265.433,Europe,Europe,Northern Europe,Western Europe
Denmark,Bosnia and Herzegovina,DNK,BIH,2014,17590,1377.807,Europe,Europe,Northern Europe,Southern Europe
France,Italy,FRA,ITA,2016,13125731,1109.901,Europe,Europe,Western Europe,Southern Europe
Portugal,Netherlands,PRT,NLD,2012,693708,1862.043,Europe,Europe,Southern Europe,Western Europe
Albania,Norway,ALB,NOR,2015,6964,2160.437,Europe,Europe,Southern Europe,Northern Europe
Ireland,Switzerland,IRL,CHE,2013,234406,1203.958,Europe,Europe,Northern Europe,Western Europe
Netherlands,United Kingdom of Great Britain and Northern Ireland,NLD,GBR,2016,6771308,360.315,Europe,Europe,Western Europe,Northern Europe
Bulgaria,Romania,BGR,ROU,2016,3270800,,Europe,Europe,Eastern Europe,Eastern Europe
Poland,Latvia,POL,LVA,2015,944112,559.8441,Europe,Europe,Eastern Europe,Northern Europe
Luxembourg,Portugal,LUX,PRT,2012,118777,1711.773,Europe,Europe,Western Europe,Southern Europe
Denmark,Estonia,DNK,EST,2013,43314,836.2802,Europe,Europe,Northern Europe,Northern Europe
Iceland,Greece,ISL,GRC,2013,791,4166.699,Europe,Europe,Northern Europe,Southern Europe
Romania,Andorra,ROU,AND,2014,,,Europe,Europe,Eastern Europe,Southern Europe
Switzerland,Malta,CHE,MLT,2011,49516,1363.745,Europe,Europe,Western Europe,Southern Europe
Netherlands,Croatia,NLD,HRV,2015,111967,1085.255,Europe,Europe,Western Europe,Southern Europe
Bulgaria,Malta,BGR,MLT,2016,35293,1065.425,Europe,Europe,Eastern Europe,Southern Europe
Bulgaria,Belarus,BGR,BLR,2013,131536,1282.432,Europe,Europe,Eastern Europe,Eastern Europe
Czechia,Iceland,CZE,ISL,2016,5675,2640.109,Europe,Europe,Eastern Europe,Northern Europe
Poland,Albania,POL,ALB,2015,3799,1218.313,Europe,Europe,Eastern Europe,Southern Europe
Estonia,Germany,EST,DEU,2014,164294,1421.076,Europe,Europe,Northern Europe,Western Europe
Iceland,Denmark,ISL,DNK,2013,193716,2111.384,Europe,Europe,Northern Europe,Northern Europe
Poland,Gibraltar,POL,GIB,2012,92,2736.609,Europe,Europe,Eastern Europe,Southern Europe
Ukraine,Romania,UKR,ROU,2011,1383627,,Europe,Europe,Eastern Europe,Eastern Europe
Spain,Estonia,ESP,EST,2015,74330,2895.384,Europe,Europe,Southern Europe,Northern Europe
Latvia,Spain,LVA,ESP,2016,76140,2715.85,Europe,Europe,Northern Europe,Southern Europe
Finland,Macedonia (the former Yugoslav Republic of),FIN,MKD,2016,2631,2032.59,Europe,Europe,Northern Europe,Southern Europe
Belgium,Estonia,BEL,EST,2013,29786,1601.098,Europe,Europe,Western Europe,Northern Europe
Spain,Germany,ESP,DEU,2012,14335040,1479.332,Europe,Europe,Southern Europe,Western Europe
Luxembourg,Moldova (Republic of),LUX,MDA,2011,174,1697.473,Europe,Europe,Western Europe,Eastern Europe
United Kingdom of Great Britain and Northern Ireland,Moldova (Republic of),GBR,MDA,2014,25218,2150.279,Europe,Europe,Northern Europe,Eastern Europe
Gibraltar,Greece,GIB,GRC,2013,114,2580.711,Europe,Europe,Southern Europe,Southern Europe
Norway,Austria,NOR,AUT,2011,99093,1351.699,Europe,Europe,Northern Europe,Western Europe
Belgium,Germany,BEL,DEU,2014,2178943,196.8761,Europe,Europe,Western Europe,Western Europe
United Kingdom of Great Britain and Northern Ireland,Portugal,GBR,PRT,2012,3211094,1583.091,Europe,Europe,Northern Europe,Southern Europe
Spain,Ukraine,ESP,UKR,2013,173976,2863.877,Europe,Europe,Southern Europe,Eastern Europe
Sweden,Switzerland,SWE,CHE,2015,389895,1546.508,Europe,Europe,Northern Europe,Western Europe
Croatia,Belgium,HRV,BEL,2016,193068,1024.412,Europe,Europe,Southern Europe,Western Europe
Latvia,France,LVA,FRA,2016,49853,1704.598,Europe,Europe,Northern Europe,Western Europe
Sweden,Slovakia,SWE,SVK,2015,760,1244.273,Europe,Europe,Northern Europe,Eastern Europe
Denmark,Iceland,DNK,ISL,2013,195000,2111.384,Europe,Europe,Northern Europe,Northern Europe
Germany,Andorra,DEU,AND,2013,,1080.611,Europe,Europe,Western Europe,Southern Europe
Austria,Norway,AUT,NOR,2016,160824,1351.699,Europe,Europe,Western Europe,Northern Europe
Russian Federation,Netherlands,RUS,NLD,2013,221255,2155.229,Europe,Europe,Eastern Europe,Western Europe
United Kingdom of Great Britain and Northern Ireland,Latvia,GBR,LVA,2016,556130,1680.389,Europe,Europe,Northern Europe,Northern Europe
Ukraine,Albania,UKR,ALB,2014,7001,1303.97,Europe,Europe,Eastern Europe,Southern Europe
Ukraine,San Marino,UKR,SMR,2011,5429,1535.241,Europe,Europe,Eastern Europe,Southern Europe
Russian Federation,Albania,RUS,ALB,2015,17934,2063.678,Europe,Europe,Eastern Europe,Southern Europe
Romania,Switzerland,ROU,CHE,2014,96269,,Europe,Europe,Eastern Europe,Western Europe
Portugal,Netherlands,PRT,NLD,2014,877238,1862.043,Europe,Europe,Southern Europe,Western Europe
Lithuania,Slovakia,LTU,SVK,2014,19828,918.5131,Europe,Europe,Northern Europe,Eastern Europe
Sweden,Denmark,SWE,DNK,2014,5007918,523.7871,Europe,Europe,Northern Europe,Northern Europe
Croatia,Greece,HRV,GRC,2016,45718,1079.422,Europe,Europe,Southern Europe,Southern Europe
Estonia,Slovenia,EST,SVN,2011,3860,1634.182,Europe,Europe,Northern Europe,Southern Europe
Switzerland,Portugal,CHE,PRT,2014,1041190,1626.974,Europe,Europe,Western Europe,Southern Europe
Slovakia,Luxembourg,SVK,LUX,2012,1804,821.1423,Europe,Europe,Eastern Europe,Western Europe
Denmark,Andorra,DNK,AND,2011,,1668.749,Europe,Europe,Northern Europe,Southern Europe
Germany,Russian Federation,DEU,RUS,2015,1951085,2065.183,Europe,Europe,Western Europe,Eastern Europe
Ukraine,Hungary,UKR,HUN,2011,1062051,896.3701,Europe,Europe,Eastern Europe,Eastern Europe
United Kingdom of Great Britain and Northern Ireland,Switzerland,GBR,CHE,2012,4086542,748.7117,Europe,Europe,Northern Europe,Western Europe
Moldova (Republic of),Macedonia (the former Yugoslav Republic of),MDA,MKD,2013,141,806.5962,Europe,Europe,Eastern Europe,Southern Europe
Croatia,Spain,HRV,ESP,2013,107134,1702.46,Europe,Europe,Southern Europe,Southern Europe
Croatia,Ireland,HRV,IRL,2011,40077,1799.206,Europe,Europe,Southern Europe,Northern Europe
Luxembourg,Estonia,LUX,EST,2014,3035,1614.171,Europe,Europe,Western Europe,Northern Europe
United Kingdom of Great Britain and Northern Ireland,Latvia,GBR,LVA,2013,395489,1680.389,Europe,Europe,Northern Europe,Northern Europe
Switzerland,Albania,CHE,ALB,2015,19911,1167.984,Europe,Europe,Western Europe,Southern Europe
Switzerland,Finland,CHE,FIN,2016,190854,1859.36,Europe,Europe,Western Europe,Northern Europe
Spain,Lithuania,ESP,LTU,2014,129523,2666.384,Europe,Europe,Southern Europe,Northern Europe
Belarus,Bulgaria,BLR,BGR,2013,131536,1282.432,Europe,Europe,Eastern Europe,Eastern Europe
Moldova (Republic of),Hungary,MDA,HUN,2013,2602,740.7287,Europe,Europe,Eastern Europe,Eastern Europe
France,Bulgaria,FRA,BGR,2011,118363,1760.707,Europe,Europe,Western Europe,Eastern Europe
Sweden,Albania,SWE,ALB,2013,4666,2006.998,Europe,Europe,Northern Europe,Southern Europe
Bulgaria,Germany,BGR,DEU,2014,986737,1571.797,Europe,Europe,Eastern Europe,Western Europe
Sweden,Italy,SWE,ITA,2016,795154,1980.122,Europe,Europe,Northern Europe,Southern Europe
Belgium,France,BEL,FRA,2015,5481220,262.3845,Europe,Europe,Western Europe,Western Europe
Bulgaria,France,BGR,FRA,2016,132126,1760.707,Europe,Europe,Eastern Europe,Western Europe
Albania,Hungary,ALB,HUN,2014,3048,689.0358,Europe,Europe,Southern Europe,Eastern Europe
Croatia,Malta,HRV,MLT,2015,5408,1108.396,Europe,Europe,Southern Europe,Southern Europe
Hungary,Iceland,HUN,ISL,2016,17672,3077.932,Europe,Europe,Eastern Europe,Northern Europe
Spain,Germany,ESP,DEU,2015,16837496,1479.332,Europe,Europe,Southern Europe,Western Europe
Estonia,Norway,EST,NOR,2015,92489,787.4166,Europe,Europe,Northern Europe,Northern Europe
Estonia,Austria,EST,AUT,2011,24600,1360.358,Europe,Europe,Northern Europe,Western Europe
France,Portugal,FRA,PRT,2013,2274091,1452.86,Europe,Europe,Western Europe,Southern Europe
Belgium,Gibraltar,BEL,GIB,2011,43,1810.312,Europe,Europe,Western Europe,Southern Europe
Norway,Netherlands,NOR,NLD,2013,634041,916.1565,Europe,Europe,Northern Europe,Western Europe
Poland,Andorra,POL,AND,2013,1,1817.341,Europe,Europe,Eastern Europe,Southern Europe
United Kingdom of Great Britain and Northern Ireland,Germany,GBR,DEU,2012,8744930,495.3633,Europe,Europe,Northern Europe,Western Europe
Slovenia,Belgium,SVN,BEL,2011,55031,916.7943,Europe,Europe,Southern Europe,Western Europe
Bulgaria,Belgium,BGR,BEL,2011,115542,1699.686,Europe,Europe,Eastern Europe,Western Europe
Iceland,Slovenia,ISL,SVN,2014,409,2999.913,Europe,Europe,Northern Europe,Southern Europe
Luxembourg,Finland,LUX,FIN,2014,8700,1671.633,Europe,Europe,Western Europe,Northern Europe
Switzerland,Luxembourg,CHE,LUX,2012,82490,309.8716,Europe,Europe,Western Europe,Western Europe
Germany,Austria,DEU,AUT,2016,14804927,763.7314,Europe,Europe,Western Europe,Western Europe
France,Estonia,FRA,EST,2013,34259,1859.091,Europe,Europe,Western Europe,Northern Europe
France,Denmark,FRA,DNK,2016,920398,1027.609,Europe,Europe,Western Europe,Northern Europe
Spain,Slovenia,ESP,SVN,2013,7200,1600.555,Europe,Europe,Southern Europe,Southern Europe
Ireland,United Kingdom of Great Britain and Northern Ireland,IRL,GBR,2011,8062578,460.4115,Europe,Europe,Northern Europe,Northern Europe
Denmark,Macedonia (the former Yugoslav Republic of),DNK,MKD,2016,23876,1651.324,Europe,Europe,Northern Europe,Southern Europe
Norway,Czechia,NOR,CZE,2016,142545,1117.156,Europe,Europe,Northern Europe,Eastern Europe
Finland,Netherlands,FIN,NLD,2016,213953,1505.523,Europe,Europe,Northern Europe,Western Europe
Hungary,Ireland,HUN,IRL,2013,115438,1895.995,Europe,Europe,Eastern Europe,Northern Europe
Hungary,Slovakia,HUN,SVK,2013,1010832,159.0699,Europe,Europe,Eastern Europe,Eastern Europe
Slovenia,France,SVN,FRA,2016,41856,965.7366,Europe,Europe,Southern Europe,Western Europe
Slovenia,Luxembourg,SVN,LUX,2016,3445,736.8185,Europe,Europe,Southern Europe,Western Europe
Gibraltar,Finland,GIB,FIN,2011,22,3434.65,Europe,Europe,Southern Europe,Northern Europe
Macedonia (the former Yugoslav Republic of),Andorra,MKD,AND,2016,,1642.107,Europe,Europe,Southern Europe,Southern Europe
Slovakia,Sweden,SVK,SWE,2011,8461,1244.273,Europe,Europe,Eastern Europe,Northern Europe
Malta,Netherlands,MLT,NLD,2015,81578,1981.948,Europe,Europe,Southern Europe,Western Europe
Italy,France,ITA,FRA,2012,12365750,1109.901,Europe,Europe,Southern Europe,Western Europe
Ukraine,Iceland,UKR,ISL,2013,680,3379.359,Europe,Europe,Eastern Europe,Northern Europe
Portugal,Andorra,PRT,AND,2014,,990.3965,Europe,Europe,Southern Europe,Southern Europe
Denmark,Moldova (Republic of),DNK,MDA,2011,1987,1479.282,Europe,Europe,Northern Europe,Eastern Europe
San Marino,Sweden,SMR,SWE,2012,,1753.689,Europe,Europe,Southern Europe,Northern Europe
Malta,Spain,MLT,ESP,2014,100829,1670.797,Europe,Europe,Southern Europe,Southern Europe
Belarus,Ukraine,BLR,UKR,2015,1898564,433.5281,Europe,Europe,Eastern Europe,Eastern Europe
Iceland,Slovakia,ISL,SVK,2013,4,2932.617,Europe,Europe,Northern Europe,Eastern Europe
Iceland,Gibraltar,ISL,GIB,2016,21,3312.355,Europe,Europe,Northern Europe,Southern Europe
Bulgaria,Estonia,BGR,EST,2012,7081,1866.91,Europe,Europe,Eastern Europe,Northern Europe
Denmark,Gibraltar,DNK,GIB,2014,61,2562.962,Europe,Europe,Northern Europe,Southern Europe
Portugal,Switzerland,PRT,CHE,2011,786814,1626.974,Europe,Europe,Southern Europe,Western Europe
Russian Federation,Portugal,RUS,PRT,2014,98958,3913.34,Europe,Europe,Eastern Europe,Southern Europe
Macedonia (the former Yugoslav Republic of),Czechia,MKD,CZE,2012,3918,1051.492,Europe,Europe,Southern Europe,Eastern Europe
Slovakia,Denmark,SVK,DNK,2014,2745,891.5908,Europe,Europe,Eastern Europe,Northern Europe
San Marino,Sweden,SMR,SWE,2015,,1753.689,Europe,Europe,Southern Europe,Northern Europe
Iceland,Albania,ISL,ALB,2014,75,3675.061,Europe,Europe,Northern Europe,Southern Europe
Austria,Portugal,AUT,PRT,2013,107028,2299.266,Europe,Europe,Western Europe,Southern Europe
Germany,Portugal,DEU,PRT,2016,2460944,1892.032,Europe,Europe,Western Europe,Southern Europe
Slovakia,Belgium,SVK,BEL,2014,43603,971.336,Europe,Europe,Eastern Europe,Western Europe
San Marino,Hungary,SMR,HUN,2013,,644.5287,Europe,Europe,Southern Europe,Eastern Europe
Croatia,Russian Federation,HRV,RUS,2014,151431,1875.36,Europe,Europe,Southern Europe,Eastern Europe
Poland,Russian Federation,POL,RUS,2016,3068462,1156.427,Europe,Europe,Eastern Europe,Eastern Europe
Croatia,Sweden,HRV,SWE,2011,99528,1512.846,Europe,Europe,Southern Europe,Northern Europe
France,Albania,FRA,ALB,2012,22901,1603.534,Europe,Europe,Western Europe,Southern Europe
Sweden,Iceland,SWE,ISL,2011,65335,2138.135,Europe,Europe,Northern Europe,Northern Europe
Portugal,Ireland,PRT,IRL,2012,421430,1639.821,Europe,Europe,Southern Europe,Northern Europe
Andorra,Romania,AND,ROU,2015,,,Europe,Europe,Southern Europe,Eastern Europe
Ukraine,San Marino,UKR,SMR,2012,6382,1535.241,Europe,Europe,Eastern Europe,Southern Europe
Bosnia and Herzegovina,Netherlands,BIH,NLD,2011,17457,1375.387,Europe,Europe,Southern Europe,Western Europe
Andorra,Gibraltar,AND,GIB,2011,,921.2926,Europe,Europe,Southern Europe,Southern Europe
Latvia,Netherlands,LVA,NLD,2011,33341,1332.481,Europe,Europe,Northern Europe,Western Europe
Portugal,United Kingdom of Great Britain and Northern Ireland,PRT,GBR,2016,5129814,1583.091,Europe,Europe,Southern Europe,Northern Europe
Portugal,Poland,PRT,POL,2016,254979,2760.441,Europe,Europe,Southern Europe,Eastern Europe
Spain,Bulgaria,ESP,BGR,2013,193215,2254.799,Europe,Europe,Southern Europe,Eastern Europe
Switzerland,Lithuania,CHE,LTU,2014,23304,1516.998,Europe,Europe,Western Europe,Northern Europe
Belarus,Greece,BLR,GRC,2016,3728,1787.387,Europe,Europe,Eastern Europe,Southern Europe
San Marino,Moldova (Republic of),SMR,MDA,2015,664,1317.19,Europe,Europe,Southern Europe,Eastern Europe
Macedonia (the former Yugoslav Republic of),Czechia,MKD,CZE,2011,6629,1051.492,Europe,Europe,Southern Europe,Eastern Europe
Estonia,Finland,EST,FIN,2014,78867,80.98481,Europe,Europe,Northern Europe,Northern Europe
Poland,Bosnia and Herzegovina,POL,BIH,2014,2412,952.2305,Europe,Europe,Eastern Europe,Southern Europe
Lithuania,Germany,LTU,DEU,2012,227750,1272.883,Europe,Europe,Northern Europe,Western Europe
Belgium,Sweden,BEL,SWE,2011,301514,1283.716,Europe,Europe,Western Europe,Northern Europe
Luxembourg,Albania,LUX,ALB,2013,676,1404.884,Europe,Europe,Western Europe,Southern Europe
Spain,Romania,ESP,ROU,2015,617101,,Europe,Europe,Southern Europe,Eastern Europe
Iceland,Czechia,ISL,CZE,2016,5790,2640.109,Europe,Europe,Northern Europe,Eastern Europe
Slovenia,Portugal,SVN,PRT,2013,3339,2096.808,Europe,Europe,Southern Europe,Southern Europe
Latvia,San Marino,LVA,SMR,2016,,1659.333,Europe,Europe,Northern Europe,Southern Europe
Ireland,Ukraine,IRL,UKR,2016,8220,2517.525,Europe,Europe,Northern Europe,Eastern Europe
Malta,Estonia,MLT,EST,2016,5676,2719.935,Europe,Europe,Southern Europe,Northern Europe
Portugal,Sweden,PRT,SWE,2014,118496,2990.966,Europe,Europe,Southern Europe,Northern Europe
Croatia,Gibraltar,HRV,GIB,2014,69,2079.915,Europe,Europe,Southern Europe,Southern Europe
San Marino,Czechia,SMR,CZE,2011,,700.1221,Europe,Europe,Southern Europe,Eastern Europe
Luxembourg,Austria,LUX,AUT,2015,72952,762.4356,Europe,Europe,Western Europe,Western Europe
Austria,Slovakia,AUT,SVK,2013,235553,59.61723,Europe,Europe,Western Europe,Eastern Europe
Romania,Malta,ROU,MLT,2013,8823,,Europe,Europe,Eastern Europe,Southern Europe
United Kingdom of Great Britain and Northern Ireland,Slovakia,GBR,SVK,2014,390786,1294.938,Europe,Europe,Northern Europe,Eastern Europe
Hungary,Albania,HUN,ALB,2011,9702,689.0358,Europe,Europe,Eastern Europe,Southern Europe
Malta,Poland,MLT,POL,2012,31142,1889.904,Europe,Europe,Southern Europe,Eastern Europe
Slovakia,Latvia,SVK,LVA,2015,17465,1083.025,Europe,Europe,Eastern Europe,Northern Europe
Denmark,Latvia,DNK,LVA,2014,80000,724.3204,Europe,Europe,Northern Europe,Northern Europe
Ireland,Luxembourg,IRL,LUX,2012,8888,953.1994,Europe,Europe,Northern Europe,Western Europe
Italy,Moldova (Republic of),ITA,MDA,2011,133776,1413.827,Europe,Europe,Southern Europe,Eastern Europe
Macedonia (the former Yugoslav Republic of),Netherlands,MKD,NLD,2012,12278,1694.944,Europe,Europe,Southern Europe,Western Europe
Belarus,Germany,BLR,DEU,2012,59967,1405.056,Europe,Europe,Eastern Europe,Western Europe
Albania,Estonia,ALB,EST,2016,1771,2041.537,Europe,Europe,Southern Europe,Northern Europe
Finland,Portugal,FIN,PRT,2016,104687,3362.978,Europe,Europe,Northern Europe,Southern Europe
Malta,Bosnia and Herzegovina,MLT,BIH,2016,906,946.8785,Europe,Europe,Southern Europe,Southern Europe
Poland,United Kingdom of Great Britain and Northern Ireland,POL,GBR,2013,3823134,1451.644,Europe,Europe,Eastern Europe,Northern Europe
Czechia,Ireland,CZE,IRL,2015,152498,1465.218,Europe,Europe,Eastern Europe,Northern Europe
Poland,Malta,POL,MLT,2016,105628,1889.904,Europe,Europe,Eastern Europe,Southern Europe
Denmark,Gibraltar,DNK,GIB,2013,56,2562.962,Europe,Europe,Northern Europe,Southern Europe
Portugal,San Marino,PRT,SMR,2011,,1891.408,Europe,Europe,Southern Europe,Southern Europe
Switzerland,Macedonia (the former Yugoslav Republic of),CHE,MKD,2015,160437,1240.798,Europe,Europe,Western Europe,Southern Europe
Romania,Denmark,ROU,DNK,2011,25538,,Europe,Europe,Eastern Europe,Northern Europe
Portugal,Czechia,PRT,CZE,2015,80175,2245.294,Europe,Europe,Southern Europe,Eastern Europe
Ireland,Gibraltar,IRL,GIB,2015,155,1915.628,Europe,Europe,Northern Europe,Southern Europe
Slovakia,Hungary,SVK,HUN,2011,659000,159.0699,Europe,Europe,Eastern Europe,Eastern Europe
Belarus,Romania,BLR,ROU,2011,56970,,Europe,Europe,Eastern Europe,Eastern Europe
Lithuania,Russian Federation,LTU,RUS,2016,399741,794.0689,Europe,Europe,Northern Europe,Eastern Europe
Denmark,Moldova (Republic of),DNK,MDA,2014,2744,1479.282,Europe,Europe,Northern Europe,Eastern Europe
Switzerland,Slovakia,CHE,SVK,2011,4771,742.9638,Europe,Europe,Western Europe,Eastern Europe
Lithuania,Estonia,LTU,EST,2012,87109,527.9267,Europe,Europe,Northern Europe,Northern Europe
Germany,Poland,DEU,POL,2011,26424192,965.9211,Europe,Europe,Western Europe,Eastern Europe
San Marino,Ireland,SMR,IRL,2011,,1720.421,Europe,Europe,Southern Europe,Northern Europe
Denmark,Austria,DNK,AUT,2015,391062,868.5304,Europe,Europe,Northern Europe,Western Europe
United Kingdom of Great Britain and Northern Ireland,Latvia,GBR,LVA,2011,409933,1680.389,Europe,Europe,Northern Europe,Northern Europe
Moldova (Republic of),Russian Federation,MDA,RUS,2012,1196495,1150.314,Europe,Europe,Eastern Europe,Eastern Europe
Austria,Gibraltar,AUT,GIB,2015,48,2226.795,Europe,Europe,Western Europe,Southern Europe
Norway,Macedonia (the former Yugoslav Republic of),NOR,MKD,2012,4372,2124.664,Europe,Europe,Northern Europe,Southern Europe
Finland,Austria,FIN,AUT,2014,105968,1437.813,Europe,Europe,Northern Europe,Western Europe
Spain,United Kingdom of Great Britain and Northern Ireland,ESP,GBR,2011,22135980,1263.379,Europe,Europe,Southern Europe,Northern Europe
Poland,Estonia,POL,EST,2014,188652,831.0393,Europe,Europe,Eastern Europe,Northern Europe
Macedonia (the former Yugoslav Republic of),Czechia,MKD,CZE,2016,6701,1051.492,Europe,Europe,Southern Europe,Eastern Europe
France,Malta,FRA,MLT,2011,151362,1752.693,Europe,Europe,Western Europe,Southern Europe
Poland,Italy,POL,ITA,2012,1647821,1319.479,Europe,Europe,Eastern Europe,Southern Europe
Ukraine,Albania,UKR,ALB,2016,14683,1303.97,Europe,Europe,Eastern Europe,Southern Europe
Italy,Bulgaria,ITA,BGR,2016,447312,893.0574,Europe,Europe,Southern Europe,Eastern Europe
Estonia,Ireland,EST,IRL,2013,16869,2005.127,Europe,Europe,Northern Europe,Northern Europe
Russian Federation,Belarus,RUS,BLR,2013,529493,686.9657,Europe,Europe,Eastern Europe,Eastern Europe
Netherlands,Switzerland,NLD,CHE,2015,936314,628.025,Europe,Europe,Western Europe,Western Europe
Austria,Norway,AUT,NOR,2014,143292,1351.699,Europe,Europe,Western Europe,Northern Europe
Albania,Portugal,ALB,PRT,2015,1817,2472.398,Europe,Europe,Southern Europe,Southern Europe
Ukraine,United Kingdom of Great Britain and Northern Ireland,UKR,GBR,2013,174838,2137.511,Europe,Europe,Eastern Europe,Northern Europe
Denmark,Greece,DNK,GRC,2015,248582,2135.535,Europe,Europe,Northern Europe,Southern Europe
Finland,United Kingdom of Great Britain and Northern Ireland,FIN,GBR,2016,522057,1826.928,Europe,Europe,Northern Europe,Northern Europe
Andorra,Latvia,AND,LVA,2016,,2266.706,Europe,Europe,Southern Europe,Northern Europe
Slovakia,Gibraltar,SVK,GIB,2015,5,2276.342,Europe,Europe,Eastern Europe,Southern Europe
Greece,Switzerland,GRC,CHE,2011,378563,1662.651,Europe,Europe,Southern Europe,Western Europe
Switzerland,Portugal,CHE,PRT,2013,904733,1626.974,Europe,Europe,Western Europe,Southern Europe
Ireland,Belgium,IRL,BEL,2012,311233,775.6281,Europe,Europe,Northern Europe,Western Europe
Iceland,Finland,ISL,FIN,2012,27463,2424.555,Europe,Europe,Northern Europe,Northern Europe
Norway,Moldova (Republic of),NOR,MDA,2016,3409,1858.963,Europe,Europe,Northern Europe,Eastern Europe
Romania,Czechia,ROU,CZE,2012,158758,,Europe,Europe,Eastern Europe,Eastern Europe
Malta,Italy,MLT,ITA,2011,513194,688.7803,Europe,Europe,Southern Europe,Southern Europe
Croatia,Netherlands,HRV,NLD,2012,57968,1085.255,Europe,Europe,Southern Europe,Western Europe
Sweden,Germany,SWE,DEU,2014,2441592,1118.929,Europe,Europe,Northern Europe,Western Europe
Slovakia,Macedonia (the former Yugoslav Republic of),SVK,MKD,2016,19145,764.715,Europe,Europe,Eastern Europe,Southern Europe
Poland,Hungary,POL,HUN,2014,893000,546.806,Europe,Europe,Eastern Europe,Eastern Europe
Ukraine,Spain,UKR,ESP,2014,180980,2863.877,Europe,Europe,Eastern Europe,Southern Europe
Sweden,Estonia,SWE,EST,2016,113390,377.9402,Europe,Europe,Northern Europe,Northern Europe
Netherlands,United Kingdom of Great Britain and Northern Ireland,NLD,GBR,2015,5940558,360.315,Europe,Europe,Western Europe,Northern Europe
Estonia,Croatia,EST,HRV,2015,18620,1624.37,Europe,Europe,Northern Europe,Southern Europe
Bosnia and Herzegovina,Portugal,BIH,PRT,2014,1700,2362.739,Europe,Europe,Southern Europe,Southern Europe
Lithuania,Belgium,LTU,BEL,2011,63401,1469.434,Europe,Europe,Northern Europe,Western Europe
Iceland,Estonia,ISL,EST,2012,1620,2454.359,Europe,Europe,Northern Europe,Northern Europe
Czechia,San Marino,CZE,SMR,2015,,700.1221,Europe,Europe,Eastern Europe,Southern Europe
Germany,Latvia,DEU,LVA,2016,512581,1265.433,Europe,Europe,Western Europe,Northern Europe
Hungary,Slovenia,HUN,SVN,2011,69096,381.6249,Europe,Europe,Eastern Europe,Southern Europe
Poland,Greece,POL,GRC,2013,415474,1600.171,Europe,Europe,Eastern Europe,Southern Europe
Belarus,Estonia,BLR,EST,2011,2192,641.8873,Europe,Europe,Eastern Europe,Northern Europe
Slovenia,Croatia,SVN,HRV,2011,1210296,117.3451,Europe,Europe,Southern Europe,Southern Europe
Slovakia,Bulgaria,SVK,BGR,2012,98113,776.8502,Europe,Europe,Eastern Europe,Eastern Europe
Slovenia,Bosnia and Herzegovina,SVN,BIH,2014,73088,394.7473,Europe,Europe,Southern Europe,Southern Europe
Belgium,Malta,BEL,MLT,2016,83525,1851.035,Europe,Europe,Western Europe,Southern Europe
Albania,Bulgaria,ALB,BGR,2011,42629,324.0465,Europe,Europe,Southern Europe,Eastern Europe
Russian Federation,Netherlands,RUS,NLD,2015,219684,2155.229,Europe,Europe,Eastern Europe,Western Europe
Spain,Bosnia and Herzegovina,ESP,BIH,2016,5274,1861.879,Europe,Europe,Southern Europe,Southern Europe
Moldova (Republic of),Lithuania,MDA,LTU,2011,1228,889.8586,Europe,Europe,Eastern Europe,Northern Europe
Belgium,Latvia,BEL,LVA,2014,59280,1456.065,Europe,Europe,Western Europe,Northern Europe
Lithuania,Austria,LTU,AUT,2011,32365,948.9832,Europe,Europe,Northern Europe,Western Europe
Belarus,Estonia,BLR,EST,2016,3249,641.8873,Europe,Europe,Eastern Europe,Northern Europe
Luxembourg,Greece,LUX,GRC,2016,61884,1904.941,Europe,Europe,Western Europe,Southern Europe
Romania,France,ROU,FRA,2012,300845,,Europe,Europe,Eastern Europe,Western Europe
Austria,Bulgaria,AUT,BGR,2016,285128,820.7289,Europe,Europe,Western Europe,Eastern Europe
Italy,Austria,ITA,AUT,2014,4295524,767.4132,Europe,Europe,Southern Europe,Western Europe
Switzerland,Greece,CHE,GRC,2012,374278,1662.651,Europe,Europe,Western Europe,Southern Europe
Lithuania,Moldova (Republic of),LTU,MDA,2011,1313,889.8586,Europe,Europe,Northern Europe,Eastern Europe
Portugal,Czechia,PRT,CZE,2013,51392,2245.294,Europe,Europe,Southern Europe,Eastern Europe
Hungary,Luxembourg,HUN,LUX,2011,7841,977.394,Europe,Europe,Eastern Europe,Western Europe
Bulgaria,Portugal,BGR,PRT,2015,24370,2754.19,Europe,Europe,Eastern Europe,Southern Europe
Czechia,Greece,CZE,GRC,2013,364487,1535.797,Europe,Europe,Eastern Europe,Southern Europe
Slovenia,Gibraltar,SVN,GIB,2016,0,1989.75,Europe,Europe,Southern Europe,Southern Europe
Austria,Poland,AUT,POL,2015,903921,556.8245,Europe,Europe,Western Europe,Eastern Europe
Switzerland,United Kingdom of Great Britain and Northern Ireland,CHE,GBR,2014,4333584,748.7117,Europe,Europe,Western Europe,Northern Europe
Greece,Spain,GRC,ESP,2016,493475,2372.903,Europe,Europe,Southern Europe,Southern Europe
Bulgaria,Hungary,BGR,HUN,2014,232068,632.9641,Europe,Europe,Eastern Europe,Eastern Europe
Greece,Estonia,GRC,EST,2015,26233,2384.76,Europe,Europe,Southern Europe,Northern Europe
Finland,Poland,FIN,POL,2011,157000,911.2882,Europe,Europe,Northern Europe,Eastern Europe
Estonia,Iceland,EST,ISL,2015,2652,2454.359,Europe,Europe,Northern Europe,Northern Europe
Albania,Slovakia,ALB,SVK,2016,10973,788.7294,Europe,Europe,Southern Europe,Eastern Europe
Slovenia,Andorra,SVN,AND,2014,,1107.667,Europe,Europe,Southern Europe,Southern Europe
Spain,Andorra,ESP,AND,2014,0,492.9274,Europe,Europe,Southern Europe,Southern Europe
Iceland,Finland,ISL,FIN,2014,40565,2424.555,Europe,Europe,Northern Europe,Northern Europe
Portugal,Poland,PRT,POL,2013,162773,2760.441,Europe,Europe,Southern Europe,Eastern Europe
United Kingdom of Great Britain and Northern Ireland,Sweden,GBR,SWE,2013,1744696,1437.571,Europe,Europe,Northern Europe,Northern Europe
Italy,Belgium,ITA,BEL,2014,2219693,1174.904,Europe,Europe,Southern Europe,Western Europe
Finland,Luxembourg,FIN,LUX,2015,11089,1671.633,Europe,Europe,Northern Europe,Western Europe
Belgium,Belarus,BEL,BLR,2011,4534,1601.903,Europe,Europe,Western Europe,Eastern Europe
Moldova (Republic of),Belarus,MDA,BLR,2013,1601,768.2014,Europe,Europe,Eastern Europe,Eastern Europe
Italy,Hungary,ITA,HUN,2012,885110,811.4083,Europe,Europe,Southern Europe,Eastern Europe
Luxembourg,Poland,LUX,POL,2015,25532,1080.571,Europe,Europe,Western Europe,Eastern Europe
Luxembourg,Poland,LUX,POL,2012,16084,1080.571,Europe,Europe,Western Europe,Eastern Europe
Andorra,Sweden,AND,SWE,2013,,2191.849,Europe,Europe,Southern Europe,Northern Europe
Ukraine,Germany,UKR,DEU,2014,404303,1646.271,Europe,Europe,Eastern Europe,Western Europe
Sweden,Poland,SWE,POL,2013,683199,809.0182,Europe,Europe,Northern Europe,Eastern Europe
Spain,Poland,ESP,POL,2012,604593,2293.005,Europe,Europe,Southern Europe,Eastern Europe
Switzerland,Poland,CHE,POL,2012,177138,1139.992,Europe,Europe,Western Europe,Eastern Europe
Denmark,Poland,DNK,POL,2012,202755,668.9079,Europe,Europe,Northern Europe,Eastern Europe
Ireland,Poland,IRL,POL,2016,697345,1826.82,Europe,Europe,Northern Europe,Eastern Europe
Norway,United Kingdom of Great Britain and Northern Ireland,NOR,GBR,2014,1753376,1157.104,Europe,Europe,Northern Europe,Northern Europe
Luxembourg,Bulgaria,LUX,BGR,2012,9855,1526.197,Europe,Europe,Western Europe,Eastern Europe
San Marino,Poland,SMR,POL,2014,,1117.929,Europe,Europe,Southern Europe,Eastern Europe
Slovenia,Poland,SVN,POL,2011,59626,834.402,Europe,Europe,Southern Europe,Eastern Europe
Malta,Poland,MLT,POL,2016,105765,1889.904,Europe,Europe,Southern Europe,Eastern Europe
United Kingdom of Great Britain and Northern Ireland,Poland,GBR,POL,2012,3439235,1451.644,Europe,Europe,Northern Europe,Eastern Europe
Latvia,Estonia,LVA,EST,2014,1299494,277.1711,Europe,Europe,Northern Europe,Northern Europe
Moldova (Republic of),Ireland,MDA,IRL,2015,9033,2569.662,Europe,Europe,Eastern Europe,Northern Europe
Slovakia,Luxembourg,SVK,LUX,2013,1878,821.1423,Europe,Europe,Eastern Europe,Western Europe
Portugal,Poland,PRT,POL,2015,218043,2760.441,Europe,Europe,Southern Europe,Eastern Europe
Estonia,Denmark,EST,DNK,2016,46457,836.2802,Europe,Europe,Northern Europe,Northern Europe
France,Poland,FRA,POL,2013,739009,1368.178,Europe,Europe,Western Europe,Eastern Europe
Croatia,Germany,HRV,DEU,2016,2377780,912.2662,Europe,Europe,Southern Europe,Western Europe
Sweden,Croatia,SWE,HRV,2013,128333,1512.846,Europe,Europe,Northern Europe,Southern Europe
Hungary,Macedonia (the former Yugoslav Republic of),HUN,MKD,2014,1861,641.169,Europe,Europe,Eastern Europe,Southern Europe
Iceland,Norway,ISL,NOR,2011,109255,1749.596,Europe,Europe,Northern Europe,Northern Europe
Albania,France,ALB,FRA,2013,20902,1603.534,Europe,Europe,Southern Europe,Western Europe
Slovakia,Poland,SVK,POL,2011,5792001,530.0169,Europe,Europe,Eastern Europe,Eastern Europe
Slovenia,Poland,SVN,POL,2012,63583,834.402,Europe,Europe,Southern Europe,Eastern Europe
Gibraltar,Poland,GIB,POL,2012,77,2736.609,Europe,Europe,Southern Europe,Eastern Europe
Netherlands,Poland,NLD,POL,2014,456242,1093.599,Europe,Europe,Western Europe,Eastern Europe
Belgium,Poland,BEL,POL,2011,303509,1160.644,Europe,Europe,Western Europe,Eastern Europe
Slovenia,Latvia,SVN,LVA,2016,2186,1378.849,Europe,Europe,Southern Europe,Northern Europe
Albania,Poland,ALB,POL,2011,3081,1218.313,Europe,Europe,Southern Europe,Eastern Europe
Denmark,Poland,DNK,POL,2015,356578,668.9079,Europe,Europe,Northern Europe,Eastern Europe
Austria,Bulgaria,AUT,BGR,2015,255578,820.7289,Europe,Europe,Western Europe,Eastern Europe
Belgium,Poland,BEL,POL,2016,485846,1160.644,Europe,Europe,Western Europe,Eastern Europe
Russian Federation,Poland,RUS,POL,2011,2554610,1156.427,Europe,Europe,Eastern Europe,Eastern Europe
Slovakia,Poland,SVK,POL,2015,6410358,530.0169,Europe,Europe,Eastern Europe,Eastern Europe
Andorra,Poland,AND,POL,2016,,1817.341,Europe,Europe,Southern Europe,Eastern Europe
Iceland,Poland,ISL,POL,2016,55986,2773.481,Europe,Europe,Northern Europe,Eastern Europe
Romania,Poland,ROU,POL,2015,593389,,Europe,Europe,Eastern Europe,Eastern Europe
Belarus,Iceland,BLR,ISL,2016,51,2965.109,Europe,Europe,Eastern Europe,Northern Europe
Ireland,Croatia,IRL,HRV,2012,29164,1799.206,Europe,Europe,Northern Europe,Southern Europe
Albania,Poland,ALB,POL,2015,3815,1218.313,Europe,Europe,Southern Europe,Eastern Europe
Malta,Poland,MLT,POL,2013,34517,1889.904,Europe,Europe,Southern Europe,Eastern Europe
Czechia,Poland,CZE,POL,2014,11822736,516.6628,Europe,Europe,Eastern Europe,Eastern Europe
Norway,Poland,NOR,POL,2013,925009,1062.053,Europe,Europe,Northern Europe,Eastern Europe
Croatia,Denmark,HRV,DNK,2016,114463,1123.37,Europe,Europe,Southern Europe,Northern Europe
San Marino,Romania,SMR,ROU,2016,18953,,Europe,Europe,Southern Europe,Eastern Europe
Bosnia and Herzegovina,Albania,BIH,ALB,2015,24250,303.8697,Europe,Europe,Southern Europe,Southern Europe
Ukraine,Netherlands,UKR,NLD,2014,64525,1781.716,Europe,Europe,Eastern Europe,Western Europe
Poland,Malta,POL,MLT,2012,30998,1889.904,Europe,Europe,Eastern Europe,Southern Europe
Sweden,United Kingdom of Great Britain and Northern Ireland,SWE,GBR,2012,1714589,1437.571,Europe,Europe,Northern Europe,Northern Europe
Andorra,France,AND,FRA,2015,0,711.5485,Europe,Europe,Southern Europe,Western Europe
Albania,Bulgaria,ALB,BGR,2014,57105,324.0465,Europe,Europe,Southern Europe,Eastern Europe
France,Switzerland,FRA,CHE,2015,2544832,436.0778,Europe,Europe,Western Europe,Western Europe
Belgium,Croatia,BEL,HRV,2013,169805,1024.412,Europe,Europe,Western Europe,Southern Europe
Spain,Croatia,ESP,HRV,2016,193419,1702.46,Europe,Europe,Southern Europe,Southern Europe
Portugal,Lithuania,PRT,LTU,2016,10813,3123.619,Europe,Europe,Southern Europe,Northern Europe
Greece,Romania,GRC,ROU,2013,354912,,Europe,Europe,Southern Europe,Eastern Europe
Belarus,Slovakia,BLR,SVK,2012,5949,959.4427,Europe,Europe,Eastern Europe,Eastern Europe
Finland,Czechia,FIN,CZE,2016,165404,1300.095,Europe,Europe,Northern Europe,Eastern Europe
Switzerland,France,CHE,FRA,2012,2184405,436.0778,Europe,Europe,Western Europe,Western Europe
United Kingdom of Great Britain and Northern Ireland,Lithuania,GBR,LTU,2015,634725,1729.554,Europe,Europe,Northern Europe,Northern Europe
Iceland,Latvia,ISL,LVA,2014,1665,2579.342,Europe,Europe,Northern Europe,Northern Europe
Belarus,Moldova (Republic of),BLR,MDA,2014,2404,768.2014,Europe,Europe,Eastern Europe,Eastern Europe
San Marino,Gibraltar,SMR,GIB,2013,,1746.044,Europe,Europe,Southern Europe,Southern Europe
Lithuania,Romania,LTU,ROU,2013,14061,,Europe,Europe,Northern Europe,Eastern Europe
Andorra,Netherlands,AND,NLD,2014,,1125.463,Europe,Europe,Southern Europe,Western Europe
Lithuania,Sweden,LTU,SWE,2015,101787,677.4822,Europe,Europe,Northern Europe,Northern Europe
Bosnia and Herzegovina,Luxembourg,BIH,LUX,2015,762,1131.459,Europe,Europe,Southern Europe,Western Europe
Germany,Bulgaria,DEU,BGR,2014,986737,1571.797,Europe,Europe,Western Europe,Eastern Europe
France,Latvia,FRA,LVA,2014,71169,1704.598,Europe,Europe,Western Europe,Northern Europe
Hungary,Croatia,HUN,HRV,2015,501990,302.1079,Europe,Europe,Eastern Europe,Southern Europe
Iceland,Gibraltar,ISL,GIB,2011,5,3312.355,Europe,Europe,Northern Europe,Southern Europe
Romania,Ukraine,ROU,UKR,2016,1829929,,Europe,Europe,Eastern Europe,Eastern Europe
Netherlands,Czechia,NLD,CZE,2016,356079,709.4576,Europe,Europe,Western Europe,Eastern Europe
Bosnia and Herzegovina,Ukraine,BIH,UKR,2011,601,1166.276,Europe,Europe,Southern Europe,Eastern Europe
Croatia,Poland,HRV,POL,2012,564134,805.9365,Europe,Europe,Southern Europe,Eastern Europe
Latvia,Malta,LVA,MLT,2013,2982,2449.608,Europe,Europe,Northern Europe,Southern Europe
Italy,Andorra,ITA,AND,2016,0,909.03,Europe,Europe,Southern Europe,Southern Europe
Austria,Russian Federation,AUT,RUS,2014,534957,1675.699,Europe,Europe,Western Europe,Eastern Europe
Portugal,Russian Federation,PRT,RUS,2015,86489,3913.34,Europe,Europe,Southern Europe,Eastern Europe
Russian Federation,Iceland,RUS,ISL,2016,7846,3316.138,Europe,Europe,Eastern Europe,Northern Europe
Spain,Belgium,ESP,BEL,2015,3651334,1316.64,Europe,Europe,Southern Europe,Western Europe
Belgium,Malta,BEL,MLT,2014,56079,1851.035,Europe,Europe,Western Europe,Southern Europe
Latvia,Germany,LVA,DEU,2011,299156,1265.433,Europe,Europe,Northern Europe,Western Europe
Iceland,Portugal,ISL,PRT,2016,4370,2952.572,Europe,Europe,Northern Europe,Southern Europe
Iceland,Luxembourg,ISL,LUX,2015,1036,2319.428,Europe,Europe,Northern Europe,Western Europe
Gibraltar,Andorra,GIB,AND,2013,,921.2926,Europe,Europe,Southern Europe,Southern Europe
Luxembourg,Norway,LUX,NOR,2016,8210,1184.92,Europe,Europe,Western Europe,Northern Europe
Bulgaria,Latvia,BGR,LVA,2014,14979,1590.733,Europe,Europe,Eastern Europe,Northern Europe
Belgium,Russian Federation,BEL,RUS,2016,136465,2261.25,Europe,Europe,Western Europe,Eastern Europe
Czechia,Ireland,CZE,IRL,2016,134832,1465.218,Europe,Europe,Eastern Europe,Northern Europe
Slovenia,Russian Federation,SVN,RUS,2011,53645,1937.979,Europe,Europe,Southern Europe,Eastern Europe
Moldova (Republic of),Slovakia,MDA,SVK,2016,86,884.5414,Europe,Europe,Eastern Europe,Eastern Europe
Poland,Moldova (Republic of),POL,MDA,2015,30634,811.762,Europe,Europe,Eastern Europe,Eastern Europe
Estonia,Iceland,EST,ISL,2011,1572,2454.359,Europe,Europe,Northern Europe,Northern Europe
Slovenia,United Kingdom of Great Britain and Northern Ireland,SVN,GBR,2014,126545,1230.756,Europe,Europe,Southern Europe,Northern Europe
Netherlands,Switzerland,NLD,CHE,2012,853071,628.025,Europe,Europe,Western Europe,Western Europe
France,Portugal,FRA,PRT,2016,3796950,1452.86,Europe,Europe,Western Europe,Southern Europe
Romania,Finland,ROU,FIN,2014,10566,,Europe,Europe,Eastern Europe,Northern Europe
Macedonia (the former Yugoslav Republic of),Belgium,MKD,BEL,2012,8303,1634.022,Europe,Europe,Southern Europe,Western Europe
Latvia,Bosnia and Herzegovina,LVA,BIH,2011,244,1509.34,Europe,Europe,Northern Europe,Southern Europe
Lithuania,San Marino,LTU,SMR,2015,,1509.381,Europe,Europe,Northern Europe,Southern Europe
San Marino,Ireland,SMR,IRL,2012,,1720.421,Europe,Europe,Southern Europe,Northern Europe
Latvia,Moldova (Republic of),LVA,MDA,2013,3805,1153.302,Europe,Europe,Northern Europe,Eastern Europe
Bosnia and Herzegovina,Macedonia (the former Yugoslav Republic of),BIH,MKD,2014,11182,322.8538,Europe,Europe,Southern Europe,Southern Europe
France,Belgium,FRA,BEL,2015,5481220,262.3845,Europe,Europe,Western Europe,Western Europe
Denmark,Ukraine,DNK,UKR,2016,35152,1328.55,Europe,Europe,Northern Europe,Eastern Europe
Germany,Moldova (Republic of),DEU,MDA,2014,46559,1656.772,Europe,Europe,Western Europe,Eastern Europe
Switzerland,Netherlands,CHE,NLD,2012,851189,628.025,Europe,Europe,Western Europe,Western Europe
Iceland,Andorra,ISL,AND,2015,,2833.952,Europe,Europe,Northern Europe,Southern Europe
Netherlands,Gibraltar,NLD,GIB,2012,243,1976.745,Europe,Europe,Western Europe,Southern Europe
France,Ukraine,FRA,UKR,2012,150156,2025.144,Europe,Europe,Western Europe,Eastern Europe
Austria,Andorra,AUT,AND,2011,,1322.201,Europe,Europe,Western Europe,Southern Europe
San Marino,Ukraine,SMR,UKR,2013,5943,1535.241,Europe,Europe,Southern Europe,Eastern Europe
Ireland,Slovakia,IRL,SVK,2012,69538,1736.948,Europe,Europe,Northern Europe,Eastern Europe
Belarus,Hungary,BLR,HUN,2016,7266,923.2194,Europe,Europe,Eastern Europe,Eastern Europe
Andorra,San Marino,AND,SMR,2016,,905.0686,Europe,Europe,Southern Europe,Southern Europe
Gibraltar,Poland,GIB,POL,2013,162,2736.609,Europe,Europe,Southern Europe,Eastern Europe
Lithuania,Norway,LTU,NOR,2011,79644,1048.369,Europe,Europe,Northern Europe,Northern Europe
Lithuania,France,LTU,FRA,2011,68465,1700.296,Europe,Europe,Northern Europe,Western Europe
United Kingdom of Great Britain and Northern Ireland,Iceland,GBR,ISL,2013,392211,1891.859,Europe,Europe,Northern Europe,Northern Europe
Austria,Portugal,AUT,PRT,2011,105369,2299.266,Europe,Europe,Western Europe,Southern Europe
Netherlands,Bosnia and Herzegovina,NLD,BIH,2011,17729,1375.387,Europe,Europe,Western Europe,Southern Europe
Slovakia,Ireland,SVK,IRL,2016,90886,1736.948,Europe,Europe,Eastern Europe,Northern Europe
Ukraine,Portugal,UKR,PRT,2014,30262,3351.661,Europe,Europe,Eastern Europe,Southern Europe
Russian Federation,Iceland,RUS,ISL,2013,9683,3316.138,Europe,Europe,Eastern Europe,Northern Europe
Poland,Portugal,POL,PRT,2015,218043,2760.441,Europe,Europe,Eastern Europe,Southern Europe
Iceland,Portugal,ISL,PRT,2015,2380,2952.572,Europe,Europe,Northern Europe,Southern Europe
Austria,Portugal,AUT,PRT,2016,177733,2299.266,Europe,Europe,Western Europe,Southern Europe
San Marino,Portugal,SMR,PRT,2013,,1891.408,Europe,Europe,Southern Europe,Southern Europe
Malta,Gibraltar,MLT,GIB,2014,213,1787.032,Europe,Europe,Southern Europe,Southern Europe
Norway,Portugal,NOR,PRT,2014,122942,2739.748,Europe,Europe,Northern Europe,Southern Europe
Norway,Poland,NOR,POL,2016,1208951,1062.053,Europe,Europe,Northern Europe,Eastern Europe
Denmark,San Marino,DNK,SMR,2011,,1304.072,Europe,Europe,Northern Europe,Southern Europe
Estonia,Netherlands,EST,NLD,2014,30106,1459.083,Europe,Europe,Northern Europe,Western Europe
Germany,Greece,DEU,GRC,2014,3049867,1990.582,Europe,Europe,Western Europe,Southern Europe
Finland,Portugal,FIN,PRT,2013,54088,3362.978,Europe,Europe,Northern Europe,Southern Europe
Portugal,France,PRT,FRA,2013,2274653,1452.86,Europe,Europe,Southern Europe,Western Europe
Bulgaria,Portugal,BGR,PRT,2013,16060,2754.19,Europe,Europe,Eastern Europe,Southern Europe
Croatia,Portugal,HRV,PRT,2014,22808,2200.561,Europe,Europe,Southern Europe,Southern Europe
Macedonia (the former Yugoslav Republic of),Portugal,MKD,PRT,2011,954,2606.129,Europe,Europe,Southern Europe,Southern Europe
Ireland,Lithuania,IRL,LTU,2016,125099,2052.635,Europe,Europe,Northern Europe,Northern Europe
Slovakia,Albania,SVK,ALB,2016,10973,788.7294,Europe,Europe,Eastern Europe,Southern Europe
Belgium,Moldova (Republic of),BEL,MDA,2015,6023,1831.669,Europe,Europe,Western Europe,Eastern Europe
Belarus,Poland,BLR,POL,2013,3953126,469.7038,Europe,Europe,Eastern Europe,Eastern Europe
Estonia,Italy,EST,ITA,2013,57182,2126.436,Europe,Europe,Northern Europe,Southern Europe
Andorra,Portugal,AND,PRT,2014,,990.3965,Europe,Europe,Southern Europe,Southern Europe
Hungary,San Marino,HUN,SMR,2014,,644.5287,Europe,Europe,Eastern Europe,Southern Europe
Sweden,Portugal,SWE,PRT,2012,105972,2990.966,Europe,Europe,Northern Europe,Southern Europe
Hungary,Portugal,HUN,PRT,2013,57956,2471.427,Europe,Europe,Eastern Europe,Southern Europe
Ukraine,Poland,UKR,POL,2012,8144086,690.8161,Europe,Europe,Eastern Europe,Eastern Europe
Belarus,Moldova (Republic of),BLR,MDA,2011,929,768.2014,Europe,Europe,Eastern Europe,Eastern Europe
Switzerland,Portugal,CHE,PRT,2015,1223497,1626.974,Europe,Europe,Western Europe,Southern Europe
Luxembourg,Albania,LUX,ALB,2016,1395,1404.884,Europe,Europe,Western Europe,Southern Europe
Lithuania,Portugal,LTU,PRT,2015,9746,3123.619,Europe,Europe,Northern Europe,Southern Europe
Sweden,France,SWE,FRA,2014,1122371,1545.797,Europe,Europe,Northern Europe,Western Europe
Russian Federation,Slovenia,RUS,SVN,2014,68468,1937.979,Europe,Europe,Eastern Europe,Southern Europe
Austria,Luxembourg,AUT,LUX,2016,77616,762.4356,Europe,Europe,Western Europe,Western Europe
United Kingdom of Great Britain and Northern Ireland,Russian Federation,GBR,RUS,2016,477978,2510.88,Europe,Europe,Northern Europe,Eastern Europe
Russian Federation,Luxembourg,RUS,LUX,2012,12769,2214.132,Europe,Europe,Eastern Europe,Western Europe
Belgium,Portugal,BEL,PRT,2015,772714,1711.396,Europe,Europe,Western Europe,Southern Europe
Germany,Russian Federation,DEU,RUS,2012,2210147,2065.183,Europe,Europe,Western Europe,Eastern Europe
Moldova (Republic of),Portugal,MDA,PRT,2016,14821,3195.949,Europe,Europe,Eastern Europe,Southern Europe
Lithuania,Portugal,LTU,PRT,2016,10045,3123.619,Europe,Europe,Northern Europe,Southern Europe
Macedonia (the former Yugoslav Republic of),Portugal,MKD,PRT,2015,1301,2606.129,Europe,Europe,Southern Europe,Southern Europe
Romania,Portugal,ROU,PRT,2012,69472,,Europe,Europe,Eastern Europe,Southern Europe
Andorra,Portugal,AND,PRT,2016,,990.3965,Europe,Europe,Southern Europe,Southern Europe
Bulgaria,Portugal,BGR,PRT,2016,28149,2754.19,Europe,Europe,Eastern Europe,Southern Europe
Denmark,Portugal,DNK,PRT,2014,170528,2478.47,Europe,Europe,Northern Europe,Southern Europe
Gibraltar,Hungary,GIB,HUN,2014,63,2371.369,Europe,Europe,Southern Europe,Eastern Europe
Ukraine,Sweden,UKR,SWE,2015,34106,1267.46,Europe,Europe,Eastern Europe,Northern Europe
Gibraltar,Portugal,GIB,PRT,2016,63,442.1214,Europe,Europe,Southern Europe,Southern Europe
Malta,Portugal,MLT,PRT,2015,8501,2112.431,Europe,Europe,Southern Europe,Southern Europe
France,Lithuania,FRA,LTU,2014,104978,1700.296,Europe,Europe,Western Europe,Northern Europe
Norway,Russian Federation,NOR,RUS,2015,113228,1649.799,Europe,Europe,Northern Europe,Eastern Europe
Macedonia (the former Yugoslav Republic of),Albania,MKD,ALB,2012,412693,155.9628,Europe,Europe,Southern Europe,Southern Europe
France,United Kingdom of Great Britain and Northern Ireland,FRA,GBR,2013,9347016,342.9475,Europe,Europe,Western Europe,Northern Europe
Bosnia and Herzegovina,Portugal,BIH,PRT,2013,1056,2362.739,Europe,Europe,Southern Europe,Southern Europe
Slovenia,Portugal,SVN,PRT,2014,4349,2096.808,Europe,Europe,Southern Europe,Southern Europe
Macedonia (the former Yugoslav Republic of),Portugal,MKD,PRT,2013,776,2606.129,Europe,Europe,Southern Europe,Southern Europe
Slovakia,Portugal,SVK,PRT,2012,268,2354.293,Europe,Europe,Eastern Europe,Southern Europe
Latvia,Portugal,LVA,PRT,2016,12988,3152.139,Europe,Europe,Northern Europe,Southern Europe
Moldova (Republic of),Portugal,MDA,PRT,2013,8783,3195.949,Europe,Europe,Eastern Europe,Southern Europe
Albania,Portugal,ALB,PRT,2014,1455,2472.398,Europe,Europe,Southern Europe,Southern Europe
Sweden,Lithuania,SWE,LTU,2014,63022,677.4822,Europe,Europe,Northern Europe,Northern Europe
Spain,Portugal,ESP,PRT,2014,3356704,500.9223,Europe,Europe,Southern Europe,Southern Europe
Spain,Ireland,ESP,IRL,2013,2067879,1450.236,Europe,Europe,Southern Europe,Northern Europe
Iceland,Italy,ISL,ITA,2016,52015,3307.978,Europe,Europe,Northern Europe,Southern Europe
Sweden,Slovenia,SWE,SVN,2013,5746,1495.673,Europe,Europe,Northern Europe,Southern Europe
Spain,Iceland,ESP,ISL,2014,50039,2894.701,Europe,Europe,Southern Europe,Northern Europe
Belgium,San Marino,BEL,SMR,2016,21495,980.1509,Europe,Europe,Western Europe,Southern Europe
Andorra,Estonia,AND,EST,2014,,2464.161,Europe,Europe,Southern Europe,Northern Europe
Romania,Netherlands,ROU,NLD,2016,152304,,Europe,Europe,Eastern Europe,Western Europe
Poland,Finland,POL,FIN,2011,157000,911.2882,Europe,Europe,Eastern Europe,Northern Europe
Hungary,Slovenia,HUN,SVN,2012,68856,381.6249,Europe,Europe,Eastern Europe,Southern Europe
Netherlands,Austria,NLD,AUT,2013,409145,934.7828,Europe,Europe,Western Europe,Western Europe
Slovenia,Romania,SVN,ROU,2012,41379,,Europe,Europe,Southern Europe,Eastern Europe
Bosnia and Herzegovina,Austria,BIH,AUT,2016,33847,509.7472,Europe,Europe,Southern Europe,Western Europe
Malta,Italy,MLT,ITA,2013,532184,688.7803,Europe,Europe,Southern Europe,Southern Europe
Bosnia and Herzegovina,Bulgaria,BIH,BGR,2013,44760,416.3402,Europe,Europe,Southern Europe,Eastern Europe
Belarus,Ukraine,BLR,UKR,2016,1827485,433.5281,Europe,Europe,Eastern Europe,Eastern Europe
Hungary,Malta,HUN,MLT,2016,58154,1343.903,Europe,Europe,Eastern Europe,Southern Europe
Belarus,Malta,BLR,MLT,2011,302,2236.243,Europe,Europe,Eastern Europe,Southern Europe
Denmark,Greece,DNK,GRC,2016,254665,2135.535,Europe,Europe,Northern Europe,Southern Europe
Germany,Austria,DEU,AUT,2013,13389629,763.7314,Europe,Europe,Western Europe,Western Europe
Czechia,France,CZE,FRA,2011,636004,884.6105,Europe,Europe,Eastern Europe,Western Europe
Estonia,Bosnia and Herzegovina,EST,BIH,2015,346,1782.909,Europe,Europe,Northern Europe,Southern Europe
Portugal,Slovenia,PRT,SVN,2011,4205,2096.808,Europe,Europe,Southern Europe,Southern Europe
Lithuania,Latvia,LTU,LVA,2011,1855085,263.4897,Europe,Europe,Northern Europe,Northern Europe
France,Malta,FRA,MLT,2014,180781,1752.693,Europe,Europe,Western Europe,Southern Europe
Poland,Gibraltar,POL,GIB,2016,127,2736.609,Europe,Europe,Eastern Europe,Southern Europe
Macedonia (the former Yugoslav Republic of),Luxembourg,MKD,LUX,2016,726,1454.307,Europe,Europe,Southern Europe,Western Europe
Hungary,Lithuania,HUN,LTU,2015,7936,910.8107,Europe,Europe,Eastern Europe,Northern Europe
Spain,Ireland,ESP,IRL,2014,2277167,1450.236,Europe,Europe,Southern Europe,Northern Europe
France,Poland,FRA,POL,2012,646501,1368.178,Europe,Europe,Western Europe,Eastern Europe
Iceland,Finland,ISL,FIN,2015,43030,2424.555,Europe,Europe,Northern Europe,Northern Europe
Andorra,Greece,AND,GRC,2014,,1947.636,Europe,Europe,Southern Europe,Southern Europe
Bosnia and Herzegovina,Denmark,BIH,DNK,2015,14835,1377.807,Europe,Europe,Southern Europe,Northern Europe
Portugal,Luxembourg,PRT,LUX,2015,232953,1711.773,Europe,Europe,Southern Europe,Western Europe
Slovakia,Bulgaria,SVK,BGR,2013,90066,776.8502,Europe,Europe,Eastern Europe,Eastern Europe
Lithuania,Ireland,LTU,IRL,2014,125064,2052.635,Europe,Europe,Northern Europe,Northern Europe
Russian Federation,Albania,RUS,ALB,2014,23486,2063.678,Europe,Europe,Eastern Europe,Southern Europe
Moldova (Republic of),Russian Federation,MDA,RUS,2011,1072041,1150.314,Europe,Europe,Eastern Europe,Eastern Europe
Germany,Ukraine,DEU,UKR,2012,500038,1646.271,Europe,Europe,Western Europe,Eastern Europe
Iceland,Netherlands,ISL,NLD,2016,120434,2022.635,Europe,Europe,Northern Europe,Western Europe
Czechia,Ukraine,CZE,UKR,2015,143585,1141.565,Europe,Europe,Eastern Europe,Eastern Europe
Ireland,Poland,IRL,POL,2015,686186,1826.82,Europe,Europe,Northern Europe,Eastern Europe
Bulgaria,Gibraltar,BGR,GIB,2013,82,2555.137,Europe,Europe,Eastern Europe,Southern Europe
Sweden,Russian Federation,SWE,RUS,2014,586710,1232.383,Europe,Europe,Northern Europe,Eastern Europe
Switzerland,Russian Federation,CHE,RUS,2013,415440,2296.397,Europe,Europe,Western Europe,Eastern Europe
Latvia,Czechia,LVA,CZE,2013,58557,993.2449,Europe,Europe,Northern Europe,Eastern Europe
Switzerland,Ireland,CHE,IRL,2012,231097,1203.958,Europe,Europe,Western Europe,Northern Europe
Sweden,Latvia,SWE,LVA,2015,130705,441.6495,Europe,Europe,Northern Europe,Northern Europe
Bulgaria,Malta,BGR,MLT,2015,29973,1065.425,Europe,Europe,Eastern Europe,Southern Europe
Croatia,Slovenia,HRV,SVN,2011,1210296,117.3451,Europe,Europe,Southern Europe,Southern Europe
Belarus,Iceland,BLR,ISL,2012,46,2965.109,Europe,Europe,Eastern Europe,Northern Europe
Belarus,Latvia,BLR,LVA,2015,162975,406.3581,Europe,Europe,Eastern Europe,Northern Europe
Greece,Luxembourg,GRC,LUX,2015,56279,1904.941,Europe,Europe,Southern Europe,Western Europe
San Marino,Portugal,SMR,PRT,2012,,1891.408,Europe,Europe,Southern Europe,Southern Europe
Slovenia,Switzerland,SVN,CHE,2015,53072,549.9726,Europe,Europe,Southern Europe,Western Europe
Bosnia and Herzegovina,Latvia,BIH,LVA,2014,481,1509.34,Europe,Europe,Southern Europe,Northern Europe
San Marino,Spain,SMR,ESP,2015,,1390.619,Europe,Europe,Southern Europe,Southern Europe
Norway,Romania,NOR,ROU,2011,20630,,Europe,Europe,Northern Europe,Eastern Europe
Iceland,Norway,ISL,NOR,2014,167898,1749.596,Europe,Europe,Northern Europe,Northern Europe
Gibraltar,Romania,GIB,ROU,2012,43,,Europe,Europe,Southern Europe,Eastern Europe
United Kingdom of Great Britain and Northern Ireland,Denmark,GBR,DNK,2016,2659830,959.5936,Europe,Europe,Northern Europe,Northern Europe
Spain,Ireland,ESP,IRL,2016,2660249,1450.236,Europe,Europe,Southern Europe,Northern Europe
Bosnia and Herzegovina,France,BIH,FRA,2013,9654,1352.463,Europe,Europe,Southern Europe,Western Europe
Malta,Netherlands,MLT,NLD,2016,80941,1981.948,Europe,Europe,Southern Europe,Western Europe
Estonia,Ireland,EST,IRL,2011,31683,2005.127,Europe,Europe,Northern Europe,Northern Europe
Bulgaria,Iceland,BGR,ISL,2013,413,3709.101,Europe,Europe,Eastern Europe,Northern Europe
Netherlands,Bosnia and Herzegovina,NLD,BIH,2015,31686,1375.387,Europe,Europe,Western Europe,Southern Europe
Austria,Italy,AUT,ITA,2011,4292171,767.4132,Europe,Europe,Western Europe,Southern Europe
Bosnia and Herzegovina,Norway,BIH,NOR,2013,12390,1859.721,Europe,Europe,Southern Europe,Northern Europe
Russian Federation,Norway,RUS,NOR,2014,171818,1649.799,Europe,Europe,Eastern Europe,Northern Europe
Austria,Spain,AUT,ESP,2013,952159,1811.999,Europe,Europe,Western Europe,Southern Europe
Albania,Czechia,ALB,CZE,2014,3019,1060.922,Europe,Europe,Southern Europe,Eastern Europe
Norway,Sweden,NOR,SWE,2016,1316858,417.5658,Europe,Europe,Northern Europe,Northern Europe
Luxembourg,Portugal,LUX,PRT,2015,231923,1711.773,Europe,Europe,Western Europe,Southern Europe
Netherlands,Malta,NLD,MLT,2015,82559,1981.948,Europe,Europe,Western Europe,Southern Europe
Portugal,Sweden,PRT,SWE,2015,143537,2990.966,Europe,Europe,Southern Europe,Northern Europe
Finland,Belgium,FIN,BEL,2012,126547,1651.582,Europe,Europe,Northern Europe,Western Europe
Bulgaria,Denmark,BGR,DNK,2015,37513,1639.385,Europe,Europe,Eastern Europe,Northern Europe
Norway,Denmark,NOR,DNK,2016,2168988,485.3148,Europe,Europe,Northern Europe,Northern Europe
Gibraltar,Andorra,GIB,AND,2015,,921.2926,Europe,Europe,Southern Europe,Southern Europe
Belgium,Slovakia,BEL,SVK,2014,44845,971.336,Europe,Europe,Western Europe,Eastern Europe
Ukraine,Germany,UKR,DEU,2012,497582,1646.271,Europe,Europe,Eastern Europe,Western Europe
Poland,Estonia,POL,EST,2011,147093,831.0393,Europe,Europe,Eastern Europe,Northern Europe
Czechia,Switzerland,CZE,CHE,2014,205017,623.4171,Europe,Europe,Eastern Europe,Western Europe
San Marino,Ukraine,SMR,UKR,2014,5770,1535.241,Europe,Europe,Southern Europe,Eastern Europe
Luxembourg,Denmark,LUX,DNK,2014,88330,802.2173,Europe,Europe,Western Europe,Northern Europe
Luxembourg,Romania,LUX,ROU,2015,6096,,Europe,Europe,Western Europe,Eastern Europe
San Marino,Luxembourg,SMR,LUX,2015,,792.4816,Europe,Europe,Southern Europe,Western Europe
Poland,Ukraine,POL,UKR,2011,7550104,690.8161,Europe,Europe,Eastern Europe,Eastern Europe
France,Iceland,FRA,ISL,2011,61315,2234.723,Europe,Europe,Western Europe,Northern Europe
Finland,San Marino,FIN,SMR,2014,,1986.678,Europe,Europe,Northern Europe,Southern Europe
Norway,Luxembourg,NOR,LUX,2015,8563,1184.92,Europe,Europe,Northern Europe,Western Europe
United Kingdom of Great Britain and Northern Ireland,Lithuania,GBR,LTU,2011,455239,1729.554,Europe,Europe,Northern Europe,Northern Europe
Finland,Macedonia (the former Yugoslav Republic of),FIN,MKD,2015,2191,2032.59,Europe,Europe,Northern Europe,Southern Europe
Romania,San Marino,ROU,SMR,2012,3862,,Europe,Europe,Eastern Europe,Southern Europe
Switzerland,Denmark,CHE,DNK,2012,358271,1033.508,Europe,Europe,Western Europe,Northern Europe
Belarus,Andorra,BLR,AND,2013,,2286.099,Europe,Europe,Eastern Europe,Southern Europe
Slovenia,Russian Federation,SVN,RUS,2013,70872,1937.979,Europe,Europe,Southern Europe,Eastern Europe
Switzerland,Luxembourg,CHE,LUX,2013,72287,309.8716,Europe,Europe,Western Europe,Western Europe
Denmark,Russian Federation,DNK,RUS,2012,100774,1566.362,Europe,Europe,Northern Europe,Eastern Europe
Hungary,Lithuania,HUN,LTU,2013,5796,910.8107,Europe,Europe,Eastern Europe,Northern Europe
Switzerland,Romania,CHE,ROU,2013,67139,,Europe,Europe,Western Europe,Eastern Europe
Gibraltar,Estonia,GIB,EST,2013,17,3375.481,Europe,Europe,Southern Europe,Northern Europe
Luxembourg,Croatia,LUX,HRV,2011,1904,847.312,Europe,Europe,Western Europe,Southern Europe
Iceland,Netherlands,ISL,NLD,2012,48844,2022.635,Europe,Europe,Northern Europe,Western Europe
San Marino,Luxembourg,SMR,LUX,2016,,792.4816,Europe,Europe,Southern Europe,Western Europe
Albania,Gibraltar,ALB,GIB,2013,0,2251.487,Europe,Europe,Southern Europe,Southern Europe
Norway,Sweden,NOR,SWE,2012,5697455,417.5658,Europe,Europe,Northern Europe,Northern Europe
Albania,Belarus,ALB,BLR,2011,26,1505.639,Europe,Europe,Southern Europe,Eastern Europe
Finland,Belgium,FIN,BEL,2013,107566,1651.582,Europe,Europe,Northern Europe,Western Europe
San Marino,Romania,SMR,ROU,2015,5970,,Europe,Europe,Southern Europe,Eastern Europe
Luxembourg,San Marino,LUX,SMR,2013,,792.4816,Europe,Europe,Western Europe,Southern Europe
Albania,Sweden,ALB,SWE,2016,9818,2006.998,Europe,Europe,Southern Europe,Northern Europe
Croatia,Greece,HRV,GRC,2011,19087,1079.422,Europe,Europe,Southern Europe,Southern Europe
Bosnia and Herzegovina,Slovakia,BIH,SVK,2015,4363,488.4783,Europe,Europe,Southern Europe,Eastern Europe
Gibraltar,Belgium,GIB,BEL,2013,63,1810.312,Europe,Europe,Southern Europe,Western Europe
Czechia,United Kingdom of Great Britain and Northern Ireland,CZE,GBR,2015,1273786,1036.988,Europe,Europe,Eastern Europe,Northern Europe
Czechia,Slovenia,CZE,SVN,2013,96299,448.934,Europe,Europe,Eastern Europe,Southern Europe
Macedonia (the former Yugoslav Republic of),Poland,MKD,POL,2015,3556,1141.357,Europe,Europe,Southern Europe,Eastern Europe
Austria,Norway,AUT,NOR,2012,135396,1351.699,Europe,Europe,Western Europe,Northern Europe
Slovenia,Poland,SVN,POL,2013,66478,834.402,Europe,Europe,Southern Europe,Eastern Europe
Russian Federation,Albania,RUS,ALB,2016,16631,2063.678,Europe,Europe,Eastern Europe,Southern Europe
Bulgaria,United Kingdom of Great Britain and Northern Ireland,BGR,GBR,2011,552224,2019.341,Europe,Europe,Eastern Europe,Northern Europe
Austria,Andorra,AUT,AND,2015,,1322.201,Europe,Europe,Western Europe,Southern Europe
Croatia,Albania,HRV,ALB,2014,2718,585.956,Europe,Europe,Southern Europe,Southern Europe
Bulgaria,Estonia,BGR,EST,2016,21702,1866.91,Europe,Europe,Eastern Europe,Northern Europe
San Marino,Estonia,SMR,EST,2015,,1911.032,Europe,Europe,Southern Europe,Northern Europe
Albania,Belgium,ALB,BEL,2013,32893,1589.107,Europe,Europe,Southern Europe,Western Europe
Spain,Portugal,ESP,PRT,2016,3716117,500.9223,Europe,Europe,Southern Europe,Southern Europe
Belgium,France,BEL,FRA,2011,5274519,262.3845,Europe,Europe,Western Europe,Western Europe
Greece,Ukraine,GRC,UKR,2014,92509,1482.129,Europe,Europe,Southern Europe,Eastern Europe
Hungary,Romania,HUN,ROU,2014,2710242,,Europe,Europe,Eastern Europe,Eastern Europe
Ukraine,United Kingdom of Great Britain and Northern Ireland,UKR,GBR,2011,163333,2137.511,Europe,Europe,Eastern Europe,Northern Europe
Estonia,Russian Federation,EST,RUS,2012,760474,871.7853,Europe,Europe,Northern Europe,Eastern Europe
Switzerland,Norway,CHE,NOR,2013,175152,1459.379,Europe,Europe,Western Europe,Northern Europe
Greece,Portugal,GRC,PRT,2016,64971,2853.773,Europe,Europe,Southern Europe,Southern Europe
Norway,Denmark,NOR,DNK,2014,2160539,485.3148,Europe,Europe,Northern Europe,Northern Europe
Slovakia,Greece,SVK,GRC,2014,67440,1249.986,Europe,Europe,Eastern Europe,Southern Europe
Greece,Romania,GRC,ROU,2016,1117109,,Europe,Europe,Southern Europe,Eastern Europe
Andorra,Netherlands,AND,NLD,2011,,1125.463,Europe,Europe,Southern Europe,Western Europe
Belgium,Norway,BEL,NOR,2015,121176,1087.773,Europe,Europe,Western Europe,Northern Europe
Ireland,Estonia,IRL,EST,2012,24548,2005.127,Europe,Europe,Northern Europe,Northern Europe
Croatia,Netherlands,HRV,NLD,2016,144240,1085.255,Europe,Europe,Southern Europe,Western Europe
Andorra,Germany,AND,DEU,2015,,1080.611,Europe,Europe,Southern Europe,Western Europe
Belgium,Austria,BEL,AUT,2013,544256,914.4633,Europe,Europe,Western Europe,Western Europe
Romania,Luxembourg,ROU,LUX,2016,6428,,Europe,Europe,Eastern Europe,Western Europe
Romania,Malta,ROU,MLT,2012,9488,,Europe,Europe,Eastern Europe,Southern Europe
Czechia,Bosnia and Herzegovina,CZE,BIH,2015,2579,757.0533,Europe,Europe,Eastern Europe,Southern Europe
Lithuania,Ireland,LTU,IRL,2012,137495,2052.635,Europe,Europe,Northern Europe,Northern Europe
Malta,Belgium,MLT,BEL,2011,53912,1851.035,Europe,Europe,Southern Europe,Western Europe
France,Moldova (Republic of),FRA,MDA,2011,11721,1976.854,Europe,Europe,Western Europe,Eastern Europe
Estonia,Albania,EST,ALB,2012,1371,2041.537,Europe,Europe,Northern Europe,Southern Europe
Moldova (Republic of),Spain,MDA,ESP,2011,9384,2697.714,Europe,Europe,Eastern Europe,Southern Europe
Austria,Latvia,AUT,LVA,2014,44502,1102.181,Europe,Europe,Western Europe,Northern Europe
Ireland,Czechia,IRL,CZE,2016,135051,1465.218,Europe,Europe,Northern Europe,Eastern Europe
Slovakia,Belarus,SVK,BLR,2013,9394,959.4427,Europe,Europe,Eastern Europe,Eastern Europe
Bosnia and Herzegovina,Russian Federation,BIH,RUS,2012,11372,1902.116,Europe,Europe,Southern Europe,Eastern Europe
Denmark,Sweden,DNK,SWE,2015,1115723,523.7871,Europe,Europe,Northern Europe,Northern Europe
Netherlands,Bulgaria,NLD,BGR,2013,82406,1745.082,Europe,Europe,Western Europe,Eastern Europe
Latvia,Poland,LVA,POL,2012,597811,559.8441,Europe,Europe,Northern Europe,Eastern Europe
Estonia,Germany,EST,DEU,2015,166411,1421.076,Europe,Europe,Northern Europe,Western Europe
Lithuania,Macedonia (the former Yugoslav Republic of),LTU,MKD,2014,370,1439.533,Europe,Europe,Northern Europe,Southern Europe
Albania,Slovakia,ALB,SVK,2015,13367,788.7294,Europe,Europe,Southern Europe,Eastern Europe
Gibraltar,Latvia,GIB,LVA,2014,41,3185.494,Europe,Europe,Southern Europe,Northern Europe
Hungary,Finland,HUN,FIN,2016,141720,1457.984,Europe,Europe,Eastern Europe,Northern Europe
Gibraltar,United Kingdom of Great Britain and Northern Ireland,GIB,GBR,2011,251253,1759.095,Europe,Europe,Southern Europe,Northern Europe
Sweden,Belarus,SWE,BLR,2011,11025,838.4113,Europe,Europe,Northern Europe,Eastern Europe
Gibraltar,Czechia,GIB,CZE,2014,58,2222.865,Europe,Europe,Southern Europe,Eastern Europe
Slovenia,United Kingdom of Great Britain and Northern Ireland,SVN,GBR,2011,104409,1230.756,Europe,Europe,Southern Europe,Northern Europe
Estonia,Hungary,EST,HUN,2015,8513,1377.818,Europe,Europe,Northern Europe,Eastern Europe
Luxembourg,Greece,LUX,GRC,2012,27812,1904.941,Europe,Europe,Western Europe,Southern Europe
Germany,Finland,DEU,FIN,2014,798243,1474.956,Europe,Europe,Western Europe,Northern Europe
Gibraltar,Ireland,GIB,IRL,2013,46,1915.628,Europe,Europe,Southern Europe,Northern Europe
United Kingdom of Great Britain and Northern Ireland,Lithuania,GBR,LTU,2016,747979,1729.554,Europe,Europe,Northern Europe,Northern Europe
Russian Federation,Ukraine,RUS,UKR,2015,11023591,763.4056,Europe,Europe,Eastern Europe,Eastern Europe
Portugal,Romania,PRT,ROU,2015,85648,,Europe,Europe,Southern Europe,Eastern Europe
Iceland,Germany,ISL,DEU,2012,153654,2189.024,Europe,Europe,Northern Europe,Western Europe
France,Greece,FRA,GRC,2014,1589109,2098.726,Europe,Europe,Western Europe,Southern Europe
Bulgaria,San Marino,BGR,SMR,2013,5066,886.4001,Europe,Europe,Eastern Europe,Southern Europe
Iceland,Portugal,ISL,PRT,2013,1528,2952.572,Europe,Europe,Northern Europe,Southern Europe
Lithuania,Austria,LTU,AUT,2016,44940,948.9832,Europe,Europe,Northern Europe,Western Europe
Macedonia (the former Yugoslav Republic of),Austria,MKD,AUT,2012,23201,799.0887,Europe,Europe,Southern Europe,Western Europe
Luxembourg,Czechia,LUX,CZE,2013,6673,596.739,Europe,Europe,Western Europe,Eastern Europe
Albania,Luxembourg,ALB,LUX,2011,779,1404.884,Europe,Europe,Southern Europe,Western Europe
Belgium,Andorra,BEL,AND,2016,,952.5,Europe,Europe,Western Europe,Southern Europe
Germany,Denmark,DEU,DNK,2014,4153105,595.8536,Europe,Europe,Western Europe,Northern Europe
Russian Federation,Finland,RUS,FIN,2012,4953614,892.6777,Europe,Europe,Eastern Europe,Northern Europe
Iceland,Lithuania,ISL,LTU,2014,4665,2797.459,Europe,Europe,Northern Europe,Northern Europe
Netherlands,Estonia,NLD,EST,2016,37284,1459.083,Europe,Europe,Western Europe,Northern Europe
Netherlands,Norway,NLD,NOR,2013,638038,916.1565,Europe,Europe,Western Europe,Northern Europe
Belarus,Portugal,BLR,PRT,2014,1860,3229.235,Europe,Europe,Eastern Europe,Southern Europe
Belarus,Romania,BLR,ROU,2016,53684,,Europe,Europe,Eastern Europe,Eastern Europe
France,Finland,FRA,FIN,2012,354309,1911.138,Europe,Europe,Western Europe,Northern Europe
Malta,Hungary,MLT,HUN,2016,60767,1343.903,Europe,Europe,Southern Europe,Eastern Europe
Albania,Andorra,ALB,AND,2015,,1519.551,Europe,Europe,Southern Europe,Southern Europe
Romania,Ireland,ROU,IRL,2015,70240,,Europe,Europe,Eastern Europe,Northern Europe
Greece,Albania,GRC,ALB,2016,1133223,500.1241,Europe,Europe,Southern Europe,Southern Europe
Switzerland,Slovenia,CHE,SVN,2011,27430,549.9726,Europe,Europe,Western Europe,Southern Europe
Russian Federation,San Marino,RUS,SMR,2013,210765,2215.114,Europe,Europe,Eastern Europe,Southern Europe
Russian Federation,Hungary,RUS,HUN,2011,107814,1574.19,Europe,Europe,Eastern Europe,Eastern Europe
Denmark,Slovakia,DNK,SVK,2012,13620,891.5908,Europe,Europe,Northern Europe,Eastern Europe
Russian Federation,Ireland,RUS,IRL,2014,26508,2802.315,Europe,Europe,Eastern Europe,Northern Europe
Czechia,Iceland,CZE,ISL,2013,2137,2640.109,Europe,Europe,Eastern Europe,Northern Europe
Czechia,Sweden,CZE,SWE,2011,129592,1053.71,Europe,Europe,Eastern Europe,Northern Europe
Belarus,Hungary,BLR,HUN,2011,2284,923.2194,Europe,Europe,Eastern Europe,Eastern Europe
Luxembourg,Estonia,LUX,EST,2011,2790,1614.171,Europe,Europe,Western Europe,Northern Europe
Romania,Italy,ROU,ITA,2011,1048595,,Europe,Europe,Eastern Europe,Southern Europe
Sweden,Ireland,SWE,IRL,2012,116410,1631.147,Europe,Europe,Northern Europe,Northern Europe
United Kingdom of Great Britain and Northern Ireland,Bulgaria,GBR,BGR,2011,564280,2019.341,Europe,Europe,Northern Europe,Eastern Europe
Bosnia and Herzegovina,Malta,BIH,MLT,2015,807,946.8785,Europe,Europe,Southern Europe,Southern Europe
United Kingdom of Great Britain and Northern Ireland,Portugal,GBR,PRT,2011,3540837,1583.091,Europe,Europe,Northern Europe,Southern Europe
Iceland,Bosnia and Herzegovina,ISL,BIH,2013,59,3376.985,Europe,Europe,Northern Europe,Southern Europe
Belgium,Czechia,BEL,CZE,2011,182641,718.4293,Europe,Europe,Western Europe,Eastern Europe
Denmark,Norway,DNK,NOR,2012,1870884,485.3148,Europe,Europe,Northern Europe,Northern Europe
Czechia,Russian Federation,CZE,RUS,2012,794815,1673,Europe,Europe,Eastern Europe,Eastern Europe
Belgium,Denmark,BEL,DNK,2012,252512,767.1575,Europe,Europe,Western Europe,Northern Europe
Switzerland,Hungary,CHE,HUN,2016,294999,879.3594,Europe,Europe,Western Europe,Eastern Europe
Portugal,Gibraltar,PRT,GIB,2012,51,442.1214,Europe,Europe,Southern Europe,Southern Europe
Gibraltar,Ireland,GIB,IRL,2016,262,1915.628,Europe,Europe,Southern Europe,Northern Europe
Portugal,Norway,PRT,NOR,2014,121664,2739.748,Europe,Europe,Southern Europe,Northern Europe
Italy,Spain,ITA,ESP,2013,5964713,1366.76,Europe,Europe,Southern Europe,Southern Europe
Hungary,Romania,HUN,ROU,2013,2395567,,Europe,Europe,Eastern Europe,Eastern Europe
Belarus,Slovakia,BLR,SVK,2016,9896,959.4427,Europe,Europe,Eastern Europe,Eastern Europe
Bulgaria,Spain,BGR,ESP,2013,193217,2254.799,Europe,Europe,Eastern Europe,Southern Europe
Finland,Greece,FIN,GRC,2015,122360,2465.045,Europe,Europe,Northern Europe,Southern Europe
Austria,Bosnia and Herzegovina,AUT,BIH,2013,18282,509.7472,Europe,Europe,Western Europe,Southern Europe
Gibraltar,Slovakia,GIB,SVK,2016,0,2276.342,Europe,Europe,Southern Europe,Eastern Europe
Estonia,Greece,EST,GRC,2015,26233,2384.76,Europe,Europe,Northern Europe,Southern Europe
Ukraine,Malta,UKR,MLT,2012,3163,2062.274,Europe,Europe,Eastern Europe,Southern Europe
Sweden,Andorra,SWE,AND,2011,3,2191.849,Europe,Europe,Northern Europe,Southern Europe
Bosnia and Herzegovina,France,BIH,FRA,2011,12881,1352.463,Europe,Europe,Southern Europe,Western Europe
Ireland,Latvia,IRL,LVA,2014,87291,1954.941,Europe,Europe,Northern Europe,Northern Europe
Croatia,France,HRV,FRA,2012,200636,1081.762,Europe,Europe,Southern Europe,Western Europe
Netherlands,Hungary,NLD,HUN,2013,324748,1145.901,Europe,Europe,Western Europe,Eastern Europe
Andorra,Greece,AND,GRC,2015,,1947.636,Europe,Europe,Southern Europe,Southern Europe
Slovenia,Switzerland,SVN,CHE,2014,40746,549.9726,Europe,Europe,Southern Europe,Western Europe
Slovakia,Russian Federation,SVK,RUS,2011,55567,1632.621,Europe,Europe,Eastern Europe,Eastern Europe
Italy,United Kingdom of Great Britain and Northern Ireland,ITA,GBR,2014,7850404,1438.425,Europe,Europe,Southern Europe,Northern Europe
United Kingdom of Great Britain and Northern Ireland,France,GBR,FRA,2014,9196756,342.9475,Europe,Europe,Northern Europe,Western Europe
Albania,Gibraltar,ALB,GIB,2015,1,2251.487,Europe,Europe,Southern Europe,Southern Europe
Germany,Hungary,DEU,HUN,2011,2511933,976.2567,Europe,Europe,Western Europe,Eastern Europe
Greece,Malta,GRC,MLT,2013,13691,850.6025,Europe,Europe,Southern Europe,Southern Europe
Lithuania,Netherlands,LTU,NLD,2014,73898,1370.703,Europe,Europe,Northern Europe,Western Europe
Estonia,United Kingdom of Great Britain and Northern Ireland,EST,GBR,2012,139968,1787.092,Europe,Europe,Northern Europe,Northern Europe
Bosnia and Herzegovina,Germany,BIH,DEU,2011,73324,1202.42,Europe,Europe,Southern Europe,Western Europe
Spain,Latvia,ESP,LVA,2012,45924,2715.85,Europe,Europe,Southern Europe,Northern Europe
Latvia,Slovakia,LVA,SVK,2014,482,1083.025,Europe,Europe,Northern Europe,Eastern Europe
Lithuania,Croatia,LTU,HRV,2013,5444,1189.612,Europe,Europe,Northern Europe,Southern Europe
Belgium,Belarus,BEL,BLR,2012,4254,1601.903,Europe,Europe,Western Europe,Eastern Europe
Belgium,Lithuania,BEL,LTU,2014,69893,1469.434,Europe,Europe,Western Europe,Northern Europe
Lithuania,Switzerland,LTU,CHE,2011,16173,1516.998,Europe,Europe,Northern Europe,Western Europe
France,Norway,FRA,NOR,2011,476776,1342.89,Europe,Europe,Western Europe,Northern Europe
Greece,United Kingdom of Great Britain and Northern Ireland,GRC,GBR,2016,3479038,2394.85,Europe,Europe,Southern Europe,Northern Europe
Czechia,Romania,CZE,ROU,2011,137629,,Europe,Europe,Eastern Europe,Eastern Europe
Germany,Spain,DEU,ESP,2011,14775073,1479.332,Europe,Europe,Western Europe,Southern Europe
Lithuania,Malta,LTU,MLT,2014,17481,2248.596,Europe,Europe,Northern Europe,Southern Europe
Ukraine,Sweden,UKR,SWE,2011,48288,1267.46,Europe,Europe,Eastern Europe,Northern Europe
Norway,Moldova (Republic of),NOR,MDA,2015,3766,1858.963,Europe,Europe,Northern Europe,Eastern Europe
Iceland,Latvia,ISL,LVA,2015,2662,2579.342,Europe,Europe,Northern Europe,Northern Europe
Slovakia,Iceland,SVK,ISL,2013,4,2932.617,Europe,Europe,Eastern Europe,Northern Europe
Malta,Poland,MLT,POL,2011,19626,1889.904,Europe,Europe,Southern Europe,Eastern Europe
Spain,Finland,ESP,FIN,2016,894045,2952.195,Europe,Europe,Southern Europe,Northern Europe
Bulgaria,Gibraltar,BGR,GIB,2011,72,2555.137,Europe,Europe,Eastern Europe,Southern Europe
Lithuania,Iceland,LTU,ISL,2013,5017,2797.459,Europe,Europe,Northern Europe,Northern Europe
Norway,Italy,NOR,ITA,2013,412650,2010.678,Europe,Europe,Northern Europe,Southern Europe
Sweden,Ireland,SWE,IRL,2016,89803,1631.147,Europe,Europe,Northern Europe,Northern Europe
Netherlands,Lithuania,NLD,LTU,2013,62346,1370.703,Europe,Europe,Western Europe,Northern Europe
Bosnia and Herzegovina,Moldova (Republic of),BIH,MDA,2016,311,883.0676,Europe,Europe,Southern Europe,Eastern Europe
San Marino,Estonia,SMR,EST,2012,,1911.032,Europe,Europe,Southern Europe,Northern Europe
Croatia,Norway,HRV,NOR,2012,104079,1608.583,Europe,Europe,Southern Europe,Northern Europe
Sweden,Germany,SWE,DEU,2013,2368884,1118.929,Europe,Europe,Northern Europe,Western Europe
Slovenia,Italy,SVN,ITA,2016,623389,492.3427,Europe,Europe,Southern Europe,Southern Europe
Albania,Switzerland,ALB,CHE,2011,18726,1167.984,Europe,Europe,Southern Europe,Western Europe
Denmark,Macedonia (the former Yugoslav Republic of),DNK,MKD,2011,18886,1651.324,Europe,Europe,Northern Europe,Southern Europe
Italy,Slovakia,ITA,SVK,2016,556024,789.4631,Europe,Europe,Southern Europe,Eastern Europe
United Kingdom of Great Britain and Northern Ireland,Denmark,GBR,DNK,2012,1721818,959.5936,Europe,Europe,Northern Europe,Northern Europe
Portugal,Croatia,PRT,HRV,2012,17293,2200.561,Europe,Europe,Southern Europe,Southern Europe
United Kingdom of Great Britain and Northern Ireland,Luxembourg,GBR,LUX,2016,402251,494.0174,Europe,Europe,Northern Europe,Western Europe
Bosnia and Herzegovina,Albania,BIH,ALB,2016,31059,303.8697,Europe,Europe,Southern Europe,Southern Europe
Bosnia and Herzegovina,Austria,BIH,AUT,2013,20124,509.7472,Europe,Europe,Southern Europe,Western Europe
Portugal,Malta,PRT,MLT,2016,9726,2112.431,Europe,Europe,Southern Europe,Southern Europe
Norway,Luxembourg,NOR,LUX,2016,8276,1184.92,Europe,Europe,Northern Europe,Western Europe
Czechia,Portugal,CZE,PRT,2011,47778,2245.294,Europe,Europe,Eastern Europe,Southern Europe
Belgium,Spain,BEL,ESP,2015,3683146,1316.64,Europe,Europe,Western Europe,Southern Europe
Denmark,Ukraine,DNK,UKR,2014,29343,1328.55,Europe,Europe,Northern Europe,Eastern Europe
Latvia,Bosnia and Herzegovina,LVA,BIH,2012,278,1509.34,Europe,Europe,Northern Europe,Southern Europe
Poland,Slovakia,POL,SVK,2015,6410358,530.0169,Europe,Europe,Eastern Europe,Eastern Europe
Iceland,Macedonia (the former Yugoslav Republic of),ISL,MKD,2013,35,3686.858,Europe,Europe,Northern Europe,Southern Europe
Moldova (Republic of),Ukraine,MDA,UKR,2011,4072974,399.4606,Europe,Europe,Eastern Europe,Eastern Europe
Netherlands,Malta,NLD,MLT,2011,64871,1981.948,Europe,Europe,Western Europe,Southern Europe
Gibraltar,Denmark,GIB,DNK,2016,84,2562.962,Europe,Europe,Southern Europe,Northern Europe
Croatia,Moldova (Republic of),HRV,MDA,2013,622,995.402,Europe,Europe,Southern Europe,Eastern Europe
Netherlands,Norway,NLD,NOR,2011,500780,916.1565,Europe,Europe,Western Europe,Northern Europe
Romania,Russian Federation,ROU,RUS,2014,101488,,Europe,Europe,Eastern Europe,Eastern Europe
Switzerland,Slovakia,CHE,SVK,2016,37823,742.9638,Europe,Europe,Western Europe,Eastern Europe
Slovakia,Gibraltar,SVK,GIB,2013,0,2276.342,Europe,Europe,Eastern Europe,Southern Europe
Andorra,Portugal,AND,PRT,2015,,990.3965,Europe,Europe,Southern Europe,Southern Europe
Andorra,Switzerland,AND,CHE,2012,,681.8435,Europe,Europe,Southern Europe,Western Europe
Sweden,Andorra,SWE,AND,2012,0,2191.849,Europe,Europe,Northern Europe,Southern Europe
Iceland,Sweden,ISL,SWE,2016,116595,2138.135,Europe,Europe,Northern Europe,Northern Europe
Andorra,Poland,AND,POL,2014,,1817.341,Europe,Europe,Southern Europe,Eastern Europe
Iceland,Macedonia (the former Yugoslav Republic of),ISL,MKD,2014,41,3686.858,Europe,Europe,Northern Europe,Southern Europe
Croatia,Bosnia and Herzegovina,HRV,BIH,2011,287006,290.1541,Europe,Europe,Southern Europe,Southern Europe
San Marino,Germany,SMR,DEU,2014,,932.1286,Europe,Europe,Southern Europe,Western Europe
Hungary,Iceland,HUN,ISL,2012,892,3077.932,Europe,Europe,Eastern Europe,Northern Europe
Macedonia (the former Yugoslav Republic of),Bosnia and Herzegovina,MKD,BIH,2015,12315,322.8538,Europe,Europe,Southern Europe,Southern Europe
Finland,Germany,FIN,DEU,2016,819261,1474.956,Europe,Europe,Northern Europe,Western Europe
France,Macedonia (the former Yugoslav Republic of),FRA,MKD,2011,12484,1672.04,Europe,Europe,Western Europe,Southern Europe
Austria,Macedonia (the former Yugoslav Republic of),AUT,MKD,2015,23474,799.0887,Europe,Europe,Western Europe,Southern Europe
Estonia,Austria,EST,AUT,2012,29472,1360.358,Europe,Europe,Northern Europe,Western Europe
Portugal,Gibraltar,PRT,GIB,2011,44,442.1214,Europe,Europe,Southern Europe,Southern Europe
Malta,Luxembourg,MLT,LUX,2014,3711,1669.155,Europe,Europe,Southern Europe,Western Europe
Estonia,Portugal,EST,PRT,2011,5778,3311.847,Europe,Europe,Northern Europe,Southern Europe
Latvia,Moldova (Republic of),LVA,MDA,2015,4559,1153.302,Europe,Europe,Northern Europe,Eastern Europe
Hungary,Slovakia,HUN,SVK,2012,738885,159.0699,Europe,Europe,Eastern Europe,Eastern Europe
Slovakia,Moldova (Republic of),SVK,MDA,2013,670,884.5414,Europe,Europe,Eastern Europe,Eastern Europe
Denmark,Andorra,DNK,AND,2016,,1668.749,Europe,Europe,Northern Europe,Southern Europe
Slovakia,Poland,SVK,POL,2013,6892751,530.0169,Europe,Europe,Eastern Europe,Eastern Europe
Ukraine,Russian Federation,UKR,RUS,2011,15091262,763.4056,Europe,Europe,Eastern Europe,Eastern Europe
Denmark,Belgium,DNK,BEL,2014,225242,767.1575,Europe,Europe,Northern Europe,Western Europe
Macedonia (the former Yugoslav Republic of),Iceland,MKD,ISL,2015,80,3686.858,Europe,Europe,Southern Europe,Northern Europe
Belgium,Ukraine,BEL,UKR,2012,39502,1837.307,Europe,Europe,Western Europe,Eastern Europe
Macedonia (the former Yugoslav Republic of),Moldova (Republic of),MKD,MDA,2012,221,806.5962,Europe,Europe,Southern Europe,Eastern Europe
Luxembourg,Macedonia (the former Yugoslav Republic of),LUX,MKD,2014,264,1454.307,Europe,Europe,Western Europe,Southern Europe
Belgium,Switzerland,BEL,CHE,2011,522802,487.4555,Europe,Europe,Western Europe,Western Europe
Estonia,Malta,EST,MLT,2011,1794,2719.935,Europe,Europe,Northern Europe,Southern Europe
Germany,Macedonia (the former Yugoslav Republic of),DEU,MKD,2013,76682,1521.612,Europe,Europe,Western Europe,Southern Europe
Ukraine,Lithuania,UKR,LTU,2012,74002,590.0546,Europe,Europe,Eastern Europe,Northern Europe
Czechia,Albania,CZE,ALB,2015,7275,1060.922,Europe,Europe,Eastern Europe,Southern Europe
Spain,Iceland,ESP,ISL,2013,52833,2894.701,Europe,Europe,Southern Europe,Northern Europe
Lithuania,Slovakia,LTU,SVK,2011,17814,918.5131,Europe,Europe,Northern Europe,Eastern Europe
Denmark,Albania,DNK,ALB,2011,3861,1679.912,Europe,Europe,Northern Europe,Southern Europe
France,Germany,FRA,DEU,2011,13413449,439.8984,Europe,Europe,Western Europe,Western Europe
Portugal,Croatia,PRT,HRV,2015,30327,2200.561,Europe,Europe,Southern Europe,Southern Europe
Gibraltar,Albania,GIB,ALB,2012,0,2251.487,Europe,Europe,Southern Europe,Southern Europe
Sweden,Lithuania,SWE,LTU,2013,56385,677.4822,Europe,Europe,Northern Europe,Northern Europe
Slovenia,Hungary,SVN,HUN,2011,69096,381.6249,Europe,Europe,Southern Europe,Eastern Europe
Estonia,Bosnia and Herzegovina,EST,BIH,2011,347,1782.909,Europe,Europe,Northern Europe,Southern Europe
Sweden,Poland,SWE,POL,2011,704482,809.0182,Europe,Europe,Northern Europe,Eastern Europe
Gibraltar,France,GIB,FRA,2013,208,1549.175,Europe,Europe,Southern Europe,Western Europe
Greece,Ireland,GRC,IRL,2012,18265,2855.222,Europe,Europe,Southern Europe,Northern Europe
Poland,Macedonia (the former Yugoslav Republic of),POL,MKD,2012,2305,1141.357,Europe,Europe,Eastern Europe,Southern Europe
Italy,Spain,ITA,ESP,2014,6827280,1366.76,Europe,Europe,Southern Europe,Southern Europe
Bosnia and Herzegovina,Malta,BIH,MLT,2012,220,946.8785,Europe,Europe,Southern Europe,Southern Europe
Lithuania,Poland,LTU,POL,2016,3168425,393.7521,Europe,Europe,Northern Europe,Eastern Europe
France,Ireland,FRA,IRL,2013,8169146,778.2031,Europe,Europe,Western Europe,Northern Europe
Andorra,Moldova (Republic of),AND,MDA,2013,,2205.669,Europe,Europe,Southern Europe,Eastern Europe
Czechia,Macedonia (the former Yugoslav Republic of),CZE,MKD,2012,3747,1051.492,Europe,Europe,Eastern Europe,Southern Europe
Italy,Romania,ITA,ROU,2013,1021689,,Europe,Europe,Southern Europe,Eastern Europe
Sweden,Denmark,SWE,DNK,2015,1109600,523.7871,Europe,Europe,Northern Europe,Northern Europe
Slovakia,Malta,SVK,MLT,2016,8616,1382.29,Europe,Europe,Eastern Europe,Southern Europe
San Marino,Macedonia (the former Yugoslav Republic of),SMR,MKD,2015,,762.0729,Europe,Europe,Southern Europe,Southern Europe
Spain,Moldova (Republic of),ESP,MDA,2011,10095,2697.714,Europe,Europe,Southern Europe,Eastern Europe
Sweden,France,SWE,FRA,2015,773771,1545.797,Europe,Europe,Northern Europe,Western Europe
Slovakia,Bulgaria,SVK,BGR,2011,100872,776.8502,Europe,Europe,Eastern Europe,Eastern Europe
Latvia,Malta,LVA,MLT,2011,2675,2449.608,Europe,Europe,Northern Europe,Southern Europe
Austria,Denmark,AUT,DNK,2014,386091,868.5304,Europe,Europe,Western Europe,Northern Europe
Denmark,United Kingdom of Great Britain and Northern Ireland,DNK,GBR,2011,1668539,959.5936,Europe,Europe,Northern Europe,Northern Europe
Sweden,Ukraine,SWE,UKR,2013,34435,1267.46,Europe,Europe,Northern Europe,Eastern Europe
Portugal,United Kingdom of Great Britain and Northern Ireland,PRT,GBR,2012,3200190,1583.091,Europe,Europe,Southern Europe,Northern Europe
Bulgaria,Bosnia and Herzegovina,BGR,BIH,2013,44760,416.3402,Europe,Europe,Eastern Europe,Southern Europe
Iceland,Czechia,ISL,CZE,2012,3667,2640.109,Europe,Europe,Northern Europe,Eastern Europe
Belarus,Slovenia,BLR,SVN,2015,1486,1267.967,Europe,Europe,Eastern Europe,Southern Europe
Russian Federation,San Marino,RUS,SMR,2011,170914,2215.114,Europe,Europe,Eastern Europe,Southern Europe
Macedonia (the former Yugoslav Republic of),Netherlands,MKD,NLD,2013,26334,1694.944,Europe,Europe,Southern Europe,Western Europe
Bulgaria,Luxembourg,BGR,LUX,2014,17462,1526.197,Europe,Europe,Eastern Europe,Western Europe
France,Norway,FRA,NOR,2013,528761,1342.89,Europe,Europe,Western Europe,Northern Europe
Albania,Poland,ALB,POL,2016,4087,1218.313,Europe,Europe,Southern Europe,Eastern Europe
Portugal,Luxembourg,PRT,LUX,2011,106643,1711.773,Europe,Europe,Southern Europe,Western Europe
Malta,Switzerland,MLT,CHE,2015,69603,1363.745,Europe,Europe,Southern Europe,Western Europe
Croatia,Hungary,HRV,HUN,2016,521896,302.1079,Europe,Europe,Southern Europe,Eastern Europe
Romania,Latvia,ROU,LVA,2011,4821,,Europe,Europe,Eastern Europe,Northern Europe
Slovenia,Ukraine,SVN,UKR,2016,32470,1277.754,Europe,Europe,Southern Europe,Eastern Europe
Iceland,Poland,ISL,POL,2011,17427,2773.481,Europe,Europe,Northern Europe,Eastern Europe
Albania,Norway,ALB,NOR,2013,3540,2160.437,Europe,Europe,Southern Europe,Northern Europe
Netherlands,Gibraltar,NLD,GIB,2015,139,1976.745,Europe,Europe,Western Europe,Southern Europe
Italy,Ukraine,ITA,UKR,2013,403592,1674.773,Europe,Europe,Southern Europe,Eastern Europe
Luxembourg,Denmark,LUX,DNK,2016,99424,802.2173,Europe,Europe,Western Europe,Northern Europe
Czechia,Norway,CZE,NOR,2011,147930,1117.156,Europe,Europe,Eastern Europe,Northern Europe
Czechia,Finland,CZE,FIN,2012,90500,1300.095,Europe,Europe,Eastern Europe,Northern Europe
Lithuania,Ireland,LTU,IRL,2011,124757,2052.635,Europe,Europe,Northern Europe,Northern Europe
Romania,Norway,ROU,NOR,2016,89256,,Europe,Europe,Eastern Europe,Northern Europe
Czechia,Greece,CZE,GRC,2012,325078,1535.797,Europe,Europe,Eastern Europe,Southern Europe
United Kingdom of Great Britain and Northern Ireland,Estonia,GBR,EST,2014,134747,1787.092,Europe,Europe,Northern Europe,Northern Europe
Spain,Slovakia,ESP,SVK,2011,139795,1865.664,Europe,Europe,Southern Europe,Eastern Europe
Finland,Andorra,FIN,AND,2012,,2526.079,Europe,Europe,Northern Europe,Southern Europe
Macedonia (the former Yugoslav Republic of),Russian Federation,MKD,RUS,2011,6712,1927.484,Europe,Europe,Southern Europe,Eastern Europe
France,Norway,FRA,NOR,2012,506677,1342.89,Europe,Europe,Western Europe,Northern Europe
Croatia,France,HRV,FRA,2011,192926,1081.762,Europe,Europe,Southern Europe,Western Europe
Malta,Austria,MLT,AUT,2014,51457,1379.07,Europe,Europe,Southern Europe,Western Europe
Italy,Hungary,ITA,HUN,2016,1001132,811.4083,Europe,Europe,Southern Europe,Eastern Europe
Netherlands,Lithuania,NLD,LTU,2016,88573,1370.703,Europe,Europe,Western Europe,Northern Europe
Malta,Belarus,MLT,BLR,2014,349,2236.243,Europe,Europe,Southern Europe,Eastern Europe
Estonia,Malta,EST,MLT,2012,2001,2719.935,Europe,Europe,Northern Europe,Southern Europe
Finland,Albania,FIN,ALB,2015,3427,2122.475,Europe,Europe,Northern Europe,Southern Europe
Sweden,Malta,SWE,MLT,2013,62649,2620.794,Europe,Europe,Northern Europe,Southern Europe
United Kingdom of Great Britain and Northern Ireland,Netherlands,GBR,NLD,2014,5331385,360.315,Europe,Europe,Northern Europe,Western Europe
Poland,Greece,POL,GRC,2016,254101,1600.171,Europe,Europe,Eastern Europe,Southern Europe
Belgium,Poland,BEL,POL,2014,398989,1160.644,Europe,Europe,Western Europe,Eastern Europe
San Marino,Italy,SMR,ITA,2012,,230.0196,Europe,Europe,Southern Europe,Southern Europe
Ukraine,Greece,UKR,GRC,2012,64102,1482.129,Europe,Europe,Eastern Europe,Southern Europe
Slovenia,Estonia,SVN,EST,2014,4746,1634.182,Europe,Europe,Southern Europe,Northern Europe
Slovenia,Bosnia and Herzegovina,SVN,BIH,2013,73967,394.7473,Europe,Europe,Southern Europe,Southern Europe
Finland,Sweden,FIN,SWE,2016,1001334,397.8922,Europe,Europe,Northern Europe,Northern Europe
Latvia,San Marino,LVA,SMR,2015,,1659.333,Europe,Europe,Northern Europe,Southern Europe
Bosnia and Herzegovina,Greece,BIH,GRC,2013,1713,790.14,Europe,Europe,Southern Europe,Southern Europe
Sweden,Portugal,SWE,PRT,2015,145863,2990.966,Europe,Europe,Northern Europe,Southern Europe
Malta,Iceland,MLT,ISL,2012,172,3978.502,Europe,Europe,Southern Europe,Northern Europe
Netherlands,Estonia,NLD,EST,2014,31926,1459.083,Europe,Europe,Western Europe,Northern Europe
Switzerland,San Marino,CHE,SMR,2014,,516.8909,Europe,Europe,Western Europe,Southern Europe
Poland,Hungary,POL,HUN,2015,739000,546.806,Europe,Europe,Eastern Europe,Eastern Europe
Gibraltar,Belarus,GIB,BLR,2014,4,3204.334,Europe,Europe,Southern Europe,Eastern Europe
Sweden,Malta,SWE,MLT,2012,53353,2620.794,Europe,Europe,Northern Europe,Southern Europe
Iceland,Norway,ISL,NOR,2012,136800,1749.596,Europe,Europe,Northern Europe,Northern Europe
Czechia,Italy,CZE,ITA,2015,1319666,926.5591,Europe,Europe,Eastern Europe,Southern Europe
Bulgaria,Romania,BGR,ROU,2011,2296797,,Europe,Europe,Eastern Europe,Eastern Europe
Germany,Albania,DEU,ALB,2013,54468,1493.096,Europe,Europe,Western Europe,Southern Europe
Iceland,Finland,ISL,FIN,2016,48759,2424.555,Europe,Europe,Northern Europe,Northern Europe
Iceland,Slovakia,ISL,SVK,2014,12,2932.617,Europe,Europe,Northern Europe,Eastern Europe
Poland,Belarus,POL,BLR,2012,3922027,469.7038,Europe,Europe,Eastern Europe,Eastern Europe
Andorra,Lithuania,AND,LTU,2012,,2198.052,Europe,Europe,Southern Europe,Northern Europe
Ukraine,San Marino,UKR,SMR,2014,5770,1535.241,Europe,Europe,Eastern Europe,Southern Europe
Russian Federation,Romania,RUS,ROU,2016,81316,,Europe,Europe,Eastern Europe,Eastern Europe
Belgium,Iceland,BEL,ISL,2015,23296,2133.168,Europe,Europe,Western Europe,Northern Europe
Iceland,Lithuania,ISL,LTU,2011,2368,2797.459,Europe,Europe,Northern Europe,Northern Europe
Ukraine,Ireland,UKR,IRL,2011,7133,2517.525,Europe,Europe,Eastern Europe,Northern Europe
Norway,Malta,NOR,MLT,2015,20991,2686.866,Europe,Europe,Northern Europe,Southern Europe
Albania,Germany,ALB,DEU,2015,97630,1493.096,Europe,Europe,Southern Europe,Western Europe
Slovakia,Ireland,SVK,IRL,2014,76431,1736.948,Europe,Europe,Eastern Europe,Northern Europe
Latvia,Lithuania,LVA,LTU,2016,2881857,263.4897,Europe,Europe,Northern Europe,Northern Europe
Macedonia (the former Yugoslav Republic of),Greece,MKD,GRC,2011,377,485.2823,Europe,Europe,Southern Europe,Southern Europe
Hungary,Germany,HUN,DEU,2011,2511933,976.2567,Europe,Europe,Eastern Europe,Western Europe
Portugal,Sweden,PRT,SWE,2011,100851,2990.966,Europe,Europe,Southern Europe,Northern Europe
Belarus,France,BLR,FRA,2011,25963,1823.709,Europe,Europe,Eastern Europe,Western Europe
Lithuania,Portugal,LTU,PRT,2014,8271,3123.619,Europe,Europe,Northern Europe,Southern Europe
Albania,Spain,ALB,ESP,2013,8822,1977.061,Europe,Europe,Southern Europe,Southern Europe
San Marino,Hungary,SMR,HUN,2014,,644.5287,Europe,Europe,Southern Europe,Eastern Europe
Bosnia and Herzegovina,Slovakia,BIH,SVK,2014,3920,488.4783,Europe,Europe,Southern Europe,Eastern Europe
Latvia,Luxembourg,LVA,LUX,2012,1837,1440.968,Europe,Europe,Northern Europe,Western Europe
Hungary,Romania,HUN,ROU,2011,2698502,,Europe,Europe,Eastern Europe,Eastern Europe
Bosnia and Herzegovina,Croatia,BIH,HRV,2014,302152,290.1541,Europe,Europe,Southern Europe,Southern Europe
Romania,Lithuania,ROU,LTU,2014,16731,,Europe,Europe,Eastern Europe,Northern Europe
Italy,Albania,ITA,ALB,2015,796398,611.7626,Europe,Europe,Southern Europe,Southern Europe
San Marino,United Kingdom of Great Britain and Northern Ireland,SMR,GBR,2011,,1263.348,Europe,Europe,Southern Europe,Northern Europe
Croatia,Belgium,HRV,BEL,2013,169805,1024.412,Europe,Europe,Southern Europe,Western Europe
Finland,Poland,FIN,POL,2013,162107,911.2882,Europe,Europe,Northern Europe,Eastern Europe
Greece,Bosnia and Herzegovina,GRC,BIH,2012,1860,790.14,Europe,Europe,Southern Europe,Southern Europe
San Marino,Finland,SMR,FIN,2011,,1986.678,Europe,Europe,Southern Europe,Northern Europe
Croatia,Slovenia,HRV,SVN,2014,1221812,117.3451,Europe,Europe,Southern Europe,Southern Europe
Romania,Russian Federation,ROU,RUS,2012,183775,,Europe,Europe,Eastern Europe,Eastern Europe
Spain,Hungary,ESP,HUN,2013,271915,1977.705,Europe,Europe,Southern Europe,Eastern Europe
Ireland,Romania,IRL,ROU,2013,24706,,Europe,Europe,Northern Europe,Eastern Europe
Sweden,Iceland,SWE,ISL,2016,118256,2138.135,Europe,Europe,Northern Europe,Northern Europe
Ukraine,Slovenia,UKR,SVN,2011,31513,1277.754,Europe,Europe,Eastern Europe,Southern Europe
Norway,Estonia,NOR,EST,2015,92997,787.4166,Europe,Europe,Northern Europe,Northern Europe
Andorra,Finland,AND,FIN,2015,,2526.079,Europe,Europe,Southern Europe,Northern Europe
Lithuania,Belarus,LTU,BLR,2015,165204,169.5256,Europe,Europe,Northern Europe,Eastern Europe
Latvia,Netherlands,LVA,NLD,2013,62020,1332.481,Europe,Europe,Northern Europe,Western Europe
Andorra,Russian Federation,AND,RUS,2014,,2973.003,Europe,Europe,Southern Europe,Eastern Europe
Iceland,San Marino,ISL,SMR,2014,,3109.966,Europe,Europe,Northern Europe,Southern Europe
Austria,Bulgaria,AUT,BGR,2013,263624,820.7289,Europe,Europe,Western Europe,Eastern Europe
Russian Federation,Netherlands,RUS,NLD,2011,195839,2155.229,Europe,Europe,Eastern Europe,Western Europe
Hungary,Switzerland,HUN,CHE,2014,228233,879.3594,Europe,Europe,Eastern Europe,Western Europe
Belarus,Romania,BLR,ROU,2013,143138,,Europe,Europe,Eastern Europe,Eastern Europe
Lithuania,Malta,LTU,MLT,2011,2453,2248.596,Europe,Europe,Northern Europe,Southern Europe
Malta,Sweden,MLT,SWE,2011,46907,2620.794,Europe,Europe,Southern Europe,Northern Europe
United Kingdom of Great Britain and Northern Ireland,France,GBR,FRA,2013,9347016,342.9475,Europe,Europe,Northern Europe,Western Europe
Sweden,Russian Federation,SWE,RUS,2012,581572,1232.383,Europe,Europe,Northern Europe,Eastern Europe
Austria,Switzerland,AUT,CHE,2016,1653391,684.8875,Europe,Europe,Western Europe,Western Europe
Belarus,Finland,BLR,FIN,2015,8029,715.4365,Europe,Europe,Eastern Europe,Northern Europe
Germany,Spain,DEU,ESP,2015,16949314,1479.332,Europe,Europe,Western Europe,Southern Europe
Finland,Greece,FIN,GRC,2011,138768,2465.045,Europe,Europe,Northern Europe,Southern Europe
Romania,Italy,ROU,ITA,2014,1129241,,Europe,Europe,Eastern Europe,Southern Europe
Slovenia,Lithuania,SVN,LTU,2011,5790,1225.651,Europe,Europe,Southern Europe,Northern Europe
Switzerland,Iceland,CHE,ISL,2012,15552,2617.349,Europe,Europe,Western Europe,Northern Europe
Netherlands,Luxembourg,NLD,LUX,2012,39749,318.3489,Europe,Europe,Western Europe,Western Europe
Italy,Ukraine,ITA,UKR,2012,338423,1674.773,Europe,Europe,Southern Europe,Eastern Europe
Belgium,Sweden,BEL,SWE,2012,278473,1283.716,Europe,Europe,Western Europe,Northern Europe
Ireland,Luxembourg,IRL,LUX,2016,28782,953.1994,Europe,Europe,Northern Europe,Western Europe
Sweden,Belarus,SWE,BLR,2016,10216,838.4113,Europe,Europe,Northern Europe,Eastern Europe
Germany,Ukraine,DEU,UKR,2011,476642,1646.271,Europe,Europe,Western Europe,Eastern Europe
Austria,Gibraltar,AUT,GIB,2012,40,2226.795,Europe,Europe,Western Europe,Southern Europe
Portugal,Poland,PRT,POL,2014,174636,2760.441,Europe,Europe,Southern Europe,Eastern Europe
Ireland,Switzerland,IRL,CHE,2012,230211,1203.958,Europe,Europe,Northern Europe,Western Europe
Czechia,Iceland,CZE,ISL,2012,3679,2640.109,Europe,Europe,Eastern Europe,Northern Europe
Netherlands,Hungary,NLD,HUN,2012,290668,1145.901,Europe,Europe,Western Europe,Eastern Europe
Finland,Austria,FIN,AUT,2013,97244,1437.813,Europe,Europe,Northern Europe,Western Europe
Germany,Andorra,DEU,AND,2016,,1080.611,Europe,Europe,Western Europe,Southern Europe
Denmark,Belgium,DNK,BEL,2015,292312,767.1575,Europe,Europe,Northern Europe,Western Europe
Albania,Estonia,ALB,EST,2011,838,2041.537,Europe,Europe,Southern Europe,Northern Europe
Luxembourg,France,LUX,FRA,2014,6750630,289.1023,Europe,Europe,Western Europe,Western Europe
Greece,Ukraine,GRC,UKR,2013,69889,1482.129,Europe,Europe,Southern Europe,Eastern Europe
Ireland,Slovenia,IRL,SVN,2013,1435,1689.878,Europe,Europe,Northern Europe,Southern Europe
Bosnia and Herzegovina,Latvia,BIH,LVA,2012,223,1509.34,Europe,Europe,Southern Europe,Northern Europe
Iceland,Malta,ISL,MLT,2014,309,3978.502,Europe,Europe,Northern Europe,Southern Europe
Gibraltar,United Kingdom of Great Britain and Northern Ireland,GIB,GBR,2014,275458,1759.095,Europe,Europe,Southern Europe,Northern Europe
Andorra,Slovenia,AND,SVN,2013,,1107.667,Europe,Europe,Southern Europe,Southern Europe
Malta,Spain,MLT,ESP,2012,124718,1670.797,Europe,Europe,Southern Europe,Southern Europe
Belgium,Bosnia and Herzegovina,BEL,BIH,2011,5758,1311.355,Europe,Europe,Western Europe,Southern Europe
Malta,Finland,MLT,FIN,2014,12382,2799.607,Europe,Europe,Southern Europe,Northern Europe
Bulgaria,Lithuania,BGR,LTU,2012,10376,1345.486,Europe,Europe,Eastern Europe,Northern Europe
Albania,Portugal,ALB,PRT,2013,802,2472.398,Europe,Europe,Southern Europe,Southern Europe
Estonia,Macedonia (the former Yugoslav Republic of),EST,MKD,2011,321,1951.641,Europe,Europe,Northern Europe,Southern Europe
France,Poland,FRA,POL,2016,1203295,1368.178,Europe,Europe,Western Europe,Eastern Europe
Czechia,Ukraine,CZE,UKR,2014,150977,1141.565,Europe,Europe,Eastern Europe,Eastern Europe
Belgium,Finland,BEL,FIN,2014,123120,1651.582,Europe,Europe,Western Europe,Northern Europe
Slovakia,Czechia,SVK,CZE,2011,821260,293.086,Europe,Europe,Eastern Europe,Eastern Europe
Ukraine,Sweden,UKR,SWE,2014,28014,1267.46,Europe,Europe,Eastern Europe,Northern Europe
Slovakia,Albania,SVK,ALB,2012,3338,788.7294,Europe,Europe,Eastern Europe,Southern Europe
Belarus,Czechia,BLR,CZE,2012,25198,986.366,Europe,Europe,Eastern Europe,Eastern Europe
Finland,Romania,FIN,ROU,2014,10540,,Europe,Europe,Northern Europe,Eastern Europe
Ukraine,Czechia,UKR,CZE,2016,169503,1141.565,Europe,Europe,Eastern Europe,Eastern Europe
United Kingdom of Great Britain and Northern Ireland,Ireland,GBR,IRL,2011,8115669,460.4115,Europe,Europe,Northern Europe,Northern Europe
San Marino,Portugal,SMR,PRT,2016,,1891.408,Europe,Europe,Southern Europe,Southern Europe
Slovenia,Greece,SVN,GRC,2015,31947,1176.784,Europe,Europe,Southern Europe,Southern Europe
Moldova (Republic of),Finland,MDA,FIN,2015,1642,1482.904,Europe,Europe,Eastern Europe,Northern Europe
Latvia,Portugal,LVA,PRT,2014,10059,3152.139,Europe,Europe,Northern Europe,Southern Europe
Russian Federation,Bosnia and Herzegovina,RUS,BIH,2016,10037,1902.116,Europe,Europe,Eastern Europe,Southern Europe
Bulgaria,Switzerland,BGR,CHE,2015,75876,1337.572,Europe,Europe,Eastern Europe,Western Europe
Lithuania,Netherlands,LTU,NLD,2015,74801,1370.703,Europe,Europe,Northern Europe,Western Europe
Belgium,Gibraltar,BEL,GIB,2015,55,1810.312,Europe,Europe,Western Europe,Southern Europe
San Marino,Slovenia,SMR,SVN,2015,,283.7302,Europe,Europe,Southern Europe,Southern Europe
Netherlands,Poland,NLD,POL,2015,559998,1093.599,Europe,Europe,Western Europe,Eastern Europe
San Marino,France,SMR,FRA,2016,,951.0759,Europe,Europe,Southern Europe,Western Europe
Belgium,Sweden,BEL,SWE,2015,248714,1283.716,Europe,Europe,Western Europe,Northern Europe
Greece,Netherlands,GRC,NLD,2016,591927,2162.912,Europe,Europe,Southern Europe,Western Europe
Portugal,Czechia,PRT,CZE,2014,63499,2245.294,Europe,Europe,Southern Europe,Eastern Europe
Russian Federation,Italy,RUS,ITA,2015,1203083,2383.171,Europe,Europe,Eastern Europe,Southern Europe
Malta,Greece,MLT,GRC,2011,17206,850.6025,Europe,Europe,Southern Europe,Southern Europe
Bosnia and Herzegovina,Ireland,BIH,IRL,2012,647,2084.593,Europe,Europe,Southern Europe,Northern Europe
Finland,Croatia,FIN,HRV,2015,82783,1702.673,Europe,Europe,Northern Europe,Southern Europe
Albania,Russian Federation,ALB,RUS,2016,16631,2063.678,Europe,Europe,Southern Europe,Eastern Europe
Romania,Germany,ROU,DEU,2012,627736,,Europe,Europe,Eastern Europe,Western Europe
Greece,Sweden,GRC,SWE,2015,249274,2408.377,Europe,Europe,Southern Europe,Northern Europe
Italy,Germany,ITA,DEU,2015,11730844,1146.023,Europe,Europe,Southern Europe,Western Europe
Germany,Ireland,DEU,IRL,2011,1035871,920.8693,Europe,Europe,Western Europe,Northern Europe
Switzerland,Malta,CHE,MLT,2012,50908,1363.745,Europe,Europe,Western Europe,Southern Europe
Lithuania,Sweden,LTU,SWE,2012,77922,677.4822,Europe,Europe,Northern Europe,Northern Europe
Macedonia (the former Yugoslav Republic of),Switzerland,MKD,CHE,2015,157422,1240.798,Europe,Europe,Southern Europe,Western Europe
Spain,Moldova (Republic of),ESP,MDA,2015,26811,2697.714,Europe,Europe,Southern Europe,Eastern Europe
Poland,Luxembourg,POL,LUX,2015,25532,1080.571,Europe,Europe,Eastern Europe,Western Europe
Austria,Croatia,AUT,HRV,2014,1131090,270.6798,Europe,Europe,Western Europe,Southern Europe
Macedonia (the former Yugoslav Republic of),Slovenia,MKD,SVN,2016,27369,717.5879,Europe,Europe,Southern Europe,Southern Europe
Albania,Slovenia,ALB,SVN,2014,11506,678.3095,Europe,Europe,Southern Europe,Southern Europe
Germany,Russian Federation,DEU,RUS,2013,2262708,2065.183,Europe,Europe,Western Europe,Eastern Europe
Bosnia and Herzegovina,San Marino,BIH,SMR,2015,,476.5566,Europe,Europe,Southern Europe,Southern Europe
Moldova (Republic of),Slovakia,MDA,SVK,2012,615,884.5414,Europe,Europe,Eastern Europe,Eastern Europe
Bosnia and Herzegovina,Denmark,BIH,DNK,2016,17302,1377.807,Europe,Europe,Southern Europe,Northern Europe
France,Malta,FRA,MLT,2016,210468,1752.693,Europe,Europe,Western Europe,Southern Europe
San Marino,Greece,SMR,GRC,2013,,1152.089,Europe,Europe,Southern Europe,Southern Europe
Croatia,Ukraine,HRV,UKR,2012,75541,1193.37,Europe,Europe,Southern Europe,Eastern Europe
Slovenia,Sweden,SVN,SWE,2015,10771,1495.673,Europe,Europe,Southern Europe,Northern Europe
Luxembourg,Bosnia and Herzegovina,LUX,BIH,2016,1073,1131.459,Europe,Europe,Western Europe,Southern Europe
Italy,Slovakia,ITA,SVK,2014,586296,789.4631,Europe,Europe,Southern Europe,Eastern Europe
Romania,Iceland,ROU,ISL,2012,457,,Europe,Europe,Eastern Europe,Northern Europe
Bulgaria,Moldova (Republic of),BGR,MDA,2016,2153,650.3213,Europe,Europe,Eastern Europe,Eastern Europe
Iceland,United Kingdom of Great Britain and Northern Ireland,ISL,GBR,2014,451277,1891.859,Europe,Europe,Northern Europe,Northern Europe
Austria,Russian Federation,AUT,RUS,2012,547764,1675.699,Europe,Europe,Western Europe,Eastern Europe
Hungary,Malta,HUN,MLT,2015,46938,1343.903,Europe,Europe,Eastern Europe,Southern Europe
Belgium,Malta,BEL,MLT,2012,45553,1851.035,Europe,Europe,Western Europe,Southern Europe
Lithuania,Poland,LTU,POL,2011,2559632,393.7521,Europe,Europe,Northern Europe,Eastern Europe
Belarus,Malta,BLR,MLT,2013,276,2236.243,Europe,Europe,Eastern Europe,Southern Europe
Czechia,Malta,CZE,MLT,2016,15375,1580.469,Europe,Europe,Eastern Europe,Southern Europe
Gibraltar,Malta,GIB,MLT,2016,252,1787.032,Europe,Europe,Southern Europe,Southern Europe
Ukraine,Belarus,UKR,BLR,2011,2645681,433.5281,Europe,Europe,Eastern Europe,Eastern Europe
Denmark,Malta,DNK,MLT,2013,38819,2204.997,Europe,Europe,Northern Europe,Southern Europe
Moldova (Republic of),Belgium,MDA,BEL,2014,4684,1831.669,Europe,Europe,Eastern Europe,Western Europe
Switzerland,Malta,CHE,MLT,2014,63746,1363.745,Europe,Europe,Western Europe,Southern Europe
Romania,Greece,ROU,GRC,2016,1117109,,Europe,Europe,Eastern Europe,Southern Europe
Luxembourg,Malta,LUX,MLT,2013,3239,1669.155,Europe,Europe,Western Europe,Southern Europe
Bulgaria,France,BGR,FRA,2013,106399,1760.707,Europe,Europe,Eastern Europe,Western Europe
Slovenia,Malta,SVN,MLT,2016,10132,1131.545,Europe,Europe,Southern Europe,Southern Europe
Hungary,Spain,HUN,ESP,2016,480079,1977.705,Europe,Europe,Eastern Europe,Southern Europe
Italy,Malta,ITA,MLT,2011,519667,688.7803,Europe,Europe,Southern Europe,Southern Europe
San Marino,Malta,SMR,MLT,2014,,912.6896,Europe,Europe,Southern Europe,Southern Europe
Greece,Malta,GRC,MLT,2015,26866,850.6025,Europe,Europe,Southern Europe,Southern Europe
Sweden,Malta,SWE,MLT,2015,68294,2620.794,Europe,Europe,Northern Europe,Southern Europe
Hungary,Gibraltar,HUN,GIB,2013,27,2371.369,Europe,Europe,Eastern Europe,Southern Europe
Moldova (Republic of),Malta,MDA,MLT,2014,264,1712.083,Europe,Europe,Eastern Europe,Southern Europe
Croatia,Bulgaria,HRV,BGR,2015,79888,680.4865,Europe,Europe,Southern Europe,Eastern Europe
Hungary,Malta,HUN,MLT,2013,22542,1343.903,Europe,Europe,Eastern Europe,Southern Europe
Russian Federation,Portugal,RUS,PRT,2012,79288,3913.34,Europe,Europe,Eastern Europe,Southern Europe
Ireland,United Kingdom of Great Britain and Northern Ireland,IRL,GBR,2014,8217426,460.4115,Europe,Europe,Northern Europe,Northern Europe
Germany,Malta,DEU,MLT,2011,258091,1833.687,Europe,Europe,Western Europe,Southern Europe
Malta,Slovakia,MLT,SVK,2015,6680,1382.29,Europe,Europe,Southern Europe,Eastern Europe
Belarus,Ukraine,BLR,UKR,2012,3093221,433.5281,Europe,Europe,Eastern Europe,Eastern Europe
Albania,Malta,ALB,MLT,2012,172,759.1236,Europe,Europe,Southern Europe,Southern Europe
Greece,Slovakia,GRC,SVK,2014,67440,1249.986,Europe,Europe,Southern Europe,Eastern Europe
Croatia,Germany,HRV,DEU,2014,2060268,912.2662,Europe,Europe,Southern Europe,Western Europe
Hungary,Albania,HUN,ALB,2012,5565,689.0358,Europe,Europe,Eastern Europe,Southern Europe
Spain,Malta,ESP,MLT,2015,108617,1670.797,Europe,Europe,Southern Europe,Southern Europe
Portugal,Hungary,PRT,HUN,2014,59374,2471.427,Europe,Europe,Southern Europe,Eastern Europe
Czechia,Malta,CZE,MLT,2014,13184,1580.469,Europe,Europe,Eastern Europe,Southern Europe
Luxembourg,Malta,LUX,MLT,2014,3673,1669.155,Europe,Europe,Western Europe,Southern Europe
Germany,Malta,DEU,MLT,2014,286820,1833.687,Europe,Europe,Western Europe,Southern Europe
France,Malta,FRA,MLT,2013,154420,1752.693,Europe,Europe,Western Europe,Southern Europe
Bulgaria,Finland,BGR,FIN,2011,38324,1947.447,Europe,Europe,Eastern Europe,Northern Europe
Lithuania,Luxembourg,LTU,LUX,2012,2332,1420.353,Europe,Europe,Northern Europe,Western Europe
Ireland,Malta,IRL,MLT,2015,51470,2525.637,Europe,Europe,Northern Europe,Southern Europe
Spain,Italy,ESP,ITA,2016,8312278,1366.76,Europe,Europe,Southern Europe,Southern Europe
Andorra,Malta,AND,MLT,2014,,1340.487,Europe,Europe,Southern Europe,Southern Europe
Switzerland,Andorra,CHE,AND,2016,0,681.8435,Europe,Europe,Western Europe,Southern Europe
Netherlands,Malta,NLD,MLT,2016,81486,1981.948,Europe,Europe,Western Europe,Southern Europe
Ukraine,Malta,UKR,MLT,2011,3378,2062.274,Europe,Europe,Eastern Europe,Southern Europe
Sweden,Luxembourg,SWE,LUX,2014,23229,1325.934,Europe,Europe,Northern Europe,Western Europe
Belgium,Belarus,BEL,BLR,2015,4099,1601.903,Europe,Europe,Western Europe,Eastern Europe
Ireland,Malta,IRL,MLT,2016,53256,2525.637,Europe,Europe,Northern Europe,Southern Europe
Bosnia and Herzegovina,Malta,BIH,MLT,2016,830,946.8785,Europe,Europe,Southern Europe,Southern Europe
Bosnia and Herzegovina,Malta,BIH,MLT,2011,344,946.8785,Europe,Europe,Southern Europe,Southern Europe
Switzerland,Denmark,CHE,DNK,2013,392006,1033.508,Europe,Europe,Western Europe,Northern Europe
Belgium,Malta,BEL,MLT,2011,53590,1851.035,Europe,Europe,Western Europe,Southern Europe
Ukraine,Czechia,UKR,CZE,2011,161297,1141.565,Europe,Europe,Eastern Europe,Eastern Europe
Ukraine,Malta,UKR,MLT,2015,5654,2062.274,Europe,Europe,Eastern Europe,Southern Europe
Bosnia and Herzegovina,Macedonia (the former Yugoslav Republic of),BIH,MKD,2013,10445,322.8538,Europe,Europe,Southern Europe,Southern Europe
Belgium,Hungary,BEL,HUN,2013,324188,1129.979,Europe,Europe,Western Europe,Eastern Europe
Portugal,Lithuania,PRT,LTU,2015,10256,3123.619,Europe,Europe,Southern Europe,Northern Europe
Latvia,Croatia,LVA,HRV,2014,6086,1361.346,Europe,Europe,Northern Europe,Southern Europe
Norway,Germany,NOR,DEU,2012,1359368,969.2816,Europe,Europe,Northern Europe,Western Europe
Bosnia and Herzegovina,San Marino,BIH,SMR,2016,,476.5566,Europe,Europe,Southern Europe,Southern Europe
Bosnia and Herzegovina,Luxembourg,BIH,LUX,2016,1123,1131.459,Europe,Europe,Southern Europe,Western Europe
Romania,Macedonia (the former Yugoslav Republic of),ROU,MKD,2016,39457,,Europe,Europe,Eastern Europe,Southern Europe
Slovenia,Macedonia (the former Yugoslav Republic of),SVN,MKD,2012,26259,717.5879,Europe,Europe,Southern Europe,Southern Europe
Italy,Malta,ITA,MLT,2015,696232,688.7803,Europe,Europe,Southern Europe,Southern Europe
United Kingdom of Great Britain and Northern Ireland,Denmark,GBR,DNK,2011,1654862,959.5936,Europe,Europe,Northern Europe,Northern Europe
Macedonia (the former Yugoslav Republic of),Estonia,MKD,EST,2013,325,1951.641,Europe,Europe,Southern Europe,Northern Europe
Finland,Norway,FIN,NOR,2012,318345,791.2361,Europe,Europe,Northern Europe,Northern Europe
Greece,Italy,GRC,ITA,2012,1264396,1050.411,Europe,Europe,Southern Europe,Southern Europe
Macedonia (the former Yugoslav Republic of),Hungary,MKD,HUN,2012,6116,641.169,Europe,Europe,Southern Europe,Eastern Europe
Macedonia (the former Yugoslav Republic of),Poland,MKD,POL,2012,2596,1141.357,Europe,Europe,Southern Europe,Eastern Europe
San Marino,Norway,SMR,NOR,2011,,1780.931,Europe,Europe,Southern Europe,Northern Europe
Sweden,Lithuania,SWE,LTU,2015,102322,677.4822,Europe,Europe,Northern Europe,Northern Europe
Ukraine,Latvia,UKR,LVA,2013,116191,839.8457,Europe,Europe,Eastern Europe,Northern Europe
Malta,Italy,MLT,ITA,2015,696327,688.7803,Europe,Europe,Southern Europe,Southern Europe
Netherlands,Iceland,NLD,ISL,2011,43955,2022.635,Europe,Europe,Western Europe,Northern Europe
Ireland,Czechia,IRL,CZE,2011,67161,1465.218,Europe,Europe,Northern Europe,Eastern Europe
Ireland,Portugal,IRL,PRT,2011,390884,1639.821,Europe,Europe,Northern Europe,Southern Europe
Malta,Belgium,MLT,BEL,2012,47237,1851.035,Europe,Europe,Southern Europe,Western Europe
Czechia,Norway,CZE,NOR,2014,122108,1117.156,Europe,Europe,Eastern Europe,Northern Europe
Romania,Croatia,ROU,HRV,2011,82888,,Europe,Europe,Eastern Europe,Southern Europe
Malta,Romania,MLT,ROU,2013,8823,,Europe,Europe,Southern Europe,Eastern Europe
Slovakia,Romania,SVK,ROU,2016,106346,,Europe,Europe,Eastern Europe,Eastern Europe
Netherlands,Latvia,NLD,LVA,2016,67911,1332.481,Europe,Europe,Western Europe,Northern Europe
Ireland,Slovenia,IRL,SVN,2015,2522,1689.878,Europe,Europe,Northern Europe,Southern Europe
Austria,Gibraltar,AUT,GIB,2016,40,2226.795,Europe,Europe,Western Europe,Southern Europe
Iceland,Portugal,ISL,PRT,2014,1825,2952.572,Europe,Europe,Northern Europe,Southern Europe
Belarus,Slovenia,BLR,SVN,2012,739,1267.967,Europe,Europe,Eastern Europe,Southern Europe
Gibraltar,Iceland,GIB,ISL,2014,3,3312.355,Europe,Europe,Southern Europe,Northern Europe
Spain,Andorra,ESP,AND,2016,0,492.9274,Europe,Europe,Southern Europe,Southern Europe
Estonia,Lithuania,EST,LTU,2012,87109,527.9267,Europe,Europe,Northern Europe,Northern Europe
Moldova (Republic of),Germany,MDA,DEU,2015,54028,1656.772,Europe,Europe,Eastern Europe,Western Europe
Greece,Latvia,GRC,LVA,2011,11279,2109.292,Europe,Europe,Southern Europe,Northern Europe
France,San Marino,FRA,SMR,2015,,951.0759,Europe,Europe,Western Europe,Southern Europe
Spain,Slovenia,ESP,SVN,2014,8814,1600.555,Europe,Europe,Southern Europe,Southern Europe
Czechia,Macedonia (the former Yugoslav Republic of),CZE,MKD,2014,3214,1051.492,Europe,Europe,Eastern Europe,Southern Europe
Switzerland,Slovenia,CHE,SVN,2015,49512,549.9726,Europe,Europe,Western Europe,Southern Europe
Sweden,Macedonia (the former Yugoslav Republic of),SWE,MKD,2011,7837,1943.276,Europe,Europe,Northern Europe,Southern Europe
Belarus,France,BLR,FRA,2015,31732,1823.709,Europe,Europe,Eastern Europe,Western Europe
Italy,Macedonia (the former Yugoslav Republic of),ITA,MKD,2013,68768,742.0995,Europe,Europe,Southern Europe,Southern Europe
Romania,Lithuania,ROU,LTU,2012,14021,,Europe,Europe,Eastern Europe,Northern Europe
Italy,Russian Federation,ITA,RUS,2012,1162472,2383.171,Europe,Europe,Southern Europe,Eastern Europe
France,Switzerland,FRA,CHE,2014,2455769,436.0778,Europe,Europe,Western Europe,Western Europe
Belarus,Switzerland,BLR,CHE,2016,13063,1609.652,Europe,Europe,Eastern Europe,Western Europe
Sweden,Slovenia,SWE,SVN,2015,10872,1495.673,Europe,Europe,Northern Europe,Southern Europe
Iceland,Macedonia (the former Yugoslav Republic of),ISL,MKD,2016,113,3686.858,Europe,Europe,Northern Europe,Southern Europe
Ukraine,Gibraltar,UKR,GIB,2013,983,3267.28,Europe,Europe,Eastern Europe,Southern Europe
Albania,Macedonia (the former Yugoslav Republic of),ALB,MKD,2016,587623,155.9628,Europe,Europe,Southern Europe,Southern Europe
Iceland,Latvia,ISL,LVA,2016,4655,2579.342,Europe,Europe,Northern Europe,Northern Europe
Belarus,Macedonia (the former Yugoslav Republic of),BLR,MKD,2014,294,1392.291,Europe,Europe,Eastern Europe,Southern Europe
Netherlands,Italy,NLD,ITA,2013,2271122,1297.695,Europe,Europe,Western Europe,Southern Europe
United Kingdom of Great Britain and Northern Ireland,Macedonia (the former Yugoslav Republic of),GBR,MKD,2015,64287,1948.1,Europe,Europe,Northern Europe,Southern Europe
Sweden,Macedonia (the former Yugoslav Republic of),SWE,MKD,2015,121922,1943.276,Europe,Europe,Northern Europe,Southern Europe
Switzerland,Moldova (Republic of),CHE,MDA,2012,5794,1620.078,Europe,Europe,Western Europe,Eastern Europe
Gibraltar,Macedonia (the former Yugoslav Republic of),GIB,MKD,2016,2,2396.474,Europe,Europe,Southern Europe,Southern Europe
Ukraine,Macedonia (the former Yugoslav Republic of),UKR,MKD,2016,7770,1165.076,Europe,Europe,Eastern Europe,Southern Europe
Ukraine,Macedonia (the former Yugoslav Republic of),UKR,MKD,2015,6345,1165.076,Europe,Europe,Eastern Europe,Southern Europe
Gibraltar,San Marino,GIB,SMR,2016,,1746.044,Europe,Europe,Southern Europe,Southern Europe
Ireland,Croatia,IRL,HRV,2015,73098,1799.206,Europe,Europe,Northern Europe,Southern Europe
Greece,Sweden,GRC,SWE,2012,137037,2408.377,Europe,Europe,Southern Europe,Northern Europe
France,Macedonia (the former Yugoslav Republic of),FRA,MKD,2015,33264,1672.04,Europe,Europe,Western Europe,Southern Europe
Croatia,Macedonia (the former Yugoslav Republic of),HRV,MKD,2016,42890,610.8091,Europe,Europe,Southern Europe,Southern Europe
Sweden,Macedonia (the former Yugoslav Republic of),SWE,MKD,2014,102504,1943.276,Europe,Europe,Northern Europe,Southern Europe
Gibraltar,Macedonia (the former Yugoslav Republic of),GIB,MKD,2011,0,2396.474,Europe,Europe,Southern Europe,Southern Europe
Norway,Bosnia and Herzegovina,NOR,BIH,2016,16303,1859.721,Europe,Europe,Northern Europe,Southern Europe
Hungary,Macedonia (the former Yugoslav Republic of),HUN,MKD,2012,3893,641.169,Europe,Europe,Eastern Europe,Southern Europe
France,Bulgaria,FRA,BGR,2014,126489,1760.707,Europe,Europe,Western Europe,Eastern Europe
Poland,Macedonia (the former Yugoslav Republic of),POL,MKD,2013,2194,1141.357,Europe,Europe,Eastern Europe,Southern Europe
Iceland,Bulgaria,ISL,BGR,2012,288,3709.101,Europe,Europe,Northern Europe,Eastern Europe
Netherlands,Macedonia (the former Yugoslav Republic of),NLD,MKD,2015,28208,1694.944,Europe,Europe,Western Europe,Southern Europe
Denmark,Ireland,DNK,IRL,2011,104673,1240.498,Europe,Europe,Northern Europe,Northern Europe
San Marino,Macedonia (the former Yugoslav Republic of),SMR,MKD,2012,,762.0729,Europe,Europe,Southern Europe,Southern Europe
Macedonia (the former Yugoslav Republic of),Malta,MKD,MLT,2011,247,905.4888,Europe,Europe,Southern Europe,Southern Europe
Denmark,Macedonia (the former Yugoslav Republic of),DNK,MKD,2015,9900,1651.324,Europe,Europe,Northern Europe,Southern Europe
Hungary,Italy,HUN,ITA,2016,1001132,811.4083,Europe,Europe,Eastern Europe,Southern Europe
Italy,Norway,ITA,NOR,2011,436810,2010.678,Europe,Europe,Southern Europe,Northern Europe
Bulgaria,Ukraine,BGR,UKR,2013,435526,1022.553,Europe,Europe,Eastern Europe,Eastern Europe
Portugal,Belgium,PRT,BEL,2012,396233,1711.396,Europe,Europe,Southern Europe,Western Europe
Latvia,Andorra,LVA,AND,2012,,2266.706,Europe,Europe,Northern Europe,Southern Europe
Greece,Macedonia (the former Yugoslav Republic of),GRC,MKD,2014,2389257,485.2823,Europe,Europe,Southern Europe,Southern Europe
San Marino,Macedonia (the former Yugoslav Republic of),SMR,MKD,2011,,762.0729,Europe,Europe,Southern Europe,Southern Europe
Austria,Macedonia (the former Yugoslav Republic of),AUT,MKD,2014,24587,799.0887,Europe,Europe,Western Europe,Southern Europe
Estonia,United Kingdom of Great Britain and Northern Ireland,EST,GBR,2014,134413,1787.092,Europe,Europe,Northern Europe,Northern Europe
Russian Federation,Latvia,RUS,LVA,2016,886597,847.8519,Europe,Europe,Eastern Europe,Northern Europe
Luxembourg,Ireland,LUX,IRL,2015,25838,953.1994,Europe,Europe,Western Europe,Northern Europe
Andorra,Malta,AND,MLT,2012,,1340.487,Europe,Europe,Southern Europe,Southern Europe
Lithuania,Hungary,LTU,HUN,2014,6862,910.8107,Europe,Europe,Northern Europe,Eastern Europe
Portugal,Greece,PRT,GRC,2014,45021,2853.773,Europe,Europe,Southern Europe,Southern Europe
Albania,Belarus,ALB,BLR,2015,40,1505.639,Europe,Europe,Southern Europe,Eastern Europe
Spain,Romania,ESP,ROU,2013,470728,,Europe,Europe,Southern Europe,Eastern Europe
Poland,Denmark,POL,DNK,2015,356578,668.9079,Europe,Europe,Eastern Europe,Northern Europe
Belarus,Denmark,BLR,DNK,2014,4577,977.0479,Europe,Europe,Eastern Europe,Northern Europe
Netherlands,Andorra,NLD,AND,2011,,1125.463,Europe,Europe,Western Europe,Southern Europe
Hungary,Austria,HUN,AUT,2014,1544055,215.6626,Europe,Europe,Eastern Europe,Western Europe
Estonia,Hungary,EST,HUN,2011,6928,1377.818,Europe,Europe,Northern Europe,Eastern Europe
Belarus,Albania,BLR,ALB,2016,168,1505.639,Europe,Europe,Eastern Europe,Southern Europe
Netherlands,Iceland,NLD,ISL,2013,63723,2022.635,Europe,Europe,Western Europe,Northern Europe
Hungary,Moldova (Republic of),HUN,MDA,2011,8901,740.7287,Europe,Europe,Eastern Europe,Eastern Europe
Moldova (Republic of),Spain,MDA,ESP,2015,24087,2697.714,Europe,Europe,Eastern Europe,Southern Europe
Moldova (Republic of),Bulgaria,MDA,BGR,2014,174955,650.3213,Europe,Europe,Eastern Europe,Eastern Europe
Slovenia,Russian Federation,SVN,RUS,2015,54249,1937.979,Europe,Europe,Southern Europe,Eastern Europe
Iceland,Latvia,ISL,LVA,2011,1494,2579.342,Europe,Europe,Northern Europe,Northern Europe
Italy,Norway,ITA,NOR,2015,406290,2010.678,Europe,Europe,Southern Europe,Northern Europe
Lithuania,Malta,LTU,MLT,2015,18786,2248.596,Europe,Europe,Northern Europe,Southern Europe
Ireland,Macedonia (the former Yugoslav Republic of),IRL,MKD,2012,347,2407.447,Europe,Europe,Northern Europe,Southern Europe
Belarus,Lithuania,BLR,LTU,2011,95418,169.5256,Europe,Europe,Eastern Europe,Northern Europe
France,Croatia,FRA,HRV,2015,268701,1081.762,Europe,Europe,Western Europe,Southern Europe
Finland,San Marino,FIN,SMR,2016,,1986.678,Europe,Europe,Northern Europe,Southern Europe
Slovakia,Denmark,SVK,DNK,2011,3430,891.5908,Europe,Europe,Eastern Europe,Northern Europe
Estonia,Malta,EST,MLT,2015,4855,2719.935,Europe,Europe,Northern Europe,Southern Europe
Slovakia,Iceland,SVK,ISL,2014,10,2932.617,Europe,Europe,Eastern Europe,Northern Europe
Italy,Greece,ITA,GRC,2015,2004981,1050.411,Europe,Europe,Southern Europe,Southern Europe
Ukraine,Gibraltar,UKR,GIB,2011,1370,3267.28,Europe,Europe,Eastern Europe,Southern Europe
Lithuania,Italy,LTU,ITA,2016,223108,1706.051,Europe,Europe,Northern Europe,Southern Europe
Italy,Romania,ITA,ROU,2015,1343176,,Europe,Europe,Southern Europe,Eastern Europe
Greece,Iceland,GRC,ISL,2014,1241,4166.699,Europe,Europe,Southern Europe,Northern Europe
Albania,Romania,ALB,ROU,2013,18807,,Europe,Europe,Southern Europe,Eastern Europe
Ireland,Sweden,IRL,SWE,2011,95854,1631.147,Europe,Europe,Northern Europe,Northern Europe
Czechia,Finland,CZE,FIN,2011,88348,1300.095,Europe,Europe,Eastern Europe,Northern Europe
Iceland,Greece,ISL,GRC,2015,2097,4166.699,Europe,Europe,Northern Europe,Southern Europe
United Kingdom of Great Britain and Northern Ireland,Ireland,GBR,IRL,2015,8812775,460.4115,Europe,Europe,Northern Europe,Northern Europe
Russian Federation,Belgium,RUS,BEL,2014,134624,2261.25,Europe,Europe,Eastern Europe,Western Europe
Greece,Lithuania,GRC,LTU,2011,39585,1860.701,Europe,Europe,Southern Europe,Northern Europe
Hungary,Romania,HUN,ROU,2015,3767938,,Europe,Europe,Eastern Europe,Eastern Europe
Czechia,Germany,CZE,DEU,2014,2000880,545.6255,Europe,Europe,Eastern Europe,Western Europe
Gibraltar,Czechia,GIB,CZE,2016,57,2222.865,Europe,Europe,Southern Europe,Eastern Europe
United Kingdom of Great Britain and Northern Ireland,Sweden,GBR,SWE,2015,1725246,1437.571,Europe,Europe,Northern Europe,Northern Europe
Lithuania,Albania,LTU,ALB,2012,282,1540.066,Europe,Europe,Northern Europe,Southern Europe
Slovakia,Norway,SVK,NOR,2015,18597,1371.805,Europe,Europe,Eastern Europe,Northern Europe
Ireland,Hungary,IRL,HUN,2015,137458,1895.995,Europe,Europe,Northern Europe,Eastern Europe
Norway,Finland,NOR,FIN,2013,274889,791.2361,Europe,Europe,Northern Europe,Northern Europe
Italy,Switzerland,ITA,CHE,2016,3856475,692.6592,Europe,Europe,Southern Europe,Western Europe
Germany,Latvia,DEU,LVA,2011,299156,1265.433,Europe,Europe,Western Europe,Northern Europe
Moldova (Republic of),Poland,MDA,POL,2016,10776,811.762,Europe,Europe,Eastern Europe,Eastern Europe
Moldova (Republic of),Italy,MDA,ITA,2012,213256,1413.827,Europe,Europe,Eastern Europe,Southern Europe
Denmark,United Kingdom of Great Britain and Northern Ireland,DNK,GBR,2015,2316500,959.5936,Europe,Europe,Northern Europe,Northern Europe
United Kingdom of Great Britain and Northern Ireland,Macedonia (the former Yugoslav Republic of),GBR,MKD,2014,54700,1948.1,Europe,Europe,Northern Europe,Southern Europe
Czechia,United Kingdom of Great Britain and Northern Ireland,CZE,GBR,2014,1070440,1036.988,Europe,Europe,Eastern Europe,Northern Europe
San Marino,Hungary,SMR,HUN,2016,,644.5287,Europe,Europe,Southern Europe,Eastern Europe
Estonia,San Marino,EST,SMR,2016,,1911.032,Europe,Europe,Northern Europe,Southern Europe
Germany,Malta,DEU,MLT,2012,240001,1833.687,Europe,Europe,Western Europe,Southern Europe
Switzerland,Croatia,CHE,HRV,2014,128503,667.2937,Europe,Europe,Western Europe,Southern Europe
Slovakia,Czechia,SVK,CZE,2014,929249,293.086,Europe,Europe,Eastern Europe,Eastern Europe
Ukraine,Latvia,UKR,LVA,2014,76779,839.8457,Europe,Europe,Eastern Europe,Northern Europe
Moldova (Republic of),Macedonia (the former Yugoslav Republic of),MDA,MKD,2016,209,806.5962,Europe,Europe,Eastern Europe,Southern Europe
Poland,Finland,POL,FIN,2015,198118,911.2882,Europe,Europe,Eastern Europe,Northern Europe
Albania,Portugal,ALB,PRT,2012,818,2472.398,Europe,Europe,Southern Europe,Southern Europe
Albania,Bulgaria,ALB,BGR,2013,50570,324.0465,Europe,Europe,Southern Europe,Eastern Europe
Portugal,Spain,PRT,ESP,2011,3312823,500.9223,Europe,Europe,Southern Europe,Southern Europe
Gibraltar,Sweden,GIB,SWE,2015,62,3086.185,Europe,Europe,Southern Europe,Northern Europe
Netherlands,Bulgaria,NLD,BGR,2012,80564,1745.082,Europe,Europe,Western Europe,Eastern Europe
Slovenia,Moldova (Republic of),SVN,MDA,2014,384,1100.799,Europe,Europe,Southern Europe,Eastern Europe
Czechia,United Kingdom of Great Britain and Northern Ireland,CZE,GBR,2013,976531,1036.988,Europe,Europe,Eastern Europe,Northern Europe
Slovakia,Andorra,SVK,AND,2012,,1374.983,Europe,Europe,Eastern Europe,Southern Europe
Portugal,Gibraltar,PRT,GIB,2014,27,442.1214,Europe,Europe,Southern Europe,Southern Europe
Switzerland,Norway,CHE,NOR,2015,191960,1459.379,Europe,Europe,Western Europe,Northern Europe
Sweden,Spain,SWE,ESP,2016,1777774,2596.908,Europe,Europe,Northern Europe,Southern Europe
San Marino,Austria,SMR,AUT,2011,,561.1404,Europe,Europe,Southern Europe,Western Europe
Latvia,Ireland,LVA,IRL,2014,86794,1954.941,Europe,Europe,Northern Europe,Northern Europe
Norway,Austria,NOR,AUT,2014,143292,1351.699,Europe,Europe,Northern Europe,Western Europe
Lithuania,Bosnia and Herzegovina,LTU,BIH,2013,266,1302.017,Europe,Europe,Northern Europe,Southern Europe
Moldova (Republic of),Sweden,MDA,SWE,2013,2927,1544.391,Europe,Europe,Eastern Europe,Northern Europe
San Marino,Iceland,SMR,ISL,2012,,3109.966,Europe,Europe,Southern Europe,Northern Europe
Estonia,Ireland,EST,IRL,2012,24082,2005.127,Europe,Europe,Northern Europe,Northern Europe
Germany,Belgium,DEU,BEL,2015,2300590,196.8761,Europe,Europe,Western Europe,Western Europe
Ukraine,Malta,UKR,MLT,2013,3361,2062.274,Europe,Europe,Eastern Europe,Southern Europe
Greece,Albania,GRC,ALB,2012,694388,500.1241,Europe,Europe,Southern Europe,Southern Europe
Latvia,Ireland,LVA,IRL,2011,77185,1954.941,Europe,Europe,Northern Europe,Northern Europe
Lithuania,United Kingdom of Great Britain and Northern Ireland,LTU,GBR,2012,526987,1729.554,Europe,Europe,Northern Europe,Northern Europe
Hungary,France,HUN,FRA,2016,413561,1247.24,Europe,Europe,Eastern Europe,Western Europe
Latvia,Austria,LVA,AUT,2014,44502,1102.181,Europe,Europe,Northern Europe,Western Europe
Italy,United Kingdom of Great Britain and Northern Ireland,ITA,GBR,2011,7133256,1438.425,Europe,Europe,Southern Europe,Northern Europe
Germany,Netherlands,DEU,NLD,2013,7619308,173.5239,Europe,Europe,Western Europe,Western Europe
Ireland,Austria,IRL,AUT,2015,119977,1681.996,Europe,Europe,Northern Europe,Western Europe
Iceland,Switzerland,ISL,CHE,2015,64955,2617.349,Europe,Europe,Northern Europe,Western Europe
Malta,Spain,MLT,ESP,2015,110359,1670.797,Europe,Europe,Southern Europe,Southern Europe
Greece,Ukraine,GRC,UKR,2015,92551,1482.129,Europe,Europe,Southern Europe,Eastern Europe
Croatia,Romania,HRV,ROU,2014,84395,,Europe,Europe,Southern Europe,Eastern Europe
Netherlands,Latvia,NLD,LVA,2015,72593,1332.481,Europe,Europe,Western Europe,Northern Europe
Greece,France,GRC,FRA,2015,1647938,2098.726,Europe,Europe,Southern Europe,Western Europe
Greece,Gibraltar,GRC,GIB,2015,373,2580.711,Europe,Europe,Southern Europe,Southern Europe
Hungary,Belgium,HUN,BEL,2016,324365,1129.979,Europe,Europe,Eastern Europe,Western Europe
Austria,Norway,AUT,NOR,2015,143277,1351.699,Europe,Europe,Western Europe,Northern Europe
Finland,Ireland,FIN,IRL,2012,32493,2028.749,Europe,Europe,Northern Europe,Northern Europe
Lithuania,Latvia,LTU,LVA,2015,2754962,263.4897,Europe,Europe,Northern Europe,Northern Europe
Spain,Iceland,ESP,ISL,2015,106381,2894.701,Europe,Europe,Southern Europe,Northern Europe
Belgium,Portugal,BEL,PRT,2014,664572,1711.396,Europe,Europe,Western Europe,Southern Europe
Croatia,Gibraltar,HRV,GIB,2013,28,2079.915,Europe,Europe,Southern Europe,Southern Europe
Russian Federation,Gibraltar,RUS,GIB,2016,1083,3890.748,Europe,Europe,Eastern Europe,Southern Europe
United Kingdom of Great Britain and Northern Ireland,Poland,GBR,POL,2016,5340212,1451.644,Europe,Europe,Northern Europe,Eastern Europe
Malta,Croatia,MLT,HRV,2014,4696,1108.396,Europe,Europe,Southern Europe,Southern Europe
Poland,Spain,POL,ESP,2015,971863,2293.005,Europe,Europe,Eastern Europe,Southern Europe
Greece,Romania,GRC,ROU,2012,307182,,Europe,Europe,Southern Europe,Eastern Europe
Luxembourg,Portugal,LUX,PRT,2014,179620,1711.773,Europe,Europe,Western Europe,Southern Europe
Spain,Andorra,ESP,AND,2011,0,492.9274,Europe,Europe,Southern Europe,Southern Europe
Bosnia and Herzegovina,Denmark,BIH,DNK,2013,17755,1377.807,Europe,Europe,Southern Europe,Northern Europe
Sweden,Estonia,SWE,EST,2013,332900,377.9402,Europe,Europe,Northern Europe,Northern Europe
Belarus,Luxembourg,BLR,LUX,2014,479,1539.179,Europe,Europe,Eastern Europe,Western Europe
Luxembourg,Lithuania,LUX,LTU,2011,2376,1420.353,Europe,Europe,Western Europe,Northern Europe
United Kingdom of Great Britain and Northern Ireland,Latvia,GBR,LVA,2014,447406,1680.389,Europe,Europe,Northern Europe,Northern Europe
Slovenia,Romania,SVN,ROU,2011,38573,,Europe,Europe,Southern Europe,Eastern Europe
Estonia,Spain,EST,ESP,2015,71805,2895.384,Europe,Europe,Northern Europe,Southern Europe
Moldova (Republic of),Norway,MDA,NOR,2011,1441,1858.963,Europe,Europe,Eastern Europe,Northern Europe
Switzerland,Estonia,CHE,EST,2016,27545,1794.213,Europe,Europe,Western Europe,Northern Europe
Netherlands,Latvia,NLD,LVA,2011,35692,1332.481,Europe,Europe,Western Europe,Northern Europe
France,Italy,FRA,ITA,2015,14077361,1109.901,Europe,Europe,Western Europe,Southern Europe
Czechia,Poland,CZE,POL,2016,12891332,516.6628,Europe,Europe,Eastern Europe,Eastern Europe
Slovakia,Ukraine,SVK,UKR,2011,599953,998.2211,Europe,Europe,Eastern Europe,Eastern Europe
Moldova (Republic of),Latvia,MDA,LVA,2015,4679,1153.302,Europe,Europe,Eastern Europe,Northern Europe
Lithuania,Greece,LTU,GRC,2012,43235,1860.701,Europe,Europe,Northern Europe,Southern Europe
Norway,Romania,NOR,ROU,2016,89256,,Europe,Europe,Northern Europe,Eastern Europe
France,Netherlands,FRA,NLD,2013,7176052,427.9169,Europe,Europe,Western Europe,Western Europe
Austria,Ukraine,AUT,UKR,2011,125981,1052.484,Europe,Europe,Western Europe,Eastern Europe
Estonia,Croatia,EST,HRV,2014,15438,1624.37,Europe,Europe,Northern Europe,Southern Europe
Bulgaria,Lithuania,BGR,LTU,2016,30918,1345.486,Europe,Europe,Eastern Europe,Northern Europe
Norway,Moldova (Republic of),NOR,MDA,2011,1612,1858.963,Europe,Europe,Northern Europe,Eastern Europe
Croatia,Ukraine,HRV,UKR,2013,57572,1193.37,Europe,Europe,Southern Europe,Eastern Europe
Poland,Bulgaria,POL,BGR,2016,490833,1080.42,Europe,Europe,Eastern Europe,Eastern Europe
Malta,Slovenia,MLT,SVN,2016,10132,1131.545,Europe,Europe,Southern Europe,Southern Europe
Estonia,Luxembourg,EST,LUX,2015,3994,1614.171,Europe,Europe,Northern Europe,Western Europe
Netherlands,Romania,NLD,ROU,2015,138445,,Europe,Europe,Western Europe,Eastern Europe
Greece,Spain,GRC,ESP,2013,276519,2372.903,Europe,Europe,Southern Europe,Southern Europe
Norway,Germany,NOR,DEU,2014,1305607,969.2816,Europe,Europe,Northern Europe,Western Europe
Croatia,Switzerland,HRV,CHE,2016,247262,667.2937,Europe,Europe,Southern Europe,Western Europe
Malta,Sweden,MLT,SWE,2012,55402,2620.794,Europe,Europe,Southern Europe,Northern Europe
Estonia,Portugal,EST,PRT,2016,13741,3311.847,Europe,Europe,Northern Europe,Southern Europe
Belgium,Sweden,BEL,SWE,2014,236656,1283.716,Europe,Europe,Western Europe,Northern Europe
Moldova (Republic of),Portugal,MDA,PRT,2011,6649,3195.949,Europe,Europe,Eastern Europe,Southern Europe
Luxembourg,Italy,LUX,ITA,2012,121062,989.5763,Europe,Europe,Western Europe,Southern Europe
Netherlands,Bulgaria,NLD,BGR,2014,98884,1745.082,Europe,Europe,Western Europe,Eastern Europe
Poland,Denmark,POL,DNK,2013,232100,668.9079,Europe,Europe,Eastern Europe,Northern Europe
Romania,Hungary,ROU,HUN,2015,3767938,,Europe,Europe,Eastern Europe,Eastern Europe
Finland,Iceland,FIN,ISL,2012,27373,2424.555,Europe,Europe,Northern Europe,Northern Europe
Lithuania,Spain,LTU,ESP,2013,112391,2666.384,Europe,Europe,Northern Europe,Southern Europe
Luxembourg,Romania,LUX,ROU,2016,6553,,Europe,Europe,Western Europe,Eastern Europe
Slovenia,Greece,SVN,GRC,2016,10534,1176.784,Europe,Europe,Southern Europe,Southern Europe
Romania,Czechia,ROU,CZE,2014,149494,,Europe,Europe,Eastern Europe,Eastern Europe
Latvia,France,LVA,FRA,2015,76177,1704.598,Europe,Europe,Northern Europe,Western Europe
Romania,Malta,ROU,MLT,2014,17764,,Europe,Europe,Eastern Europe,Southern Europe
Sweden,Iceland,SWE,ISL,2014,82841,2138.135,Europe,Europe,Northern Europe,Northern Europe
Romania,Slovenia,ROU,SVN,2016,50275,,Europe,Europe,Eastern Europe,Southern Europe
France,Hungary,FRA,HUN,2015,356403,1247.24,Europe,Europe,Western Europe,Eastern Europe
Portugal,Moldova (Republic of),PRT,MDA,2014,10130,3195.949,Europe,Europe,Southern Europe,Eastern Europe
Finland,Latvia,FIN,LVA,2011,227915,358.1294,Europe,Europe,Northern Europe,Northern Europe
Austria,Germany,AUT,DEU,2014,13475286,763.7314,Europe,Europe,Western Europe,Western Europe
Croatia,Hungary,HRV,HUN,2011,382106,302.1079,Europe,Europe,Southern Europe,Eastern Europe
Gibraltar,Moldova (Republic of),GIB,MDA,2015,0,3062.09,Europe,Europe,Southern Europe,Eastern Europe
Russian Federation,Macedonia (the former Yugoslav Republic of),RUS,MKD,2015,6730,1927.484,Europe,Europe,Eastern Europe,Southern Europe
Spain,Moldova (Republic of),ESP,MDA,2014,18250,2697.714,Europe,Europe,Southern Europe,Eastern Europe
Macedonia (the former Yugoslav Republic of),Lithuania,MKD,LTU,2012,331,1439.533,Europe,Europe,Southern Europe,Northern Europe
Iceland,Albania,ISL,ALB,2012,26,3675.061,Europe,Europe,Northern Europe,Southern Europe
Gibraltar,Moldova (Republic of),GIB,MDA,2011,2,3062.09,Europe,Europe,Southern Europe,Eastern Europe
Bosnia and Herzegovina,Moldova (Republic of),BIH,MDA,2013,295,883.0676,Europe,Europe,Southern Europe,Eastern Europe
Gibraltar,Latvia,GIB,LVA,2012,68,3185.494,Europe,Europe,Southern Europe,Northern Europe
Norway,France,NOR,FRA,2014,565955,1342.89,Europe,Europe,Northern Europe,Western Europe
Czechia,Norway,CZE,NOR,2013,137558,1117.156,Europe,Europe,Eastern Europe,Northern Europe
Slovakia,Moldova (Republic of),SVK,MDA,2012,615,884.5414,Europe,Europe,Eastern Europe,Eastern Europe
Italy,Moldova (Republic of),ITA,MDA,2016,355192,1413.827,Europe,Europe,Southern Europe,Eastern Europe
Iceland,Moldova (Republic of),ISL,MDA,2011,3,3584.765,Europe,Europe,Northern Europe,Eastern Europe
Germany,Gibraltar,DEU,GIB,2012,412,1967.273,Europe,Europe,Western Europe,Southern Europe
Gibraltar,Moldova (Republic of),GIB,MDA,2013,0,3062.09,Europe,Europe,Southern Europe,Eastern Europe
Andorra,Moldova (Republic of),AND,MDA,2011,,2205.669,Europe,Europe,Southern Europe,Eastern Europe
Bulgaria,Moldova (Republic of),BGR,MDA,2013,112072,650.3213,Europe,Europe,Eastern Europe,Eastern Europe
Switzerland,Sweden,CHE,SWE,2011,330329,1546.508,Europe,Europe,Western Europe,Northern Europe
Czechia,Austria,CZE,AUT,2016,1090958,252.4479,Europe,Europe,Eastern Europe,Western Europe
Hungary,Albania,HUN,ALB,2016,4135,689.0358,Europe,Europe,Eastern Europe,Southern Europe
Austria,Poland,AUT,POL,2014,857730,556.8245,Europe,Europe,Western Europe,Eastern Europe
Austria,Romania,AUT,ROU,2015,456073,,Europe,Europe,Western Europe,Eastern Europe
Finland,Moldova (Republic of),FIN,MDA,2016,1913,1482.904,Europe,Europe,Northern Europe,Eastern Europe
Germany,Moldova (Republic of),DEU,MDA,2011,45518,1656.772,Europe,Europe,Western Europe,Eastern Europe
Czechia,Moldova (Republic of),CZE,MDA,2011,3068,1113.54,Europe,Europe,Eastern Europe,Eastern Europe
Austria,Poland,AUT,POL,2012,722870,556.8245,Europe,Europe,Western Europe,Eastern Europe
Latvia,Moldova (Republic of),LVA,MDA,2011,4911,1153.302,Europe,Europe,Northern Europe,Eastern Europe
Moldova (Republic of),Finland,MDA,FIN,2014,1629,1482.904,Europe,Europe,Eastern Europe,Northern Europe
Belarus,Moldova (Republic of),BLR,MDA,2012,1138,768.2014,Europe,Europe,Eastern Europe,Eastern Europe
Norway,Ukraine,NOR,UKR,2013,37119,1630.325,Europe,Europe,Northern Europe,Eastern Europe
Macedonia (the former Yugoslav Republic of),San Marino,MKD,SMR,2014,,762.0729,Europe,Europe,Southern Europe,Southern Europe
Greece,Croatia,GRC,HRV,2013,20388,1079.422,Europe,Europe,Southern Europe,Southern Europe
Estonia,Moldova (Republic of),EST,MDA,2013,1680,1407.85,Europe,Europe,Northern Europe,Eastern Europe
Luxembourg,Denmark,LUX,DNK,2012,73739,802.2173,Europe,Europe,Western Europe,Northern Europe
Malta,Moldova (Republic of),MLT,MDA,2011,101,1712.083,Europe,Europe,Southern Europe,Eastern Europe
Italy,Germany,ITA,DEU,2014,11093806,1146.023,Europe,Europe,Southern Europe,Western Europe
Gibraltar,Moldova (Republic of),GIB,MDA,2012,2,3062.09,Europe,Europe,Southern Europe,Eastern Europe
Belgium,Moldova (Republic of),BEL,MDA,2011,3811,1831.669,Europe,Europe,Western Europe,Eastern Europe
Russian Federation,Slovakia,RUS,SVK,2011,55567,1632.621,Europe,Europe,Eastern Europe,Eastern Europe
Czechia,Netherlands,CZE,NLD,2012,283325,709.4576,Europe,Europe,Eastern Europe,Western Europe
Macedonia (the former Yugoslav Republic of),Moldova (Republic of),MKD,MDA,2013,321,806.5962,Europe,Europe,Southern Europe,Eastern Europe
Portugal,Moldova (Republic of),PRT,MDA,2015,12742,3195.949,Europe,Europe,Southern Europe,Eastern Europe
Austria,Moldova (Republic of),AUT,MDA,2016,33334,944.1378,Europe,Europe,Western Europe,Eastern Europe
Ireland,Slovakia,IRL,SVK,2011,63437,1736.948,Europe,Europe,Northern Europe,Eastern Europe
France,Estonia,FRA,EST,2014,45611,1859.091,Europe,Europe,Western Europe,Northern Europe
San Marino,Switzerland,SMR,CHE,2015,,516.8909,Europe,Europe,Southern Europe,Western Europe
Albania,Moldova (Republic of),ALB,MDA,2012,143,955.9489,Europe,Europe,Southern Europe,Eastern Europe
Estonia,Moldova (Republic of),EST,MDA,2012,1160,1407.85,Europe,Europe,Northern Europe,Eastern Europe
Spain,Italy,ESP,ITA,2012,6792547,1366.76,Europe,Europe,Southern Europe,Southern Europe
Latvia,Lithuania,LVA,LTU,2013,2134577,263.4897,Europe,Europe,Northern Europe,Northern Europe
Poland,Moldova (Republic of),POL,MDA,2016,10697,811.762,Europe,Europe,Eastern Europe,Eastern Europe
Romania,Moldova (Republic of),ROU,MDA,2012,1122054,,Europe,Europe,Eastern Europe,Eastern Europe
Belgium,Moldova (Republic of),BEL,MDA,2016,8146,1831.669,Europe,Europe,Western Europe,Eastern Europe
Germany,Czechia,DEU,CZE,2015,2254946,545.6255,Europe,Europe,Western Europe,Eastern Europe
Finland,Bulgaria,FIN,BGR,2011,36010,1947.447,Europe,Europe,Northern Europe,Eastern Europe
Russian Federation,Moldova (Republic of),RUS,MDA,2011,1072041,1150.314,Europe,Europe,Eastern Europe,Eastern Europe
Bosnia and Herzegovina,Spain,BIH,ESP,2015,6453,1861.879,Europe,Europe,Southern Europe,Southern Europe
Bulgaria,Moldova (Republic of),BGR,MDA,2014,174955,650.3213,Europe,Europe,Eastern Europe,Eastern Europe
Slovakia,Ireland,SVK,IRL,2012,69197,1736.948,Europe,Europe,Eastern Europe,Northern Europe
Denmark,Croatia,DNK,HRV,2014,100050,1123.37,Europe,Europe,Northern Europe,Southern Europe
Macedonia (the former Yugoslav Republic of),Latvia,MKD,LVA,2012,376,1674.47,Europe,Europe,Southern Europe,Northern Europe
Germany,Slovakia,DEU,SVK,2016,325508,817.4212,Europe,Europe,Western Europe,Eastern Europe
Latvia,Italy,LVA,ITA,2015,113831,1869.574,Europe,Europe,Northern Europe,Southern Europe
Estonia,Slovenia,EST,SVN,2012,4317,1634.182,Europe,Europe,Northern Europe,Southern Europe
Malta,Greece,MLT,GRC,2013,15321,850.6025,Europe,Europe,Southern Europe,Southern Europe
Ukraine,Netherlands,UKR,NLD,2016,64293,1781.716,Europe,Europe,Eastern Europe,Western Europe
Netherlands,Poland,NLD,POL,2011,284792,1093.599,Europe,Europe,Western Europe,Eastern Europe
Greece,Spain,GRC,ESP,2014,371242,2372.903,Europe,Europe,Southern Europe,Southern Europe
Netherlands,Lithuania,NLD,LTU,2014,76775,1370.703,Europe,Europe,Western Europe,Northern Europe
San Marino,Spain,SMR,ESP,2016,,1390.619,Europe,Europe,Southern Europe,Southern Europe
Germany,Lithuania,DEU,LTU,2012,227750,1272.883,Europe,Europe,Western Europe,Northern Europe
Estonia,Poland,EST,POL,2011,147093,831.0393,Europe,Europe,Northern Europe,Eastern Europe
Lithuania,Hungary,LTU,HUN,2013,5882,910.8107,Europe,Europe,Northern Europe,Eastern Europe
Slovakia,Malta,SVK,MLT,2014,7787,1382.29,Europe,Europe,Eastern Europe,Southern Europe
Slovakia,Denmark,SVK,DNK,2012,13615,891.5908,Europe,Europe,Eastern Europe,Northern Europe
Bosnia and Herzegovina,Denmark,BIH,DNK,2011,19183,1377.807,Europe,Europe,Southern Europe,Northern Europe
Netherlands,Germany,NLD,DEU,2015,8608584,173.5239,Europe,Europe,Western Europe,Western Europe
Luxembourg,Belgium,LUX,BEL,2016,320785,187.8091,Europe,Europe,Western Europe,Western Europe
Lithuania,Moldova (Republic of),LTU,MDA,2015,2575,889.8586,Europe,Europe,Northern Europe,Eastern Europe
Greece,Finland,GRC,FIN,2012,49585,2465.045,Europe,Europe,Southern Europe,Northern Europe
Luxembourg,Croatia,LUX,HRV,2016,9641,847.312,Europe,Europe,Western Europe,Southern Europe
San Marino,Romania,SMR,ROU,2013,4638,,Europe,Europe,Southern Europe,Eastern Europe
Switzerland,Bosnia and Herzegovina,CHE,BIH,2016,54373,924.4724,Europe,Europe,Western Europe,Southern Europe
Czechia,Latvia,CZE,LVA,2014,61325,993.2449,Europe,Europe,Eastern Europe,Northern Europe
Portugal,Russian Federation,PRT,RUS,2012,80004,3913.34,Europe,Europe,Southern Europe,Eastern Europe
Spain,Finland,ESP,FIN,2011,694039,2952.195,Europe,Europe,Southern Europe,Northern Europe
Bulgaria,Lithuania,BGR,LTU,2013,15539,1345.486,Europe,Europe,Eastern Europe,Northern Europe
Portugal,Greece,PRT,GRC,2011,53299,2853.773,Europe,Europe,Southern Europe,Southern Europe
Belgium,Hungary,BEL,HUN,2016,336153,1129.979,Europe,Europe,Western Europe,Eastern Europe
San Marino,Finland,SMR,FIN,2014,,1986.678,Europe,Europe,Southern Europe,Northern Europe
Austria,Croatia,AUT,HRV,2011,997651,270.6798,Europe,Europe,Western Europe,Southern Europe
Russian Federation,Luxembourg,RUS,LUX,2011,11543,2214.132,Europe,Europe,Eastern Europe,Western Europe
Czechia,Hungary,CZE,HUN,2016,1012695,445.1513,Europe,Europe,Eastern Europe,Eastern Europe
Romania,Albania,ROU,ALB,2011,17156,,Europe,Europe,Eastern Europe,Southern Europe
France,Belarus,FRA,BLR,2015,31417,1823.709,Europe,Europe,Western Europe,Eastern Europe
Latvia,Czechia,LVA,CZE,2014,61325,993.2449,Europe,Europe,Northern Europe,Eastern Europe
Italy,Estonia,ITA,EST,2011,61397,2126.436,Europe,Europe,Southern Europe,Northern Europe
Austria,Czechia,AUT,CZE,2013,860127,252.4479,Europe,Europe,Western Europe,Eastern Europe
Russian Federation,Finland,RUS,FIN,2014,155802,892.6777,Europe,Europe,Eastern Europe,Northern Europe
Slovakia,Latvia,SVK,LVA,2013,171,1083.025,Europe,Europe,Eastern Europe,Northern Europe
Latvia,Ukraine,LVA,UKR,2012,119148,839.8457,Europe,Europe,Northern Europe,Eastern Europe
Sweden,Poland,SWE,POL,2016,981691,809.0182,Europe,Europe,Northern Europe,Eastern Europe
Portugal,Latvia,PRT,LVA,2016,13762,3152.139,Europe,Europe,Southern Europe,Northern Europe
Norway,Slovakia,NOR,SVK,2012,19472,1371.805,Europe,Europe,Northern Europe,Eastern Europe
Spain,Latvia,ESP,LVA,2015,77358,2715.85,Europe,Europe,Southern Europe,Northern Europe
Norway,Lithuania,NOR,LTU,2015,211005,1048.369,Europe,Europe,Northern Europe,Northern Europe
Lithuania,United Kingdom of Great Britain and Northern Ireland,LTU,GBR,2015,621677,1729.554,Europe,Europe,Northern Europe,Northern Europe
Netherlands,Andorra,NLD,AND,2013,,1125.463,Europe,Europe,Western Europe,Southern Europe
Poland,Hungary,POL,HUN,2016,834913,546.806,Europe,Europe,Eastern Europe,Eastern Europe
Romania,Netherlands,ROU,NLD,2012,78864,,Europe,Europe,Eastern Europe,Western Europe
Sweden,Bulgaria,SWE,BGR,2016,54471,1889.219,Europe,Europe,Northern Europe,Eastern Europe
Latvia,Denmark,LVA,DNK,2012,77644,724.3204,Europe,Europe,Northern Europe,Northern Europe
Slovenia,Finland,SVN,FIN,2016,26033,1710.822,Europe,Europe,Southern Europe,Northern Europe
Belarus,Albania,BLR,ALB,2015,113,1505.639,Europe,Europe,Eastern Europe,Southern Europe
Malta,Albania,MLT,ALB,2014,723,759.1236,Europe,Europe,Southern Europe,Southern Europe
Germany,Lithuania,DEU,LTU,2013,232605,1272.883,Europe,Europe,Western Europe,Northern Europe
Croatia,Moldova (Republic of),HRV,MDA,2011,686,995.402,Europe,Europe,Southern Europe,Eastern Europe
Ukraine,Lithuania,UKR,LTU,2011,61951,590.0546,Europe,Europe,Eastern Europe,Northern Europe
Russian Federation,Croatia,RUS,HRV,2011,197498,1875.36,Europe,Europe,Eastern Europe,Southern Europe
Andorra,Italy,AND,ITA,2012,0,909.03,Europe,Europe,Southern Europe,Southern Europe
Spain,Sweden,ESP,SWE,2011,1686522,2596.908,Europe,Europe,Southern Europe,Northern Europe
Sweden,Austria,SWE,AUT,2011,189370,1242.31,Europe,Europe,Northern Europe,Western Europe
Malta,Ireland,MLT,IRL,2015,51353,2525.637,Europe,Europe,Southern Europe,Northern Europe
Andorra,Ireland,AND,IRL,2011,,1335.314,Europe,Europe,Southern Europe,Northern Europe
Spain,Belarus,ESP,BLR,2011,11507,2762.7,Europe,Europe,Southern Europe,Eastern Europe
Albania,Bosnia and Herzegovina,ALB,BIH,2012,13398,303.8697,Europe,Europe,Southern Europe,Southern Europe
Russian Federation,Spain,RUS,ESP,2016,1197717,3449.3,Europe,Europe,Eastern Europe,Southern Europe
Russian Federation,Germany,RUS,DEU,2016,1851595,2065.183,Europe,Europe,Eastern Europe,Western Europe
Greece,Bosnia and Herzegovina,GRC,BIH,2013,1621,790.14,Europe,Europe,Southern Europe,Southern Europe
Czechia,Estonia,CZE,EST,2012,24690,1227.457,Europe,Europe,Eastern Europe,Northern Europe
Spain,Poland,ESP,POL,2016,1083871,2293.005,Europe,Europe,Southern Europe,Eastern Europe
Switzerland,Moldova (Republic of),CHE,MDA,2013,6388,1620.078,Europe,Europe,Western Europe,Eastern Europe
Austria,Albania,AUT,ALB,2012,21821,812.9326,Europe,Europe,Western Europe,Southern Europe
Finland,Macedonia (the former Yugoslav Republic of),FIN,MKD,2012,1737,2032.59,Europe,Europe,Northern Europe,Southern Europe
Moldova (Republic of),Lithuania,MDA,LTU,2012,1278,889.8586,Europe,Europe,Eastern Europe,Northern Europe
Latvia,Lithuania,LVA,LTU,2015,2754962,263.4897,Europe,Europe,Northern Europe,Northern Europe
Austria,San Marino,AUT,SMR,2016,,561.1404,Europe,Europe,Western Europe,Southern Europe
Luxembourg,Denmark,LUX,DNK,2013,76204,802.2173,Europe,Europe,Western Europe,Northern Europe
Norway,Romania,NOR,ROU,2014,118713,,Europe,Europe,Northern Europe,Eastern Europe
Austria,Slovakia,AUT,SVK,2016,299250,59.61723,Europe,Europe,Western Europe,Eastern Europe
Germany,Finland,DEU,FIN,2013,789456,1474.956,Europe,Europe,Western Europe,Northern Europe
Denmark,Sweden,DNK,SWE,2014,5007918,523.7871,Europe,Europe,Northern Europe,Northern Europe
Gibraltar,United Kingdom of Great Britain and Northern Ireland,GIB,GBR,2015,295688,1759.095,Europe,Europe,Southern Europe,Northern Europe
Estonia,Finland,EST,FIN,2015,97815,80.98481,Europe,Europe,Northern Europe,Northern Europe
Romania,Sweden,ROU,SWE,2013,22677,,Europe,Europe,Eastern Europe,Northern Europe
Poland,Croatia,POL,HRV,2013,655558,805.9365,Europe,Europe,Eastern Europe,Southern Europe
Hungary,Luxembourg,HUN,LUX,2013,6344,977.394,Europe,Europe,Eastern Europe,Western Europe
Luxembourg,Latvia,LUX,LVA,2011,1892,1440.968,Europe,Europe,Western Europe,Northern Europe
Norway,Belarus,NOR,BLR,2013,2297,1216.697,Europe,Europe,Northern Europe,Eastern Europe
France,Andorra,FRA,AND,2011,,711.5485,Europe,Europe,Western Europe,Southern Europe
Hungary,Moldova (Republic of),HUN,MDA,2015,2322,740.7287,Europe,Europe,Eastern Europe,Eastern Europe
Switzerland,Latvia,CHE,LVA,2011,28217,1587.651,Europe,Europe,Western Europe,Northern Europe
France,Spain,FRA,ESP,2012,15044375,1054.656,Europe,Europe,Western Europe,Southern Europe
Slovakia,Portugal,SVK,PRT,2014,274,2354.293,Europe,Europe,Eastern Europe,Southern Europe
Albania,Latvia,ALB,LVA,2014,344,1765.015,Europe,Europe,Southern Europe,Northern Europe
Italy,Latvia,ITA,LVA,2013,128233,1869.574,Europe,Europe,Southern Europe,Northern Europe
Estonia,France,EST,FRA,2011,38410,1859.091,Europe,Europe,Northern Europe,Western Europe
Greece,San Marino,GRC,SMR,2012,,1152.089,Europe,Europe,Southern Europe,Southern Europe
Greece,Latvia,GRC,LVA,2012,12289,2109.292,Europe,Europe,Southern Europe,Northern Europe
Bosnia and Herzegovina,Gibraltar,BIH,GIB,2016,0,2192.861,Europe,Europe,Southern Europe,Southern Europe
France,Latvia,FRA,LVA,2016,49814,1704.598,Europe,Europe,Western Europe,Northern Europe
Andorra,Lithuania,AND,LTU,2016,,2198.052,Europe,Europe,Southern Europe,Northern Europe
Denmark,Ireland,DNK,IRL,2015,193324,1240.498,Europe,Europe,Northern Europe,Northern Europe
Estonia,United Kingdom of Great Britain and Northern Ireland,EST,GBR,2011,182887,1787.092,Europe,Europe,Northern Europe,Northern Europe
Switzerland,Latvia,CHE,LVA,2013,39918,1587.651,Europe,Europe,Western Europe,Northern Europe
Austria,Latvia,AUT,LVA,2011,39790,1102.181,Europe,Europe,Western Europe,Northern Europe
Bosnia and Herzegovina,Macedonia (the former Yugoslav Republic of),BIH,MKD,2011,10113,322.8538,Europe,Europe,Southern Europe,Southern Europe
Netherlands,Latvia,NLD,LVA,2014,68725,1332.481,Europe,Europe,Western Europe,Northern Europe
Slovakia,Latvia,SVK,LVA,2016,26008,1083.025,Europe,Europe,Eastern Europe,Northern Europe
Switzerland,Greece,CHE,GRC,2015,685909,1662.651,Europe,Europe,Western Europe,Southern Europe
France,Latvia,FRA,LVA,2012,47938,1704.598,Europe,Europe,Western Europe,Northern Europe
United Kingdom of Great Britain and Northern Ireland,Latvia,GBR,LVA,2015,521830,1680.389,Europe,Europe,Northern Europe,Northern Europe
Lithuania,Portugal,LTU,PRT,2011,5931,3123.619,Europe,Europe,Northern Europe,Southern Europe
Greece,Latvia,GRC,LVA,2015,29565,2109.292,Europe,Europe,Southern Europe,Northern Europe
France,Portugal,FRA,PRT,2014,2726863,1452.86,Europe,Europe,Western Europe,Southern Europe
Denmark,Latvia,DNK,LVA,2015,87269,724.3204,Europe,Europe,Northern Europe,Northern Europe
Ireland,Latvia,IRL,LVA,2012,86656,1954.941,Europe,Europe,Northern Europe,Northern Europe
Switzerland,Latvia,CHE,LVA,2015,56589,1587.651,Europe,Europe,Western Europe,Northern Europe
Bulgaria,Luxembourg,BGR,LUX,2016,18825,1526.197,Europe,Europe,Eastern Europe,Western Europe
Slovenia,Latvia,SVN,LVA,2013,1105,1378.849,Europe,Europe,Southern Europe,Northern Europe
Bosnia and Herzegovina,Latvia,BIH,LVA,2015,395,1509.34,Europe,Europe,Southern Europe,Northern Europe
Iceland,Russian Federation,ISL,RUS,2015,6920,3316.138,Europe,Europe,Northern Europe,Eastern Europe
Austria,Russian Federation,AUT,RUS,2016,321394,1675.699,Europe,Europe,Western Europe,Eastern Europe
Sweden,Gibraltar,SWE,GIB,2016,152,3086.185,Europe,Europe,Northern Europe,Southern Europe
Slovakia,Latvia,SVK,LVA,2012,213,1083.025,Europe,Europe,Eastern Europe,Northern Europe
Estonia,Latvia,EST,LVA,2011,1125901,277.1711,Europe,Europe,Northern Europe,Northern Europe
Italy,Switzerland,ITA,CHE,2015,1607955,692.6592,Europe,Europe,Southern Europe,Western Europe
Latvia,Spain,LVA,ESP,2015,75264,2715.85,Europe,Europe,Northern Europe,Southern Europe
Norway,Latvia,NOR,LVA,2014,186076,843.114,Europe,Europe,Northern Europe,Northern Europe
Andorra,Latvia,AND,LVA,2014,,2266.706,Europe,Europe,Southern Europe,Northern Europe
Ireland,Luxembourg,IRL,LUX,2013,9634,953.1994,Europe,Europe,Northern Europe,Western Europe
Germany,Luxembourg,DEU,LUX,2014,402665,215.9864,Europe,Europe,Western Europe,Western Europe
United Kingdom of Great Britain and Northern Ireland,Latvia,GBR,LVA,2012,378095,1680.389,Europe,Europe,Northern Europe,Northern Europe
Romania,Latvia,ROU,LVA,2015,6191,,Europe,Europe,Eastern Europe,Northern Europe
Albania,United Kingdom of Great Britain and Northern Ireland,ALB,GBR,2016,76383,1895.345,Europe,Europe,Southern Europe,Northern Europe
Austria,Estonia,AUT,EST,2012,29472,1360.358,Europe,Europe,Western Europe,Northern Europe
Croatia,Latvia,HRV,LVA,2013,4228,1361.346,Europe,Europe,Southern Europe,Northern Europe
Poland,Latvia,POL,LVA,2016,1001490,559.8441,Europe,Europe,Eastern Europe,Northern Europe
Macedonia (the former Yugoslav Republic of),Moldova (Republic of),MKD,MDA,2011,144,806.5962,Europe,Europe,Southern Europe,Eastern Europe
Finland,Latvia,FIN,LVA,2012,187755,358.1294,Europe,Europe,Northern Europe,Northern Europe
Estonia,Latvia,EST,LVA,2012,1080950,277.1711,Europe,Europe,Northern Europe,Northern Europe
Macedonia (the former Yugoslav Republic of),Malta,MKD,MLT,2012,295,905.4888,Europe,Europe,Southern Europe,Southern Europe
Luxembourg,Moldova (Republic of),LUX,MDA,2015,573,1697.473,Europe,Europe,Western Europe,Eastern Europe
Spain,Latvia,ESP,LVA,2011,50167,2715.85,Europe,Europe,Southern Europe,Northern Europe
Romania,Bosnia and Herzegovina,ROU,BIH,2013,12194,,Europe,Europe,Eastern Europe,Southern Europe
Poland,Iceland,POL,ISL,2011,16933,2773.481,Europe,Europe,Eastern Europe,Northern Europe
Romania,Austria,ROU,AUT,2011,468536,,Europe,Europe,Eastern Europe,Western Europe
Netherlands,Latvia,NLD,LVA,2013,65776,1332.481,Europe,Europe,Western Europe,Northern Europe
Andorra,Latvia,AND,LVA,2013,,2266.706,Europe,Europe,Southern Europe,Northern Europe
Italy,Macedonia (the former Yugoslav Republic of),ITA,MKD,2012,61513,742.0995,Europe,Europe,Southern Europe,Southern Europe
France,Ireland,FRA,IRL,2012,7908656,778.2031,Europe,Europe,Western Europe,Northern Europe
Sweden,Latvia,SWE,LVA,2014,553724,441.6495,Europe,Europe,Northern Europe,Northern Europe
Italy,Latvia,ITA,LVA,2014,115063,1869.574,Europe,Europe,Southern Europe,Northern Europe
Croatia,Latvia,HRV,LVA,2016,9710,1361.346,Europe,Europe,Southern Europe,Northern Europe
France,Bosnia and Herzegovina,FRA,BIH,2016,9376,1352.463,Europe,Europe,Western Europe,Southern Europe
Andorra,Latvia,AND,LVA,2015,,2266.706,Europe,Europe,Southern Europe,Northern Europe
Czechia,Lithuania,CZE,LTU,2014,57189,896.5842,Europe,Europe,Eastern Europe,Northern Europe
Finland,Hungary,FIN,HUN,2012,121415,1457.984,Europe,Europe,Northern Europe,Eastern Europe
Albania,United Kingdom of Great Britain and Northern Ireland,ALB,GBR,2013,82053,1895.345,Europe,Europe,Southern Europe,Northern Europe
Iceland,Latvia,ISL,LVA,2013,1623,2579.342,Europe,Europe,Northern Europe,Northern Europe
Lithuania,Latvia,LTU,LVA,2014,2326595,263.4897,Europe,Europe,Northern Europe,Northern Europe
Poland,Switzerland,POL,CHE,2012,178301,1139.992,Europe,Europe,Eastern Europe,Western Europe
Luxembourg,Slovenia,LUX,SVN,2013,2577,736.8185,Europe,Europe,Western Europe,Southern Europe
Russian Federation,Luxembourg,RUS,LUX,2015,9976,2214.132,Europe,Europe,Eastern Europe,Western Europe
Portugal,Slovakia,PRT,SVK,2013,180,2354.293,Europe,Europe,Southern Europe,Eastern Europe
Belgium,Netherlands,BEL,NLD,2015,3884413,173.0333,Europe,Europe,Western Europe,Western Europe
Estonia,Portugal,EST,PRT,2015,14256,3311.847,Europe,Europe,Northern Europe,Southern Europe
Croatia,Bosnia and Herzegovina,HRV,BIH,2013,293853,290.1541,Europe,Europe,Southern Europe,Southern Europe
Portugal,Luxembourg,PRT,LUX,2012,116509,1711.773,Europe,Europe,Southern Europe,Western Europe
Bulgaria,Luxembourg,BGR,LUX,2015,18278,1526.197,Europe,Europe,Eastern Europe,Western Europe
Slovenia,Croatia,SVN,HRV,2014,1221812,117.3451,Europe,Europe,Southern Europe,Southern Europe
San Marino,Luxembourg,SMR,LUX,2013,,792.4816,Europe,Europe,Southern Europe,Western Europe
Germany,Luxembourg,DEU,LUX,2013,378801,215.9864,Europe,Europe,Western Europe,Western Europe
Switzerland,Luxembourg,CHE,LUX,2015,80593,309.8716,Europe,Europe,Western Europe,Western Europe
Denmark,Luxembourg,DNK,LUX,2013,76204,802.2173,Europe,Europe,Northern Europe,Western Europe
Malta,Luxembourg,MLT,LUX,2013,3239,1669.155,Europe,Europe,Southern Europe,Western Europe
Denmark,Luxembourg,DNK,LUX,2016,99424,802.2173,Europe,Europe,Northern Europe,Western Europe
Austria,Romania,AUT,ROU,2016,437226,,Europe,Europe,Western Europe,Eastern Europe
Moldova (Republic of),Luxembourg,MDA,LUX,2014,406,1697.473,Europe,Europe,Eastern Europe,Western Europe
Macedonia (the former Yugoslav Republic of),Switzerland,MKD,CHE,2011,75389,1240.798,Europe,Europe,Southern Europe,Western Europe
Sweden,Germany,SWE,DEU,2011,2422725,1118.929,Europe,Europe,Northern Europe,Western Europe
Germany,Finland,DEU,FIN,2011,851703,1474.956,Europe,Europe,Western Europe,Northern Europe
Croatia,Luxembourg,HRV,LUX,2011,1921,847.312,Europe,Europe,Southern Europe,Western Europe
Finland,Luxembourg,FIN,LUX,2016,10862,1671.633,Europe,Europe,Northern Europe,Western Europe
Andorra,Luxembourg,AND,LUX,2012,,867.6033,Europe,Europe,Southern Europe,Western Europe
Portugal,Luxembourg,PRT,LUX,2014,180775,1711.773,Europe,Europe,Southern Europe,Western Europe
Macedonia (the former Yugoslav Republic of),Luxembourg,MKD,LUX,2011,475,1454.307,Europe,Europe,Southern Europe,Western Europe
Latvia,Denmark,LVA,DNK,2014,78607,724.3204,Europe,Europe,Northern Europe,Northern Europe
Bulgaria,Luxembourg,BGR,LUX,2011,10120,1526.197,Europe,Europe,Eastern Europe,Western Europe
Switzerland,Luxembourg,CHE,LUX,2014,75701,309.8716,Europe,Europe,Western Europe,Western Europe
Netherlands,Spain,NLD,ESP,2013,3153686,1481.366,Europe,Europe,Western Europe,Southern Europe
Macedonia (the former Yugoslav Republic of),Austria,MKD,AUT,2013,27934,799.0887,Europe,Europe,Southern Europe,Western Europe
Bulgaria,Poland,BGR,POL,2015,389455,1080.42,Europe,Europe,Eastern Europe,Eastern Europe
Austria,Luxembourg,AUT,LUX,2014,72079,762.4356,Europe,Europe,Western Europe,Western Europe
Poland,Iceland,POL,ISL,2013,20835,2773.481,Europe,Europe,Eastern Europe,Northern Europe
Denmark,Luxembourg,DNK,LUX,2011,71886,802.2173,Europe,Europe,Northern Europe,Western Europe
United Kingdom of Great Britain and Northern Ireland,Greece,GBR,GRC,2015,2622169,2394.85,Europe,Europe,Northern Europe,Southern Europe
Andorra,Romania,AND,ROU,2014,,,Europe,Europe,Southern Europe,Eastern Europe
Czechia,Luxembourg,CZE,LUX,2014,7823,596.739,Europe,Europe,Eastern Europe,Western Europe
Greece,Austria,GRC,AUT,2011,374568,1283.6,Europe,Europe,Southern Europe,Western Europe
Belarus,Luxembourg,BLR,LUX,2012,303,1539.179,Europe,Europe,Eastern Europe,Western Europe
Lithuania,Luxembourg,LTU,LUX,2015,3314,1420.353,Europe,Europe,Northern Europe,Western Europe
Bosnia and Herzegovina,Portugal,BIH,PRT,2016,1485,2362.739,Europe,Europe,Southern Europe,Southern Europe
Belgium,Luxembourg,BEL,LUX,2016,320785,187.8091,Europe,Europe,Western Europe,Western Europe
Denmark,Luxembourg,DNK,LUX,2014,88330,802.2173,Europe,Europe,Northern Europe,Western Europe
Finland,Luxembourg,FIN,LUX,2012,7066,1671.633,Europe,Europe,Northern Europe,Western Europe
Italy,Lithuania,ITA,LTU,2014,206723,1706.051,Europe,Europe,Southern Europe,Northern Europe
France,Luxembourg,FRA,LUX,2016,6725337,289.1023,Europe,Europe,Western Europe,Western Europe
Sweden,Luxembourg,SWE,LUX,2016,35253,1325.934,Europe,Europe,Northern Europe,Western Europe
Gibraltar,Portugal,GIB,PRT,2014,23,442.1214,Europe,Europe,Southern Europe,Southern Europe
Hungary,Luxembourg,HUN,LUX,2012,6169,977.394,Europe,Europe,Eastern Europe,Western Europe
Switzerland,Macedonia (the former Yugoslav Republic of),CHE,MKD,2013,74176,1240.798,Europe,Europe,Western Europe,Southern Europe
Latvia,Luxembourg,LVA,LUX,2011,1855,1440.968,Europe,Europe,Northern Europe,Western Europe
Lithuania,Italy,LTU,ITA,2012,141695,1706.051,Europe,Europe,Northern Europe,Southern Europe
Hungary,Luxembourg,HUN,LUX,2015,9109,977.394,Europe,Europe,Eastern Europe,Western Europe
Czechia,Belarus,CZE,BLR,2016,24304,986.366,Europe,Europe,Eastern Europe,Eastern Europe
Finland,Luxembourg,FIN,LUX,2011,6874,1671.633,Europe,Europe,Northern Europe,Western Europe
Finland,Luxembourg,FIN,LUX,2014,8719,1671.633,Europe,Europe,Northern Europe,Western Europe
Bulgaria,Luxembourg,BGR,LUX,2013,5721,1526.197,Europe,Europe,Eastern Europe,Western Europe
Andorra,Luxembourg,AND,LUX,2011,,867.6033,Europe,Europe,Southern Europe,Western Europe
Switzerland,Belgium,CHE,BEL,2013,589110,487.4555,Europe,Europe,Western Europe,Western Europe
Sweden,Slovenia,SWE,SVN,2011,10392,1495.673,Europe,Europe,Northern Europe,Southern Europe
Bulgaria,Luxembourg,BGR,LUX,2012,9879,1526.197,Europe,Europe,Eastern Europe,Western Europe
United Kingdom of Great Britain and Northern Ireland,Andorra,GBR,AND,2012,3,1009.577,Europe,Europe,Northern Europe,Southern Europe
Finland,Slovenia,FIN,SVN,2013,21307,1710.822,Europe,Europe,Northern Europe,Southern Europe
Macedonia (the former Yugoslav Republic of),Netherlands,MKD,NLD,2015,28331,1694.944,Europe,Europe,Southern Europe,Western Europe
Lithuania,Croatia,LTU,HRV,2011,2434,1189.612,Europe,Europe,Northern Europe,Southern Europe
France,Finland,FRA,FIN,2013,300319,1911.138,Europe,Europe,Western Europe,Northern Europe
San Marino,Lithuania,SMR,LTU,2012,,1509.381,Europe,Europe,Southern Europe,Northern Europe
Czechia,Italy,CZE,ITA,2013,1260677,926.5591,Europe,Europe,Eastern Europe,Southern Europe
Poland,Malta,POL,MLT,2013,34557,1889.904,Europe,Europe,Eastern Europe,Southern Europe
Slovakia,Lithuania,SVK,LTU,2012,17316,918.5131,Europe,Europe,Eastern Europe,Northern Europe
Belgium,Lithuania,BEL,LTU,2013,75501,1469.434,Europe,Europe,Western Europe,Northern Europe
Denmark,Lithuania,DNK,LTU,2014,66517,815.5106,Europe,Europe,Northern Europe,Northern Europe
Greece,Lithuania,GRC,LTU,2016,52861,1860.701,Europe,Europe,Southern Europe,Northern Europe
Russian Federation,Lithuania,RUS,LTU,2013,782907,794.0689,Europe,Europe,Eastern Europe,Northern Europe
Sweden,Lithuania,SWE,LTU,2016,146611,677.4822,Europe,Europe,Northern Europe,Northern Europe
Bosnia and Herzegovina,Lithuania,BIH,LTU,2015,384,1302.017,Europe,Europe,Southern Europe,Northern Europe
Croatia,Lithuania,HRV,LTU,2011,2495,1189.612,Europe,Europe,Southern Europe,Northern Europe
Bulgaria,Ireland,BGR,IRL,2015,25751,2475.312,Europe,Europe,Eastern Europe,Northern Europe
Belgium,Macedonia (the former Yugoslav Republic of),BEL,MKD,2011,11669,1634.022,Europe,Europe,Western Europe,Southern Europe
Belarus,Italy,BLR,ITA,2011,67779,1732.921,Europe,Europe,Eastern Europe,Southern Europe
Netherlands,Czechia,NLD,CZE,2014,253879,709.4576,Europe,Europe,Western Europe,Eastern Europe
Greece,Lithuania,GRC,LTU,2012,43557,1860.701,Europe,Europe,Southern Europe,Northern Europe
Germany,Lithuania,DEU,LTU,2014,248741,1272.883,Europe,Europe,Western Europe,Northern Europe
Iceland,Lithuania,ISL,LTU,2013,5445,2797.459,Europe,Europe,Northern Europe,Northern Europe
Bulgaria,Croatia,BGR,HRV,2014,76767,680.4865,Europe,Europe,Eastern Europe,Southern Europe
Czechia,Lithuania,CZE,LTU,2013,58939,896.5842,Europe,Europe,Eastern Europe,Northern Europe
San Marino,Netherlands,SMR,NLD,2013,,1090.303,Europe,Europe,Southern Europe,Western Europe
Belgium,Lithuania,BEL,LTU,2015,68175,1469.434,Europe,Europe,Western Europe,Northern Europe
Austria,Lithuania,AUT,LTU,2016,44940,948.9832,Europe,Europe,Western Europe,Northern Europe
Gibraltar,Russian Federation,GIB,RUS,2014,860,3890.748,Europe,Europe,Southern Europe,Eastern Europe
Malta,Lithuania,MLT,LTU,2013,14933,2248.596,Europe,Europe,Southern Europe,Northern Europe
Belgium,Croatia,BEL,HRV,2015,175188,1024.412,Europe,Europe,Western Europe,Southern Europe
Romania,Spain,ROU,ESP,2014,558827,,Europe,Europe,Eastern Europe,Southern Europe
Czechia,Latvia,CZE,LVA,2013,58557,993.2449,Europe,Europe,Eastern Europe,Northern Europe
Gibraltar,Lithuania,GIB,LTU,2016,33,3119.053,Europe,Europe,Southern Europe,Northern Europe
Gibraltar,Latvia,GIB,LVA,2015,67,3185.494,Europe,Europe,Southern Europe,Northern Europe
Iceland,Portugal,ISL,PRT,2011,1765,2952.572,Europe,Europe,Northern Europe,Southern Europe
Sweden,Albania,SWE,ALB,2011,4443,2006.998,Europe,Europe,Northern Europe,Southern Europe
Gibraltar,Lithuania,GIB,LTU,2014,20,3119.053,Europe,Europe,Southern Europe,Northern Europe
Luxembourg,Lithuania,LUX,LTU,2015,3320,1420.353,Europe,Europe,Western Europe,Northern Europe
Poland,Ireland,POL,IRL,2016,710775,1826.82,Europe,Europe,Eastern Europe,Northern Europe
Slovenia,Lithuania,SVN,LTU,2014,5156,1225.651,Europe,Europe,Southern Europe,Northern Europe
Denmark,Lithuania,DNK,LTU,2013,67794,815.5106,Europe,Europe,Northern Europe,Northern Europe
Switzerland,Lithuania,CHE,LTU,2016,36959,1516.998,Europe,Europe,Western Europe,Northern Europe
Russian Federation,Lithuania,RUS,LTU,2015,388963,794.0689,Europe,Europe,Eastern Europe,Northern Europe
Slovakia,Lithuania,SVK,LTU,2016,20178,918.5131,Europe,Europe,Eastern Europe,Northern Europe
Bulgaria,Lithuania,BGR,LTU,2014,17670,1345.486,Europe,Europe,Eastern Europe,Northern Europe
Germany,Croatia,DEU,HRV,2011,710052,912.2662,Europe,Europe,Western Europe,Southern Europe
Croatia,Russian Federation,HRV,RUS,2011,197498,1875.36,Europe,Europe,Southern Europe,Eastern Europe
Greece,Lithuania,GRC,LTU,2014,69062,1860.701,Europe,Europe,Southern Europe,Northern Europe
France,Ireland,FRA,IRL,2014,7865089,778.2031,Europe,Europe,Western Europe,Northern Europe
Albania,Iceland,ALB,ISL,2014,72,3675.061,Europe,Europe,Southern Europe,Northern Europe
Sweden,Moldova (Republic of),SWE,MDA,2012,2928,1544.391,Europe,Europe,Northern Europe,Eastern Europe
Slovenia,Lithuania,SVN,LTU,2015,6944,1225.651,Europe,Europe,Southern Europe,Northern Europe
Macedonia (the former Yugoslav Republic of),Czechia,MKD,CZE,2015,3069,1051.492,Europe,Europe,Southern Europe,Eastern Europe
Netherlands,Spain,NLD,ESP,2012,3161234,1481.366,Europe,Europe,Western Europe,Southern Europe
France,Lithuania,FRA,LTU,2012,77397,1700.296,Europe,Europe,Western Europe,Northern Europe
Italy,Lithuania,ITA,LTU,2013,168985,1706.051,Europe,Europe,Southern Europe,Northern Europe
Norway,Macedonia (the former Yugoslav Republic of),NOR,MKD,2014,4794,2124.664,Europe,Europe,Northern Europe,Southern Europe
Italy,Lithuania,ITA,LTU,2011,123933,1706.051,Europe,Europe,Southern Europe,Northern Europe
Poland,Lithuania,POL,LTU,2011,2559632,393.7521,Europe,Europe,Eastern Europe,Northern Europe
Poland,Lithuania,POL,LTU,2013,3017330,393.7521,Europe,Europe,Eastern Europe,Northern Europe
Belarus,Lithuania,BLR,LTU,2014,189973,169.5256,Europe,Europe,Eastern Europe,Northern Europe
Sweden,Lithuania,SWE,LTU,2012,78221,677.4822,Europe,Europe,Northern Europe,Northern Europe
Switzerland,Belgium,CHE,BEL,2012,543149,487.4555,Europe,Europe,Western Europe,Western Europe
San Marino,United Kingdom of Great Britain and Northern Ireland,SMR,GBR,2014,,1263.348,Europe,Europe,Southern Europe,Northern Europe
San Marino,Italy,SMR,ITA,2016,,230.0196,Europe,Europe,Southern Europe,Southern Europe
Malta,Lithuania,MLT,LTU,2016,20184,2248.596,Europe,Europe,Southern Europe,Northern Europe
Malta,Netherlands,MLT,NLD,2012,61267,1981.948,Europe,Europe,Southern Europe,Western Europe
Slovakia,Croatia,SVK,HRV,2012,349947,278.7123,Europe,Europe,Eastern Europe,Southern Europe
Austria,Lithuania,AUT,LTU,2012,35014,948.9832,Europe,Europe,Western Europe,Northern Europe
Slovakia,Slovenia,SVK,SVN,2014,39169,308.8653,Europe,Europe,Eastern Europe,Southern Europe
Greece,Latvia,GRC,LVA,2014,21868,2109.292,Europe,Europe,Southern Europe,Northern Europe
Macedonia (the former Yugoslav Republic of),Switzerland,MKD,CHE,2012,62250,1240.798,Europe,Europe,Southern Europe,Western Europe
Moldova (Republic of),Lithuania,MDA,LTU,2013,1603,889.8586,Europe,Europe,Eastern Europe,Northern Europe
Albania,Andorra,ALB,AND,2014,,1519.551,Europe,Europe,Southern Europe,Southern Europe
Denmark,Estonia,DNK,EST,2014,49853,836.2802,Europe,Europe,Northern Europe,Northern Europe
Gibraltar,Lithuania,GIB,LTU,2011,21,3119.053,Europe,Europe,Southern Europe,Northern Europe
Spain,Norway,ESP,NOR,2011,1284196,2390.782,Europe,Europe,Southern Europe,Northern Europe
Poland,Bosnia and Herzegovina,POL,BIH,2012,2102,952.2305,Europe,Europe,Eastern Europe,Southern Europe
Hungary,France,HUN,FRA,2015,357240,1247.24,Europe,Europe,Eastern Europe,Western Europe
Finland,Greece,FIN,GRC,2012,46371,2465.045,Europe,Europe,Northern Europe,Southern Europe
Belarus,Moldova (Republic of),BLR,MDA,2016,3041,768.2014,Europe,Europe,Eastern Europe,Eastern Europe
Netherlands,Czechia,NLD,CZE,2011,281158,709.4576,Europe,Europe,Western Europe,Eastern Europe
Sweden,Italy,SWE,ITA,2015,714321,1980.122,Europe,Europe,Northern Europe,Southern Europe
Slovakia,Germany,SVK,DEU,2016,325508,817.4212,Europe,Europe,Eastern Europe,Western Europe
Netherlands,Estonia,NLD,EST,2012,30839,1459.083,Europe,Europe,Western Europe,Northern Europe
Andorra,Moldova (Republic of),AND,MDA,2014,,2205.669,Europe,Europe,Southern Europe,Eastern Europe
Latvia,Germany,LVA,DEU,2015,399395,1265.433,Europe,Europe,Northern Europe,Western Europe
Norway,Russian Federation,NOR,RUS,2011,95356,1649.799,Europe,Europe,Northern Europe,Eastern Europe
Iceland,Greece,ISL,GRC,2014,1231,4166.699,Europe,Europe,Northern Europe,Southern Europe
Norway,Bulgaria,NOR,BGR,2014,75219,2101.033,Europe,Europe,Northern Europe,Eastern Europe
Sweden,Estonia,SWE,EST,2015,106394,377.9402,Europe,Europe,Northern Europe,Northern Europe
Greece,Poland,GRC,POL,2016,254535,1600.171,Europe,Europe,Southern Europe,Eastern Europe
Albania,Latvia,ALB,LVA,2016,715,1765.015,Europe,Europe,Southern Europe,Northern Europe
Ukraine,Estonia,UKR,EST,2012,29201,1066.134,Europe,Europe,Eastern Europe,Northern Europe
Russian Federation,Macedonia (the former Yugoslav Republic of),RUS,MKD,2014,8380,1927.484,Europe,Europe,Eastern Europe,Southern Europe
Romania,Spain,ROU,ESP,2013,479209,,Europe,Europe,Eastern Europe,Southern Europe
Romania,Netherlands,ROU,NLD,2014,126325,,Europe,Europe,Eastern Europe,Western Europe
Germany,Ireland,DEU,IRL,2013,1001994,920.8693,Europe,Europe,Western Europe,Northern Europe
Poland,Iceland,POL,ISL,2016,54857,2773.481,Europe,Europe,Eastern Europe,Northern Europe
Macedonia (the former Yugoslav Republic of),Latvia,MKD,LVA,2013,382,1674.47,Europe,Europe,Southern Europe,Northern Europe
Gibraltar,Netherlands,GIB,NLD,2011,184,1976.745,Europe,Europe,Southern Europe,Western Europe
Poland,Greece,POL,GRC,2015,802402,1600.171,Europe,Europe,Eastern Europe,Southern Europe
Malta,Poland,MLT,POL,2014,49153,1889.904,Europe,Europe,Southern Europe,Eastern Europe
France,Belgium,FRA,BEL,2011,5274519,262.3845,Europe,Europe,Western Europe,Western Europe
Malta,Russian Federation,MLT,RUS,2016,26377,2819.734,Europe,Europe,Southern Europe,Eastern Europe
Iceland,Norway,ISL,NOR,2013,125802,1749.596,Europe,Europe,Northern Europe,Northern Europe
Slovenia,Lithuania,SVN,LTU,2013,6460,1225.651,Europe,Europe,Southern Europe,Northern Europe
Sweden,Luxembourg,SWE,LUX,2013,15696,1325.934,Europe,Europe,Northern Europe,Western Europe
Ukraine,Norway,UKR,NOR,2013,36587,1630.325,Europe,Europe,Eastern Europe,Northern Europe
Bosnia and Herzegovina,Sweden,BIH,SWE,2014,79353,1721.592,Europe,Europe,Southern Europe,Northern Europe
France,Croatia,FRA,HRV,2011,188545,1081.762,Europe,Europe,Western Europe,Southern Europe
Iceland,Hungary,ISL,HUN,2015,4443,3077.932,Europe,Europe,Northern Europe,Eastern Europe
Moldova (Republic of),Germany,MDA,DEU,2013,43602,1656.772,Europe,Europe,Eastern Europe,Western Europe
Lithuania,Macedonia (the former Yugoslav Republic of),LTU,MKD,2011,545,1439.533,Europe,Europe,Northern Europe,Southern Europe
Hungary,Macedonia (the former Yugoslav Republic of),HUN,MKD,2016,2939,641.169,Europe,Europe,Eastern Europe,Southern Europe
Gibraltar,Macedonia (the former Yugoslav Republic of),GIB,MKD,2014,0,2396.474,Europe,Europe,Southern Europe,Southern Europe
Italy,Belgium,ITA,BEL,2016,2286208,1174.904,Europe,Europe,Southern Europe,Western Europe
Austria,Denmark,AUT,DNK,2016,415119,868.5304,Europe,Europe,Western Europe,Northern Europe
Estonia,Croatia,EST,HRV,2012,9734,1624.37,Europe,Europe,Northern Europe,Southern Europe
Finland,France,FIN,FRA,2013,315202,1911.138,Europe,Europe,Northern Europe,Western Europe
Finland,Slovakia,FIN,SVK,2011,1830,1424.061,Europe,Europe,Northern Europe,Eastern Europe
Austria,Moldova (Republic of),AUT,MDA,2011,14474,944.1378,Europe,Europe,Western Europe,Eastern Europe
Malta,Ireland,MLT,IRL,2014,43279,2525.637,Europe,Europe,Southern Europe,Northern Europe
Italy,Denmark,ITA,DNK,2011,679754,1534.086,Europe,Europe,Southern Europe,Northern Europe
Romania,Poland,ROU,POL,2014,566932,,Europe,Europe,Eastern Europe,Eastern Europe
Albania,Romania,ALB,ROU,2012,17420,,Europe,Europe,Southern Europe,Eastern Europe
Ukraine,Luxembourg,UKR,LUX,2015,3063,1736.302,Europe,Europe,Eastern Europe,Western Europe
France,Hungary,FRA,HUN,2011,318120,1247.24,Europe,Europe,Western Europe,Eastern Europe
Andorra,Germany,AND,DEU,2014,,1080.611,Europe,Europe,Southern Europe,Western Europe
Lithuania,Macedonia (the former Yugoslav Republic of),LTU,MKD,2016,630,1439.533,Europe,Europe,Northern Europe,Southern Europe
Estonia,Russian Federation,EST,RUS,2015,543043,871.7853,Europe,Europe,Northern Europe,Eastern Europe
Croatia,Poland,HRV,POL,2014,645360,805.9365,Europe,Europe,Southern Europe,Eastern Europe
United Kingdom of Great Britain and Northern Ireland,Lithuania,GBR,LTU,2014,566534,1729.554,Europe,Europe,Northern Europe,Northern Europe
Sweden,Spain,SWE,ESP,2015,1610139,2596.908,Europe,Europe,Northern Europe,Southern Europe
Luxembourg,Netherlands,LUX,NLD,2013,43240,318.3489,Europe,Europe,Western Europe,Western Europe
Germany,Moldova (Republic of),DEU,MDA,2012,38984,1656.772,Europe,Europe,Western Europe,Eastern Europe
Sweden,Portugal,SWE,PRT,2011,99376,2990.966,Europe,Europe,Northern Europe,Southern Europe
Iceland,Russian Federation,ISL,RUS,2012,6700,3316.138,Europe,Europe,Northern Europe,Eastern Europe
Italy,Andorra,ITA,AND,2015,0,909.03,Europe,Europe,Southern Europe,Southern Europe
Spain,Bulgaria,ESP,BGR,2016,290072,2254.799,Europe,Europe,Southern Europe,Eastern Europe
Macedonia (the former Yugoslav Republic of),Spain,MKD,ESP,2012,3870,2108.379,Europe,Europe,Southern Europe,Southern Europe
Spain,Estonia,ESP,EST,2011,60223,2895.384,Europe,Europe,Southern Europe,Northern Europe
Sweden,Andorra,SWE,AND,2014,0,2191.849,Europe,Europe,Northern Europe,Southern Europe
Slovenia,Iceland,SVN,ISL,2014,379,2999.913,Europe,Europe,Southern Europe,Northern Europe
United Kingdom of Great Britain and Northern Ireland,Netherlands,GBR,NLD,2016,6730050,360.315,Europe,Europe,Northern Europe,Western Europe
Slovenia,Germany,SVN,DEU,2012,318901,814.8665,Europe,Europe,Southern Europe,Western Europe
Sweden,Latvia,SWE,LVA,2016,129569,441.6495,Europe,Europe,Northern Europe,Northern Europe
Macedonia (the former Yugoslav Republic of),Poland,MKD,POL,2014,2986,1141.357,Europe,Europe,Southern Europe,Eastern Europe
Germany,Latvia,DEU,LVA,2014,360603,1265.433,Europe,Europe,Western Europe,Northern Europe
Macedonia (the former Yugoslav Republic of),Ukraine,MKD,UKR,2014,7142,1165.076,Europe,Europe,Southern Europe,Eastern Europe
Gibraltar,Finland,GIB,FIN,2013,43,3434.65,Europe,Europe,Southern Europe,Northern Europe
France,Spain,FRA,ESP,2016,17051584,1054.656,Europe,Europe,Western Europe,Southern Europe
Luxembourg,Estonia,LUX,EST,2016,4879,1614.171,Europe,Europe,Western Europe,Northern Europe
Ireland,Bosnia and Herzegovina,IRL,BIH,2012,687,2084.593,Europe,Europe,Northern Europe,Southern Europe
Macedonia (the former Yugoslav Republic of),Italy,MKD,ITA,2016,72694,742.0995,Europe,Europe,Southern Europe,Southern Europe
Sweden,San Marino,SWE,SMR,2016,,1753.689,Europe,Europe,Northern Europe,Southern Europe
Greece,Croatia,GRC,HRV,2011,21007,1079.422,Europe,Europe,Southern Europe,Southern Europe
Italy,Luxembourg,ITA,LUX,2011,120635,989.5763,Europe,Europe,Southern Europe,Western Europe
Slovakia,Italy,SVK,ITA,2016,556024,789.4631,Europe,Europe,Eastern Europe,Southern Europe
Italy,Sweden,ITA,SWE,2014,696469,1980.122,Europe,Europe,Southern Europe,Northern Europe
Poland,Slovakia,POL,SVK,2012,6793754,530.0169,Europe,Europe,Eastern Europe,Eastern Europe
Andorra,Romania,AND,ROU,2013,,,Europe,Europe,Southern Europe,Eastern Europe
Gibraltar,Czechia,GIB,CZE,2012,36,2222.865,Europe,Europe,Southern Europe,Eastern Europe
Estonia,Latvia,EST,LVA,2013,1173038,277.1711,Europe,Europe,Northern Europe,Northern Europe
Gibraltar,Malta,GIB,MLT,2015,190,1787.032,Europe,Europe,Southern Europe,Southern Europe
Austria,Albania,AUT,ALB,2014,22539,812.9326,Europe,Europe,Western Europe,Southern Europe
France,Norway,FRA,NOR,2014,559816,1342.89,Europe,Europe,Western Europe,Northern Europe
Finland,United Kingdom of Great Britain and Northern Ireland,FIN,GBR,2015,531601,1826.928,Europe,Europe,Northern Europe,Northern Europe
Bosnia and Herzegovina,Moldova (Republic of),BIH,MDA,2015,319,883.0676,Europe,Europe,Southern Europe,Eastern Europe
Belarus,Slovakia,BLR,SVK,2013,9394,959.4427,Europe,Europe,Eastern Europe,Eastern Europe
Netherlands,Albania,NLD,ALB,2012,9387,1664.815,Europe,Europe,Western Europe,Southern Europe
Switzerland,Latvia,CHE,LVA,2014,44817,1587.651,Europe,Europe,Western Europe,Northern Europe
Poland,Belgium,POL,BEL,2012,330320,1160.644,Europe,Europe,Eastern Europe,Western Europe
Poland,Czechia,POL,CZE,2013,13804402,516.6628,Europe,Europe,Eastern Europe,Eastern Europe
Norway,Albania,NOR,ALB,2014,4316,2160.437,Europe,Europe,Northern Europe,Southern Europe
Sweden,Iceland,SWE,ISL,2013,63941,2138.135,Europe,Europe,Northern Europe,Northern Europe
San Marino,Andorra,SMR,AND,2011,,905.0686,Europe,Europe,Southern Europe,Southern Europe
Hungary,Lithuania,HUN,LTU,2016,7768,910.8107,Europe,Europe,Eastern Europe,Northern Europe
Malta,Gibraltar,MLT,GIB,2015,205,1787.032,Europe,Europe,Southern Europe,Southern Europe
Macedonia (the former Yugoslav Republic of),United Kingdom of Great Britain and Northern Ireland,MKD,GBR,2013,48988,1948.1,Europe,Europe,Southern Europe,Northern Europe
Slovakia,Austria,SVK,AUT,2016,299250,59.61723,Europe,Europe,Eastern Europe,Western Europe
Norway,Switzerland,NOR,CHE,2012,174769,1459.379,Europe,Europe,Northern Europe,Western Europe
Moldova (Republic of),Latvia,MDA,LVA,2016,3224,1153.302,Europe,Europe,Eastern Europe,Northern Europe
San Marino,Norway,SMR,NOR,2013,,1780.931,Europe,Europe,Southern Europe,Northern Europe
Romania,Andorra,ROU,AND,2016,,,Europe,Europe,Eastern Europe,Southern Europe
Austria,Russian Federation,AUT,RUS,2015,405643,1675.699,Europe,Europe,Western Europe,Eastern Europe
Bosnia and Herzegovina,Spain,BIH,ESP,2016,5673,1861.879,Europe,Europe,Southern Europe,Southern Europe
Russian Federation,Slovenia,RUS,SVN,2011,53645,1937.979,Europe,Europe,Eastern Europe,Southern Europe
Russian Federation,Malta,RUS,MLT,2011,34442,2819.734,Europe,Europe,Eastern Europe,Southern Europe
Denmark,Poland,DNK,POL,2011,198417,668.9079,Europe,Europe,Northern Europe,Eastern Europe
Portugal,Ukraine,PRT,UKR,2013,31299,3351.661,Europe,Europe,Southern Europe,Eastern Europe
Hungary,Moldova (Republic of),HUN,MDA,2013,2261,740.7287,Europe,Europe,Eastern Europe,Eastern Europe
Andorra,Austria,AND,AUT,2013,,1322.201,Europe,Europe,Southern Europe,Western Europe
Slovenia,San Marino,SVN,SMR,2016,,283.7302,Europe,Europe,Southern Europe,Southern Europe
Latvia,Netherlands,LVA,NLD,2014,67338,1332.481,Europe,Europe,Northern Europe,Western Europe
Luxembourg,Macedonia (the former Yugoslav Republic of),LUX,MKD,2011,377,1454.307,Europe,Europe,Western Europe,Southern Europe
Greece,Russian Federation,GRC,RUS,2016,771128,2233.583,Europe,Europe,Southern Europe,Eastern Europe
Netherlands,Greece,NLD,GRC,2014,508110,2162.912,Europe,Europe,Western Europe,Southern Europe
Ireland,Bosnia and Herzegovina,IRL,BIH,2011,1368,2084.593,Europe,Europe,Northern Europe,Southern Europe
Austria,Albania,AUT,ALB,2013,27809,812.9326,Europe,Europe,Western Europe,Southern Europe
Bosnia and Herzegovina,Estonia,BIH,EST,2012,271,1782.909,Europe,Europe,Southern Europe,Northern Europe
Iceland,France,ISL,FRA,2012,62683,2234.723,Europe,Europe,Northern Europe,Western Europe
Croatia,Norway,HRV,NOR,2013,139380,1608.583,Europe,Europe,Southern Europe,Northern Europe
Poland,Croatia,POL,HRV,2015,694779,805.9365,Europe,Europe,Eastern Europe,Southern Europe
Austria,Netherlands,AUT,NLD,2015,493302,934.7828,Europe,Europe,Western Europe,Western Europe
Netherlands,Slovenia,NLD,SVN,2013,16728,986.5178,Europe,Europe,Western Europe,Southern Europe
Albania,Malta,ALB,MLT,2014,420,759.1236,Europe,Europe,Southern Europe,Southern Europe
Lithuania,Hungary,LTU,HUN,2011,6578,910.8107,Europe,Europe,Northern Europe,Eastern Europe
Russian Federation,Malta,RUS,MLT,2014,38576,2819.734,Europe,Europe,Eastern Europe,Southern Europe
Netherlands,Luxembourg,NLD,LUX,2013,41423,318.3489,Europe,Europe,Western Europe,Western Europe
Lithuania,Germany,LTU,DEU,2015,268685,1272.883,Europe,Europe,Northern Europe,Western Europe
Iceland,Czechia,ISL,CZE,2013,2153,2640.109,Europe,Europe,Northern Europe,Eastern Europe
Spain,Greece,ESP,GRC,2016,498135,2372.903,Europe,Europe,Southern Europe,Southern Europe
Greece,Hungary,GRC,HUN,2016,173376,1123.943,Europe,Europe,Southern Europe,Eastern Europe
Slovakia,Moldova (Republic of),SVK,MDA,2015,989,884.5414,Europe,Europe,Eastern Europe,Eastern Europe
Belgium,Italy,BEL,ITA,2013,2043610,1174.904,Europe,Europe,Western Europe,Southern Europe
San Marino,Belarus,SMR,BLR,2015,,1549.646,Europe,Europe,Southern Europe,Eastern Europe
Albania,Moldova (Republic of),ALB,MDA,2016,272,955.9489,Europe,Europe,Southern Europe,Eastern Europe
Latvia,Macedonia (the former Yugoslav Republic of),LVA,MKD,2015,764,1674.47,Europe,Europe,Northern Europe,Southern Europe
Andorra,Ireland,AND,IRL,2012,,1335.314,Europe,Europe,Southern Europe,Northern Europe
Ukraine,Croatia,UKR,HRV,2015,54447,1193.37,Europe,Europe,Eastern Europe,Southern Europe
Bosnia and Herzegovina,Norway,BIH,NOR,2014,10930,1859.721,Europe,Europe,Southern Europe,Northern Europe
Austria,France,AUT,FRA,2015,1106556,1035.144,Europe,Europe,Western Europe,Western Europe
Germany,Greece,DEU,GRC,2013,2482014,1990.582,Europe,Europe,Western Europe,Southern Europe
Hungary,Switzerland,HUN,CHE,2015,274772,879.3594,Europe,Europe,Eastern Europe,Western Europe
Romania,Czechia,ROU,CZE,2015,156631,,Europe,Europe,Eastern Europe,Eastern Europe
Switzerland,Poland,CHE,POL,2016,364063,1139.992,Europe,Europe,Western Europe,Eastern Europe
Hungary,Macedonia (the former Yugoslav Republic of),HUN,MKD,2011,8794,641.169,Europe,Europe,Eastern Europe,Southern Europe
Norway,Latvia,NOR,LVA,2012,220926,843.114,Europe,Europe,Northern Europe,Northern Europe
Ireland,Norway,IRL,NOR,2013,75377,1267.015,Europe,Europe,Northern Europe,Northern Europe
Slovenia,Austria,SVN,AUT,2011,339932,277.8844,Europe,Europe,Southern Europe,Western Europe
Gibraltar,Bosnia and Herzegovina,GIB,BIH,2014,1,2192.861,Europe,Europe,Southern Europe,Southern Europe
Spain,Slovakia,ESP,SVK,2015,102985,1865.664,Europe,Europe,Southern Europe,Eastern Europe
Belarus,Italy,BLR,ITA,2015,63586,1732.921,Europe,Europe,Eastern Europe,Southern Europe
Norway,Ireland,NOR,IRL,2012,73394,1267.015,Europe,Europe,Northern Europe,Northern Europe
Malta,Slovakia,MLT,SVK,2016,8616,1382.29,Europe,Europe,Southern Europe,Eastern Europe
Hungary,Sweden,HUN,SWE,2012,277477,1318.564,Europe,Europe,Eastern Europe,Northern Europe
Greece,Gibraltar,GRC,GIB,2013,262,2580.711,Europe,Europe,Southern Europe,Southern Europe
Poland,Croatia,POL,HRV,2016,777523,805.9365,Europe,Europe,Eastern Europe,Southern Europe
Finland,Lithuania,FIN,LTU,2015,55445,606.8758,Europe,Europe,Northern Europe,Northern Europe
France,Moldova (Republic of),FRA,MDA,2016,35501,1976.854,Europe,Europe,Western Europe,Eastern Europe
Bulgaria,Denmark,BGR,DNK,2013,33750,1639.385,Europe,Europe,Eastern Europe,Northern Europe
Albania,Andorra,ALB,AND,2013,,1519.551,Europe,Europe,Southern Europe,Southern Europe
Ukraine,Moldova (Republic of),UKR,MDA,2015,4395313,399.4606,Europe,Europe,Eastern Europe,Eastern Europe
Netherlands,France,NLD,FRA,2014,6149003,427.9169,Europe,Europe,Western Europe,Western Europe
Croatia,Lithuania,HRV,LTU,2014,27620,1189.612,Europe,Europe,Southern Europe,Northern Europe
Norway,Luxembourg,NOR,LUX,2013,7431,1184.92,Europe,Europe,Northern Europe,Western Europe
Croatia,Belarus,HRV,BLR,2011,3339,1217.08,Europe,Europe,Southern Europe,Eastern Europe
Belgium,Slovenia,BEL,SVN,2012,57991,916.7943,Europe,Europe,Western Europe,Southern Europe
Iceland,Andorra,ISL,AND,2011,,2833.952,Europe,Europe,Northern Europe,Southern Europe
Spain,Austria,ESP,AUT,2011,924299,1811.999,Europe,Europe,Southern Europe,Western Europe
Czechia,Russian Federation,CZE,RUS,2015,567427,1673,Europe,Europe,Eastern Europe,Eastern Europe
Slovakia,Finland,SVK,FIN,2013,397,1424.061,Europe,Europe,Eastern Europe,Northern Europe
San Marino,Andorra,SMR,AND,2016,,905.0686,Europe,Europe,Southern Europe,Southern Europe
Sweden,Spain,SWE,ESP,2011,1674959,2596.908,Europe,Europe,Northern Europe,Southern Europe
Macedonia (the former Yugoslav Republic of),Greece,MKD,GRC,2014,2389257,485.2823,Europe,Europe,Southern Europe,Southern Europe
Lithuania,Austria,LTU,AUT,2013,35780,948.9832,Europe,Europe,Northern Europe,Western Europe
Portugal,Macedonia (the former Yugoslav Republic of),PRT,MKD,2014,1112,2606.129,Europe,Europe,Southern Europe,Southern Europe
Lithuania,Switzerland,LTU,CHE,2014,21673,1516.998,Europe,Europe,Northern Europe,Western Europe
Iceland,Greece,ISL,GRC,2012,720,4166.699,Europe,Europe,Northern Europe,Southern Europe
Slovakia,Iceland,SVK,ISL,2016,46,2932.617,Europe,Europe,Eastern Europe,Northern Europe
Spain,Malta,ESP,MLT,2012,123617,1670.797,Europe,Europe,Southern Europe,Southern Europe
Italy,Moldova (Republic of),ITA,MDA,2014,259138,1413.827,Europe,Europe,Southern Europe,Eastern Europe
Slovakia,Macedonia (the former Yugoslav Republic of),SVK,MKD,2014,5089,764.715,Europe,Europe,Eastern Europe,Southern Europe
Bosnia and Herzegovina,Albania,BIH,ALB,2014,22181,303.8697,Europe,Europe,Southern Europe,Southern Europe
Netherlands,Switzerland,NLD,CHE,2013,871973,628.025,Europe,Europe,Western Europe,Western Europe
Slovakia,Russian Federation,SVK,RUS,2013,82025,1632.621,Europe,Europe,Eastern Europe,Eastern Europe
Latvia,Bosnia and Herzegovina,LVA,BIH,2013,437,1509.34,Europe,Europe,Northern Europe,Southern Europe
Sweden,Bulgaria,SWE,BGR,2014,34867,1889.219,Europe,Europe,Northern Europe,Eastern Europe
Spain,Norway,ESP,NOR,2012,1372419,2390.782,Europe,Europe,Southern Europe,Northern Europe
Ukraine,Belgium,UKR,BEL,2012,40947,1837.307,Europe,Europe,Eastern Europe,Western Europe
Andorra,Switzerland,AND,CHE,2013,,681.8435,Europe,Europe,Southern Europe,Western Europe
Norway,Gibraltar,NOR,GIB,2013,184,2887.885,Europe,Europe,Northern Europe,Southern Europe
Belarus,Bosnia and Herzegovina,BLR,BIH,2014,123,1292.046,Europe,Europe,Eastern Europe,Southern Europe
Denmark,Germany,DNK,DEU,2016,4640270,595.8536,Europe,Europe,Northern Europe,Western Europe
Hungary,Czechia,HUN,CZE,2014,889943,445.1513,Europe,Europe,Eastern Europe,Eastern Europe
Macedonia (the former Yugoslav Republic of),Slovakia,MKD,SVK,2012,3202,764.715,Europe,Europe,Southern Europe,Eastern Europe
Ireland,Albania,IRL,ALB,2013,1094,2355.755,Europe,Europe,Northern Europe,Southern Europe
United Kingdom of Great Britain and Northern Ireland,Bosnia and Herzegovina,GBR,BIH,2016,17944,1625.285,Europe,Europe,Northern Europe,Southern Europe
Bulgaria,Spain,BGR,ESP,2011,210625,2254.799,Europe,Europe,Eastern Europe,Southern Europe
Belarus,Ukraine,BLR,UKR,2014,1594711,433.5281,Europe,Europe,Eastern Europe,Eastern Europe
Spain,Lithuania,ESP,LTU,2012,101042,2666.384,Europe,Europe,Southern Europe,Northern Europe
Finland,Sweden,FIN,SWE,2015,941831,397.8922,Europe,Europe,Northern Europe,Northern Europe
Switzerland,Ukraine,CHE,UKR,2016,87316,1730.779,Europe,Europe,Western Europe,Eastern Europe
Belarus,Czechia,BLR,CZE,2011,20644,986.366,Europe,Europe,Eastern Europe,Eastern Europe
Ukraine,Bulgaria,UKR,BGR,2013,435526,1022.553,Europe,Europe,Eastern Europe,Eastern Europe
Czechia,Albania,CZE,ALB,2016,9899,1060.922,Europe,Europe,Eastern Europe,Southern Europe
Switzerland,Spain,CHE,ESP,2013,2887037,1153.117,Europe,Europe,Western Europe,Southern Europe
Luxembourg,Bulgaria,LUX,BGR,2015,18237,1526.197,Europe,Europe,Western Europe,Eastern Europe
Czechia,Gibraltar,CZE,GIB,2014,52,2222.865,Europe,Europe,Eastern Europe,Southern Europe
Romania,United Kingdom of Great Britain and Northern Ireland,ROU,GBR,2016,1091455,,Europe,Europe,Eastern Europe,Northern Europe
Denmark,Moldova (Republic of),DNK,MDA,2012,2198,1479.282,Europe,Europe,Northern Europe,Eastern Europe
Switzerland,Belarus,CHE,BLR,2012,8145,1609.652,Europe,Europe,Western Europe,Eastern Europe
Andorra,Belarus,AND,BLR,2016,,2286.099,Europe,Europe,Southern Europe,Eastern Europe
Czechia,Macedonia (the former Yugoslav Republic of),CZE,MKD,2015,3215,1051.492,Europe,Europe,Eastern Europe,Southern Europe
Portugal,Germany,PRT,DEU,2012,1515996,1892.032,Europe,Europe,Southern Europe,Western Europe
Albania,Ukraine,ALB,UKR,2013,5129,1303.97,Europe,Europe,Southern Europe,Eastern Europe
Romania,Bulgaria,ROU,BGR,2014,2648912,,Europe,Europe,Eastern Europe,Eastern Europe
Slovenia,Bosnia and Herzegovina,SVN,BIH,2015,83434,394.7473,Europe,Europe,Southern Europe,Southern Europe
Belgium,Luxembourg,BEL,LUX,2013,286095,187.8091,Europe,Europe,Western Europe,Western Europe
Netherlands,Moldova (Republic of),NLD,MDA,2014,5566,1813.739,Europe,Europe,Western Europe,Eastern Europe
Iceland,Bulgaria,ISL,BGR,2015,834,3709.101,Europe,Europe,Northern Europe,Eastern Europe
Netherlands,Gibraltar,NLD,GIB,2013,157,1976.745,Europe,Europe,Western Europe,Southern Europe
Spain,Switzerland,ESP,CHE,2015,3588416,1153.117,Europe,Europe,Southern Europe,Western Europe
Lithuania,Czechia,LTU,CZE,2012,55431,896.5842,Europe,Europe,Northern Europe,Eastern Europe
Czechia,France,CZE,FRA,2016,634020,884.6105,Europe,Europe,Eastern Europe,Western Europe
Denmark,Germany,DNK,DEU,2015,4373886,595.8536,Europe,Europe,Northern Europe,Western Europe
Finland,Italy,FIN,ITA,2012,347370,2203.158,Europe,Europe,Northern Europe,Southern Europe
Andorra,Belarus,AND,BLR,2012,,2286.099,Europe,Europe,Southern Europe,Eastern Europe
Ukraine,Switzerland,UKR,CHE,2015,74102,1730.779,Europe,Europe,Eastern Europe,Western Europe
San Marino,Austria,SMR,AUT,2013,,561.1404,Europe,Europe,Southern Europe,Western Europe
San Marino,Portugal,SMR,PRT,2014,,1891.408,Europe,Europe,Southern Europe,Southern Europe
Switzerland,Lithuania,CHE,LTU,2011,16883,1516.998,Europe,Europe,Western Europe,Northern Europe
Ireland,Estonia,IRL,EST,2011,31645,2005.127,Europe,Europe,Northern Europe,Northern Europe
Ireland,Portugal,IRL,PRT,2013,489734,1639.821,Europe,Europe,Northern Europe,Southern Europe
Norway,Bulgaria,NOR,BGR,2011,32271,2101.033,Europe,Europe,Northern Europe,Eastern Europe
Russian Federation,Malta,RUS,MLT,2015,37526,2819.734,Europe,Europe,Eastern Europe,Southern Europe
France,Macedonia (the former Yugoslav Republic of),FRA,MKD,2012,11691,1672.04,Europe,Europe,Western Europe,Southern Europe
Poland,Latvia,POL,LVA,2012,597811,559.8441,Europe,Europe,Eastern Europe,Northern Europe
Russian Federation,Romania,RUS,ROU,2012,183775,,Europe,Europe,Eastern Europe,Eastern Europe
Slovenia,Czechia,SVN,CZE,2014,105421,448.934,Europe,Europe,Southern Europe,Eastern Europe
Italy,Poland,ITA,POL,2012,1647821,1319.479,Europe,Europe,Southern Europe,Eastern Europe
Ukraine,Russian Federation,UKR,RUS,2016,10042897,763.4056,Europe,Europe,Eastern Europe,Eastern Europe
Norway,Estonia,NOR,EST,2014,84912,787.4166,Europe,Europe,Northern Europe,Northern Europe
Belarus,Austria,BLR,AUT,2014,26019,998.225,Europe,Europe,Eastern Europe,Western Europe
Estonia,Hungary,EST,HUN,2013,5403,1377.818,Europe,Europe,Northern Europe,Eastern Europe
Slovenia,Switzerland,SVN,CHE,2011,28652,549.9726,Europe,Europe,Southern Europe,Western Europe
Sweden,Romania,SWE,ROU,2012,22364,,Europe,Europe,Northern Europe,Eastern Europe
Ukraine,Luxembourg,UKR,LUX,2012,3332,1736.302,Europe,Europe,Eastern Europe,Western Europe
Albania,Bosnia and Herzegovina,ALB,BIH,2016,31059,303.8697,Europe,Europe,Southern Europe,Southern Europe
Slovenia,Germany,SVN,DEU,2011,294390,814.8665,Europe,Europe,Southern Europe,Western Europe
Austria,Netherlands,AUT,NLD,2011,386340,934.7828,Europe,Europe,Western Europe,Western Europe
Bulgaria,Albania,BGR,ALB,2011,42629,324.0465,Europe,Europe,Eastern Europe,Southern Europe
Romania,Austria,ROU,AUT,2015,456073,,Europe,Europe,Eastern Europe,Western Europe
Romania,Andorra,ROU,AND,2011,,,Europe,Europe,Eastern Europe,Southern Europe
Spain,Latvia,ESP,LVA,2013,53191,2715.85,Europe,Europe,Southern Europe,Northern Europe
Belgium,Bulgaria,BEL,BGR,2014,125118,1699.686,Europe,Europe,Western Europe,Eastern Europe
Romania,Moldova (Republic of),ROU,MDA,2013,997425,,Europe,Europe,Eastern Europe,Eastern Europe
Portugal,Slovakia,PRT,SVK,2014,252,2354.293,Europe,Europe,Southern Europe,Eastern Europe
Moldova (Republic of),United Kingdom of Great Britain and Northern Ireland,MDA,GBR,2014,22363,2150.279,Europe,Europe,Eastern Europe,Northern Europe
Norway,France,NOR,FRA,2012,513069,1342.89,Europe,Europe,Northern Europe,Western Europe
France,Russian Federation,FRA,RUS,2014,857579,2494.316,Europe,Europe,Western Europe,Eastern Europe
Albania,Sweden,ALB,SWE,2015,8310,2006.998,Europe,Europe,Southern Europe,Northern Europe
Italy,Moldova (Republic of),ITA,MDA,2012,203921,1413.827,Europe,Europe,Southern Europe,Eastern Europe
Bosnia and Herzegovina,Poland,BIH,POL,2011,2431,952.2305,Europe,Europe,Southern Europe,Eastern Europe
Lithuania,Ukraine,LTU,UKR,2016,136204,590.0546,Europe,Europe,Northern Europe,Eastern Europe
Luxembourg,Germany,LUX,DEU,2014,402665,215.9864,Europe,Europe,Western Europe,Western Europe
Moldova (Republic of),Spain,MDA,ESP,2014,15695,2697.714,Europe,Europe,Eastern Europe,Southern Europe
Greece,Hungary,GRC,HUN,2012,102263,1123.943,Europe,Europe,Southern Europe,Eastern Europe
France,Macedonia (the former Yugoslav Republic of),FRA,MKD,2013,11752,1672.04,Europe,Europe,Western Europe,Southern Europe
Bulgaria,Albania,BGR,ALB,2016,75816,324.0465,Europe,Europe,Eastern Europe,Southern Europe
Sweden,United Kingdom of Great Britain and Northern Ireland,SWE,GBR,2014,1737390,1437.571,Europe,Europe,Northern Europe,Northern Europe
Norway,Switzerland,NOR,CHE,2011,165657,1459.379,Europe,Europe,Northern Europe,Western Europe
Slovenia,Bulgaria,SVN,BGR,2015,52923,795.2473,Europe,Europe,Southern Europe,Eastern Europe
Slovenia,Macedonia (the former Yugoslav Republic of),SVN,MKD,2013,28025,717.5879,Europe,Europe,Southern Europe,Southern Europe
Ireland,Czechia,IRL,CZE,2013,83294,1465.218,Europe,Europe,Northern Europe,Eastern Europe
Andorra,Russian Federation,AND,RUS,2013,,2973.003,Europe,Europe,Southern Europe,Eastern Europe
Macedonia (the former Yugoslav Republic of),Germany,MKD,DEU,2013,76779,1521.612,Europe,Europe,Southern Europe,Western Europe
Luxembourg,Andorra,LUX,AND,2013,,867.6033,Europe,Europe,Western Europe,Southern Europe
Romania,Russian Federation,ROU,RUS,2011,141495,,Europe,Europe,Eastern Europe,Eastern Europe
Poland,Romania,POL,ROU,2016,547680,,Europe,Europe,Eastern Europe,Eastern Europe
Switzerland,Netherlands,CHE,NLD,2015,941375,628.025,Europe,Europe,Western Europe,Western Europe
Bosnia and Herzegovina,Estonia,BIH,EST,2014,343,1782.909,Europe,Europe,Southern Europe,Northern Europe
Belarus,Slovakia,BLR,SVK,2011,4463,959.4427,Europe,Europe,Eastern Europe,Eastern Europe
Norway,Slovakia,NOR,SVK,2011,1726,1371.805,Europe,Europe,Northern Europe,Eastern Europe
Norway,Slovenia,NOR,SVN,2012,11160,1561.207,Europe,Europe,Northern Europe,Southern Europe
France,United Kingdom of Great Britain and Northern Ireland,FRA,GBR,2012,8915329,342.9475,Europe,Europe,Western Europe,Northern Europe
Slovakia,Hungary,SVK,HUN,2015,1850563,159.0699,Europe,Europe,Eastern Europe,Eastern Europe
Slovenia,Belgium,SVN,BEL,2015,66498,916.7943,Europe,Europe,Southern Europe,Western Europe
Sweden,Romania,SWE,ROU,2014,41161,,Europe,Europe,Northern Europe,Eastern Europe
Italy,Malta,ITA,MLT,2016,817912,688.7803,Europe,Europe,Southern Europe,Southern Europe
Norway,Croatia,NOR,HRV,2013,145247,1608.583,Europe,Europe,Northern Europe,Southern Europe
Finland,Switzerland,FIN,CHE,2014,169381,1859.36,Europe,Europe,Northern Europe,Western Europe
Iceland,Finland,ISL,FIN,2011,24946,2424.555,Europe,Europe,Northern Europe,Northern Europe
Iceland,Croatia,ISL,HRV,2013,548,3089.354,Europe,Europe,Northern Europe,Southern Europe
Switzerland,Latvia,CHE,LVA,2012,35129,1587.651,Europe,Europe,Western Europe,Northern Europe
Latvia,Lithuania,LVA,LTU,2014,2326595,263.4897,Europe,Europe,Northern Europe,Northern Europe
France,Romania,FRA,ROU,2012,297008,,Europe,Europe,Western Europe,Eastern Europe
Albania,Ukraine,ALB,UKR,2015,8496,1303.97,Europe,Europe,Southern Europe,Eastern Europe
Malta,Luxembourg,MLT,LUX,2012,3317,1669.155,Europe,Europe,Southern Europe,Western Europe
Lithuania,Greece,LTU,GRC,2016,53643,1860.701,Europe,Europe,Northern Europe,Southern Europe
Portugal,Luxembourg,PRT,LUX,2016,319939,1711.773,Europe,Europe,Southern Europe,Western Europe
Netherlands,Albania,NLD,ALB,2015,15161,1664.815,Europe,Europe,Western Europe,Southern Europe
Slovenia,Ireland,SVN,IRL,2012,2086,1689.878,Europe,Europe,Southern Europe,Northern Europe
Hungary,Netherlands,HUN,NLD,2015,310472,1145.901,Europe,Europe,Eastern Europe,Western Europe
Moldova (Republic of),Andorra,MDA,AND,2012,,2205.669,Europe,Europe,Eastern Europe,Southern Europe
Russian Federation,Netherlands,RUS,NLD,2016,183236,2155.229,Europe,Europe,Eastern Europe,Western Europe
Lithuania,Poland,LTU,POL,2014,2722496,393.7521,Europe,Europe,Northern Europe,Eastern Europe
Romania,France,ROU,FRA,2015,347786,,Europe,Europe,Eastern Europe,Western Europe
Italy,San Marino,ITA,SMR,2013,,230.0196,Europe,Europe,Southern Europe,Southern Europe
Finland,Denmark,FIN,DNK,2011,392305,884.6371,Europe,Europe,Northern Europe,Northern Europe
Moldova (Republic of),Albania,MDA,ALB,2015,319,955.9489,Europe,Europe,Eastern Europe,Southern Europe
Moldova (Republic of),France,MDA,FRA,2015,34799,1976.854,Europe,Europe,Eastern Europe,Western Europe
Denmark,Belarus,DNK,BLR,2016,3240,977.0479,Europe,Europe,Northern Europe,Eastern Europe
Bosnia and Herzegovina,Ireland,BIH,IRL,2015,1452,2084.593,Europe,Europe,Southern Europe,Northern Europe
Norway,Spain,NOR,ESP,2011,1269240,2390.782,Europe,Europe,Northern Europe,Southern Europe
Malta,Portugal,MLT,PRT,2014,5783,2112.431,Europe,Europe,Southern Europe,Southern Europe
Portugal,Austria,PRT,AUT,2014,114215,2299.266,Europe,Europe,Southern Europe,Western Europe
Estonia,Slovakia,EST,SVK,2014,6056,1345.682,Europe,Europe,Northern Europe,Eastern Europe
Lithuania,Albania,LTU,ALB,2016,440,1540.066,Europe,Europe,Northern Europe,Southern Europe
United Kingdom of Great Britain and Northern Ireland,Gibraltar,GBR,GIB,2016,376231,1759.095,Europe,Europe,Northern Europe,Southern Europe
Romania,Finland,ROU,FIN,2015,12471,,Europe,Europe,Eastern Europe,Northern Europe
Poland,Portugal,POL,PRT,2016,254979,2760.441,Europe,Europe,Eastern Europe,Southern Europe
Estonia,Slovakia,EST,SVK,2013,6382,1345.682,Europe,Europe,Northern Europe,Eastern Europe
Estonia,Sweden,EST,SWE,2013,332900,377.9402,Europe,Europe,Northern Europe,Northern Europe
Lithuania,Estonia,LTU,EST,2014,100067,527.9267,Europe,Europe,Northern Europe,Northern Europe
Bosnia and Herzegovina,United Kingdom of Great Britain and Northern Ireland,BIH,GBR,2011,12180,1625.285,Europe,Europe,Southern Europe,Northern Europe
Czechia,Slovakia,CZE,SVK,2015,1087916,293.086,Europe,Europe,Eastern Europe,Eastern Europe
Bosnia and Herzegovina,Estonia,BIH,EST,2011,363,1782.909,Europe,Europe,Southern Europe,Northern Europe
Norway,Moldova (Republic of),NOR,MDA,2012,2141,1858.963,Europe,Europe,Northern Europe,Eastern Europe
Luxembourg,Portugal,LUX,PRT,2011,110135,1711.773,Europe,Europe,Western Europe,Southern Europe
Luxembourg,Italy,LUX,ITA,2016,216574,989.5763,Europe,Europe,Western Europe,Southern Europe
Latvia,Luxembourg,LVA,LUX,2014,2377,1440.968,Europe,Europe,Northern Europe,Western Europe
Slovenia,Albania,SVN,ALB,2012,9802,678.3095,Europe,Europe,Southern Europe,Southern Europe
Netherlands,Estonia,NLD,EST,2015,31165,1459.083,Europe,Europe,Western Europe,Northern Europe
Greece,Belgium,GRC,BEL,2015,688708,2089.225,Europe,Europe,Southern Europe,Western Europe
Norway,Slovenia,NOR,SVN,2014,13015,1561.207,Europe,Europe,Northern Europe,Southern Europe
Bulgaria,Hungary,BGR,HUN,2013,239205,632.9641,Europe,Europe,Eastern Europe,Eastern Europe
Finland,Switzerland,FIN,CHE,2011,156739,1859.36,Europe,Europe,Northern Europe,Western Europe
Malta,Moldova (Republic of),MLT,MDA,2013,187,1712.083,Europe,Europe,Southern Europe,Eastern Europe
Latvia,Italy,LVA,ITA,2012,121777,1869.574,Europe,Europe,Northern Europe,Southern Europe
Slovakia,Russian Federation,SVK,RUS,2016,56664,1632.621,Europe,Europe,Eastern Europe,Eastern Europe
France,Poland,FRA,POL,2015,1114810,1368.178,Europe,Europe,Western Europe,Eastern Europe
Belgium,Ireland,BEL,IRL,2016,403041,775.6281,Europe,Europe,Western Europe,Northern Europe
Bosnia and Herzegovina,Norway,BIH,NOR,2012,8863,1859.721,Europe,Europe,Southern Europe,Northern Europe
Sweden,Estonia,SWE,EST,2014,321813,377.9402,Europe,Europe,Northern Europe,Northern Europe
Lithuania,Belgium,LTU,BEL,2012,62508,1469.434,Europe,Europe,Northern Europe,Western Europe
France,Greece,FRA,GRC,2011,1327616,2098.726,Europe,Europe,Western Europe,Southern Europe
Hungary,San Marino,HUN,SMR,2013,,644.5287,Europe,Europe,Eastern Europe,Southern Europe
Romania,Lithuania,ROU,LTU,2016,24228,,Europe,Europe,Eastern Europe,Northern Europe
Ukraine,Estonia,UKR,EST,2016,28475,1066.134,Europe,Europe,Eastern Europe,Northern Europe
San Marino,Belarus,SMR,BLR,2016,,1549.646,Europe,Europe,Southern Europe,Eastern Europe
Italy,Russian Federation,ITA,RUS,2011,1126995,2383.171,Europe,Europe,Southern Europe,Eastern Europe
Italy,Sweden,ITA,SWE,2013,735527,1980.122,Europe,Europe,Southern Europe,Northern Europe
Ireland,Switzerland,IRL,CHE,2016,308632,1203.958,Europe,Europe,Northern Europe,Western Europe
Portugal,Austria,PRT,AUT,2016,175904,2299.266,Europe,Europe,Southern Europe,Western Europe
Belarus,Albania,BLR,ALB,2013,64,1505.639,Europe,Europe,Eastern Europe,Southern Europe
Moldova (Republic of),Sweden,MDA,SWE,2011,2980,1544.391,Europe,Europe,Eastern Europe,Northern Europe
Malta,Portugal,MLT,PRT,2012,4341,2112.431,Europe,Europe,Southern Europe,Southern Europe
Greece,Slovakia,GRC,SVK,2011,46918,1249.986,Europe,Europe,Southern Europe,Eastern Europe
Slovakia,Poland,SVK,POL,2012,6793754,530.0169,Europe,Europe,Eastern Europe,Eastern Europe
Bosnia and Herzegovina,Poland,BIH,POL,2016,3223,952.2305,Europe,Europe,Southern Europe,Eastern Europe
Norway,Romania,NOR,ROU,2013,41494,,Europe,Europe,Northern Europe,Eastern Europe
Sweden,Greece,SWE,GRC,2015,230992,2408.377,Europe,Europe,Northern Europe,Southern Europe
Ireland,Belarus,IRL,BLR,2015,1012,2209.153,Europe,Europe,Northern Europe,Eastern Europe
Denmark,Norway,DNK,NOR,2011,1459674,485.3148,Europe,Europe,Northern Europe,Northern Europe
Luxembourg,Ukraine,LUX,UKR,2014,2792,1736.302,Europe,Europe,Western Europe,Eastern Europe
Luxembourg,Sweden,LUX,SWE,2011,15733,1325.934,Europe,Europe,Western Europe,Northern Europe
Lithuania,Ukraine,LTU,UKR,2012,74002,590.0546,Europe,Europe,Northern Europe,Eastern Europe
Macedonia (the former Yugoslav Republic of),Ireland,MKD,IRL,2016,844,2407.447,Europe,Europe,Southern Europe,Northern Europe
Gibraltar,Andorra,GIB,AND,2012,,921.2926,Europe,Europe,Southern Europe,Southern Europe
Norway,France,NOR,FRA,2013,529259,1342.89,Europe,Europe,Northern Europe,Western Europe
Sweden,Moldova (Republic of),SWE,MDA,2016,4758,1544.391,Europe,Europe,Northern Europe,Eastern Europe
Germany,Belarus,DEU,BLR,2013,62817,1405.056,Europe,Europe,Western Europe,Eastern Europe
Poland,Andorra,POL,AND,2014,1,1817.341,Europe,Europe,Eastern Europe,Southern Europe
Andorra,Sweden,AND,SWE,2014,,2191.849,Europe,Europe,Southern Europe,Northern Europe
San Marino,Gibraltar,SMR,GIB,2014,,1746.044,Europe,Europe,Southern Europe,Southern Europe
Macedonia (the former Yugoslav Republic of),Greece,MKD,GRC,2012,412,485.2823,Europe,Europe,Southern Europe,Southern Europe
Spain,United Kingdom of Great Britain and Northern Ireland,ESP,GBR,2016,30100192,1263.379,Europe,Europe,Southern Europe,Northern Europe
Netherlands,Germany,NLD,DEU,2016,9092100,173.5239,Europe,Europe,Western Europe,Western Europe
Austria,San Marino,AUT,SMR,2013,,561.1404,Europe,Europe,Western Europe,Southern Europe
Portugal,Bosnia and Herzegovina,PRT,BIH,2013,985,2362.739,Europe,Europe,Southern Europe,Southern Europe
France,Norway,FRA,NOR,2016,580591,1342.89,Europe,Europe,Western Europe,Northern Europe
Germany,Switzerland,DEU,CHE,2016,5133178,503.8007,Europe,Europe,Western Europe,Western Europe
Germany,Albania,DEU,ALB,2016,105593,1493.096,Europe,Europe,Western Europe,Southern Europe
Lithuania,Portugal,LTU,PRT,2013,7590,3123.619,Europe,Europe,Northern Europe,Southern Europe
Bulgaria,Sweden,BGR,SWE,2013,17776,1889.219,Europe,Europe,Eastern Europe,Northern Europe
Slovakia,Bosnia and Herzegovina,SVK,BIH,2016,4361,488.4783,Europe,Europe,Eastern Europe,Southern Europe
Poland,Macedonia (the former Yugoslav Republic of),POL,MKD,2015,3272,1141.357,Europe,Europe,Eastern Europe,Southern Europe
Luxembourg,Lithuania,LUX,LTU,2012,2338,1420.353,Europe,Europe,Western Europe,Northern Europe
Bosnia and Herzegovina,Finland,BIH,FIN,2011,3022,1863.34,Europe,Europe,Southern Europe,Northern Europe
Latvia,Greece,LVA,GRC,2012,12303,2109.292,Europe,Europe,Northern Europe,Southern Europe
Portugal,Hungary,PRT,HUN,2016,82480,2471.427,Europe,Europe,Southern Europe,Eastern Europe
France,Russian Federation,FRA,RUS,2012,904354,2494.316,Europe,Europe,Western Europe,Eastern Europe
Germany,Macedonia (the former Yugoslav Republic of),DEU,MKD,2014,134600,1521.612,Europe,Europe,Western Europe,Southern Europe
Sweden,Germany,SWE,DEU,2016,1551840,1118.929,Europe,Europe,Northern Europe,Western Europe
Latvia,Netherlands,LVA,NLD,2016,65463,1332.481,Europe,Europe,Northern Europe,Western Europe
Greece,Estonia,GRC,EST,2014,33092,2384.76,Europe,Europe,Southern Europe,Northern Europe
Bosnia and Herzegovina,United Kingdom of Great Britain and Northern Ireland,BIH,GBR,2015,17864,1625.285,Europe,Europe,Southern Europe,Northern Europe
France,Slovakia,FRA,SVK,2014,25758,1094.61,Europe,Europe,Western Europe,Eastern Europe
Gibraltar,Lithuania,GIB,LTU,2012,21,3119.053,Europe,Europe,Southern Europe,Northern Europe
Andorra,Luxembourg,AND,LUX,2016,,867.6033,Europe,Europe,Southern Europe,Western Europe
Austria,Sweden,AUT,SWE,2015,241564,1242.31,Europe,Europe,Western Europe,Northern Europe
Sweden,Albania,SWE,ALB,2015,6575,2006.998,Europe,Europe,Northern Europe,Southern Europe
Portugal,Hungary,PRT,HUN,2011,44785,2471.427,Europe,Europe,Southern Europe,Eastern Europe
Malta,Hungary,MLT,HUN,2011,11123,1343.903,Europe,Europe,Southern Europe,Eastern Europe
Czechia,France,CZE,FRA,2012,627984,884.6105,Europe,Europe,Eastern Europe,Western Europe
Poland,Luxembourg,POL,LUX,2013,13522,1080.571,Europe,Europe,Eastern Europe,Western Europe
Norway,Iceland,NOR,ISL,2014,156256,1749.596,Europe,Europe,Northern Europe,Northern Europe
Macedonia (the former Yugoslav Republic of),France,MKD,FRA,2015,32822,1672.04,Europe,Europe,Southern Europe,Western Europe
Austria,Bulgaria,AUT,BGR,2011,250430,820.7289,Europe,Europe,Western Europe,Eastern Europe
Russian Federation,Switzerland,RUS,CHE,2011,349885,2296.397,Europe,Europe,Eastern Europe,Western Europe
Gibraltar,Switzerland,GIB,CHE,2016,88,1603.114,Europe,Europe,Southern Europe,Western Europe
Moldova (Republic of),Estonia,MDA,EST,2013,1611,1407.85,Europe,Europe,Eastern Europe,Northern Europe
Malta,Bosnia and Herzegovina,MLT,BIH,2013,286,946.8785,Europe,Europe,Southern Europe,Southern Europe
Portugal,Switzerland,PRT,CHE,2013,897987,1626.974,Europe,Europe,Southern Europe,Western Europe
Macedonia (the former Yugoslav Republic of),Italy,MKD,ITA,2015,74035,742.0995,Europe,Europe,Southern Europe,Southern Europe
Spain,Bulgaria,ESP,BGR,2011,211986,2254.799,Europe,Europe,Southern Europe,Eastern Europe
Gibraltar,Hungary,GIB,HUN,2013,29,2371.369,Europe,Europe,Southern Europe,Eastern Europe
Greece,Hungary,GRC,HUN,2011,100738,1123.943,Europe,Europe,Southern Europe,Eastern Europe
Spain,Poland,ESP,POL,2013,572958,2293.005,Europe,Europe,Southern Europe,Eastern Europe
Belarus,Latvia,BLR,LVA,2014,204313,406.3581,Europe,Europe,Eastern Europe,Northern Europe
Slovakia,Romania,SVK,ROU,2012,121546,,Europe,Europe,Eastern Europe,Eastern Europe
Spain,Estonia,ESP,EST,2012,43754,2895.384,Europe,Europe,Southern Europe,Northern Europe
Russian Federation,Czechia,RUS,CZE,2016,582068,1673,Europe,Europe,Eastern Europe,Eastern Europe
Norway,Greece,NOR,GRC,2016,194338,2606.405,Europe,Europe,Northern Europe,Southern Europe
Estonia,Slovenia,EST,SVN,2013,4224,1634.182,Europe,Europe,Northern Europe,Southern Europe
Russian Federation,Austria,RUS,AUT,2014,534957,1675.699,Europe,Europe,Eastern Europe,Western Europe
Norway,Andorra,NOR,AND,2011,,2038.357,Europe,Europe,Northern Europe,Southern Europe
Hungary,United Kingdom of Great Britain and Northern Ireland,HUN,GBR,2015,1239651,1453.666,Europe,Europe,Eastern Europe,Northern Europe
Iceland,Moldova (Republic of),ISL,MDA,2016,118,3584.765,Europe,Europe,Northern Europe,Eastern Europe
Moldova (Republic of),Gibraltar,MDA,GIB,2014,2,3062.09,Europe,Europe,Eastern Europe,Southern Europe
Spain,Austria,ESP,AUT,2013,935043,1811.999,Europe,Europe,Southern Europe,Western Europe
Malta,San Marino,MLT,SMR,2015,,912.6896,Europe,Europe,Southern Europe,Southern Europe
Hungary,Russian Federation,HUN,RUS,2013,129395,1574.19,Europe,Europe,Eastern Europe,Eastern Europe
Belarus,Denmark,BLR,DNK,2011,3687,977.0479,Europe,Europe,Eastern Europe,Northern Europe
Slovenia,Romania,SVN,ROU,2013,45719,,Europe,Europe,Southern Europe,Eastern Europe
Belarus,Belgium,BLR,BEL,2016,5677,1601.903,Europe,Europe,Eastern Europe,Western Europe
Norway,Moldova (Republic of),NOR,MDA,2014,2711,1858.963,Europe,Europe,Northern Europe,Eastern Europe
Bosnia and Herzegovina,Belarus,BIH,BLR,2013,60,1292.046,Europe,Europe,Southern Europe,Eastern Europe
Gibraltar,United Kingdom of Great Britain and Northern Ireland,GIB,GBR,2012,251173,1759.095,Europe,Europe,Southern Europe,Northern Europe
Iceland,Slovakia,ISL,SVK,2015,16,2932.617,Europe,Europe,Northern Europe,Eastern Europe
Luxembourg,Russian Federation,LUX,RUS,2011,11543,2214.132,Europe,Europe,Western Europe,Eastern Europe
Malta,Ukraine,MLT,UKR,2014,4947,2062.274,Europe,Europe,Southern Europe,Eastern Europe
Moldova (Republic of),Netherlands,MDA,NLD,2015,6109,1813.739,Europe,Europe,Eastern Europe,Western Europe
Andorra,Albania,AND,ALB,2014,,1519.551,Europe,Europe,Southern Europe,Southern Europe
Slovakia,Albania,SVK,ALB,2014,12342,788.7294,Europe,Europe,Eastern Europe,Southern Europe
Gibraltar,Belgium,GIB,BEL,2015,87,1810.312,Europe,Europe,Southern Europe,Western Europe
Russian Federation,Luxembourg,RUS,LUX,2016,11524,2214.132,Europe,Europe,Eastern Europe,Western Europe
Netherlands,Finland,NLD,FIN,2016,215660,1505.523,Europe,Europe,Western Europe,Northern Europe
Croatia,San Marino,HRV,SMR,2014,,342.8565,Europe,Europe,Southern Europe,Southern Europe
Andorra,Austria,AND,AUT,2016,,1322.201,Europe,Europe,Southern Europe,Western Europe
Luxembourg,Ukraine,LUX,UKR,2013,3391,1736.302,Europe,Europe,Western Europe,Eastern Europe
Malta,Estonia,MLT,EST,2011,1915,2719.935,Europe,Europe,Southern Europe,Northern Europe
Hungary,Poland,HUN,POL,2011,652000,546.806,Europe,Europe,Eastern Europe,Eastern Europe
Romania,San Marino,ROU,SMR,2013,4638,,Europe,Europe,Eastern Europe,Southern Europe
Lithuania,Ireland,LTU,IRL,2013,119198,2052.635,Europe,Europe,Northern Europe,Northern Europe
Moldova (Republic of),Lithuania,MDA,LTU,2015,1544,889.8586,Europe,Europe,Eastern Europe,Northern Europe
Finland,Croatia,FIN,HRV,2014,72681,1702.673,Europe,Europe,Northern Europe,Southern Europe
Spain,Czechia,ESP,CZE,2013,427732,1776.348,Europe,Europe,Southern Europe,Eastern Europe
Ireland,Romania,IRL,ROU,2011,39132,,Europe,Europe,Northern Europe,Eastern Europe
Spain,Gibraltar,ESP,GIB,2015,76,497.6063,Europe,Europe,Southern Europe,Southern Europe
Croatia,Italy,HRV,ITA,2015,1296747,517.0557,Europe,Europe,Southern Europe,Southern Europe
Ukraine,Slovenia,UKR,SVN,2015,27827,1277.754,Europe,Europe,Eastern Europe,Southern Europe
France,Estonia,FRA,EST,2012,35405,1859.091,Europe,Europe,Western Europe,Northern Europe
Portugal,Albania,PRT,ALB,2014,1483,2472.398,Europe,Europe,Southern Europe,Southern Europe
Norway,Bulgaria,NOR,BGR,2013,81480,2101.033,Europe,Europe,Northern Europe,Eastern Europe
Macedonia (the former Yugoslav Republic of),Gibraltar,MKD,GIB,2016,,2396.474,Europe,Europe,Southern Europe,Southern Europe
Germany,Estonia,DEU,EST,2016,202767,1421.076,Europe,Europe,Western Europe,Northern Europe
Denmark,Bulgaria,DNK,BGR,2012,30051,1639.385,Europe,Europe,Northern Europe,Eastern Europe
Malta,Ukraine,MLT,UKR,2016,6105,2062.274,Europe,Europe,Southern Europe,Eastern Europe
Albania,Denmark,ALB,DNK,2014,4161,1679.912,Europe,Europe,Southern Europe,Northern Europe
Italy,Sweden,ITA,SWE,2011,882080,1980.122,Europe,Europe,Southern Europe,Northern Europe
Germany,Slovakia,DEU,SVK,2011,220204,817.4212,Europe,Europe,Western Europe,Eastern Europe
Hungary,United Kingdom of Great Britain and Northern Ireland,HUN,GBR,2012,845899,1453.666,Europe,Europe,Eastern Europe,Northern Europe
San Marino,Slovenia,SMR,SVN,2012,,283.7302,Europe,Europe,Southern Europe,Southern Europe
Belarus,Poland,BLR,POL,2012,3922027,469.7038,Europe,Europe,Eastern Europe,Eastern Europe
Albania,Ukraine,ALB,UKR,2016,14683,1303.97,Europe,Europe,Southern Europe,Eastern Europe
France,Portugal,FRA,PRT,2012,2071529,1452.86,Europe,Europe,Western Europe,Southern Europe
Russian Federation,Slovakia,RUS,SVK,2014,66099,1632.621,Europe,Europe,Eastern Europe,Eastern Europe
France,Slovakia,FRA,SVK,2011,64412,1094.61,Europe,Europe,Western Europe,Eastern Europe
Greece,Luxembourg,GRC,LUX,2016,62675,1904.941,Europe,Europe,Southern Europe,Western Europe
Estonia,Albania,EST,ALB,2014,951,2041.537,Europe,Europe,Northern Europe,Southern Europe
Latvia,Belarus,LVA,BLR,2011,127404,406.3581,Europe,Europe,Northern Europe,Eastern Europe
Ukraine,Ireland,UKR,IRL,2016,7936,2517.525,Europe,Europe,Eastern Europe,Northern Europe
Russian Federation,France,RUS,FRA,2013,906668,2494.316,Europe,Europe,Eastern Europe,Western Europe
Estonia,Albania,EST,ALB,2011,838,2041.537,Europe,Europe,Northern Europe,Southern Europe
Gibraltar,Spain,GIB,ESP,2015,91,497.6063,Europe,Europe,Southern Europe,Southern Europe
Greece,Ireland,GRC,IRL,2015,50389,2855.222,Europe,Europe,Southern Europe,Northern Europe
Iceland,San Marino,ISL,SMR,2013,,3109.966,Europe,Europe,Northern Europe,Southern Europe
Macedonia (the former Yugoslav Republic of),France,MKD,FRA,2016,30820,1672.04,Europe,Europe,Southern Europe,Western Europe
Hungary,Germany,HUN,DEU,2012,2634645,976.2567,Europe,Europe,Eastern Europe,Western Europe
Hungary,Gibraltar,HUN,GIB,2015,46,2371.369,Europe,Europe,Eastern Europe,Southern Europe
Greece,Bulgaria,GRC,BGR,2011,1806849,520.6937,Europe,Europe,Southern Europe,Eastern Europe
Lithuania,Albania,LTU,ALB,2015,288,1540.066,Europe,Europe,Northern Europe,Southern Europe
Czechia,Macedonia (the former Yugoslav Republic of),CZE,MKD,2016,7259,1051.492,Europe,Europe,Eastern Europe,Southern Europe
Netherlands,Andorra,NLD,AND,2016,,1125.463,Europe,Europe,Western Europe,Southern Europe
Spain,Netherlands,ESP,NLD,2014,3630440,1481.366,Europe,Europe,Southern Europe,Western Europe
France,Austria,FRA,AUT,2011,1504122,1035.144,Europe,Europe,Western Europe,Western Europe
Bosnia and Herzegovina,Russian Federation,BIH,RUS,2011,8859,1902.116,Europe,Europe,Southern Europe,Eastern Europe
United Kingdom of Great Britain and Northern Ireland,Croatia,GBR,HRV,2016,840822,1341.216,Europe,Europe,Northern Europe,Southern Europe
Croatia,Malta,HRV,MLT,2014,4696,1108.396,Europe,Europe,Southern Europe,Southern Europe
France,Spain,FRA,ESP,2013,14937520,1054.656,Europe,Europe,Western Europe,Southern Europe
Ireland,Sweden,IRL,SWE,2016,88465,1631.147,Europe,Europe,Northern Europe,Northern Europe
Poland,Belgium,POL,BEL,2015,486957,1160.644,Europe,Europe,Eastern Europe,Western Europe
Lithuania,Ukraine,LTU,UKR,2015,94449,590.0546,Europe,Europe,Northern Europe,Eastern Europe
Macedonia (the former Yugoslav Republic of),Latvia,MKD,LVA,2014,539,1674.47,Europe,Europe,Southern Europe,Northern Europe
Finland,Spain,FIN,ESP,2011,694039,2952.195,Europe,Europe,Northern Europe,Southern Europe
Spain,San Marino,ESP,SMR,2015,,1390.619,Europe,Europe,Southern Europe,Southern Europe
Albania,Sweden,ALB,SWE,2013,4997,2006.998,Europe,Europe,Southern Europe,Northern Europe
Netherlands,Italy,NLD,ITA,2012,2145135,1297.695,Europe,Europe,Western Europe,Southern Europe
Latvia,Spain,LVA,ESP,2011,50044,2715.85,Europe,Europe,Northern Europe,Southern Europe
Estonia,Belgium,EST,BEL,2016,32821,1601.098,Europe,Europe,Northern Europe,Western Europe
United Kingdom of Great Britain and Northern Ireland,Italy,GBR,ITA,2011,7133106,1438.425,Europe,Europe,Northern Europe,Southern Europe
Croatia,Slovenia,HRV,SVN,2012,1167200,117.3451,Europe,Europe,Southern Europe,Southern Europe
Norway,Albania,NOR,ALB,2015,6236,2160.437,Europe,Europe,Northern Europe,Southern Europe
Albania,Luxembourg,ALB,LUX,2013,599,1404.884,Europe,Europe,Southern Europe,Western Europe
San Marino,Hungary,SMR,HUN,2015,,644.5287,Europe,Europe,Southern Europe,Eastern Europe
Norway,Greece,NOR,GRC,2012,300528,2606.405,Europe,Europe,Northern Europe,Southern Europe
Moldova (Republic of),Sweden,MDA,SWE,2016,4462,1544.391,Europe,Europe,Eastern Europe,Northern Europe
Germany,Poland,DEU,POL,2015,32611132,965.9211,Europe,Europe,Western Europe,Eastern Europe
Slovenia,Netherlands,SVN,NLD,2014,19322,986.5178,Europe,Europe,Southern Europe,Western Europe
Romania,Belgium,ROU,BEL,2016,279497,,Europe,Europe,Eastern Europe,Western Europe
Czechia,Poland,CZE,POL,2011,11211127,516.6628,Europe,Europe,Eastern Europe,Eastern Europe
Slovenia,Moldova (Republic of),SVN,MDA,2012,291,1100.799,Europe,Europe,Southern Europe,Eastern Europe
Malta,Germany,MLT,DEU,2016,320101,1833.687,Europe,Europe,Southern Europe,Western Europe
France,Gibraltar,FRA,GIB,2013,255,1549.175,Europe,Europe,Western Europe,Southern Europe
Switzerland,Ukraine,CHE,UKR,2013,92478,1730.779,Europe,Europe,Western Europe,Eastern Europe
Romania,Slovakia,ROU,SVK,2015,135971,,Europe,Europe,Eastern Europe,Eastern Europe
Greece,Sweden,GRC,SWE,2014,206001,2408.377,Europe,Europe,Southern Europe,Northern Europe
Denmark,Russian Federation,DNK,RUS,2014,103939,1566.362,Europe,Europe,Northern Europe,Eastern Europe
United Kingdom of Great Britain and Northern Ireland,Slovakia,GBR,SVK,2013,321273,1294.938,Europe,Europe,Northern Europe,Eastern Europe
Romania,Italy,ROU,ITA,2012,1036917,,Europe,Europe,Eastern Europe,Southern Europe
Belgium,Romania,BEL,ROU,2012,117806,,Europe,Europe,Western Europe,Eastern Europe
Ireland,Bulgaria,IRL,BGR,2011,24617,2475.312,Europe,Europe,Northern Europe,Eastern Europe
Albania,Bosnia and Herzegovina,ALB,BIH,2013,17162,303.8697,Europe,Europe,Southern Europe,Southern Europe
Gibraltar,Iceland,GIB,ISL,2015,4,3312.355,Europe,Europe,Southern Europe,Northern Europe
Moldova (Republic of),Luxembourg,MDA,LUX,2012,273,1697.473,Europe,Europe,Eastern Europe,Western Europe
Bulgaria,Sweden,BGR,SWE,2012,14701,1889.219,Europe,Europe,Eastern Europe,Northern Europe
Latvia,Norway,LVA,NOR,2012,219342,843.114,Europe,Europe,Northern Europe,Northern Europe
Malta,Gibraltar,MLT,GIB,2013,117,1787.032,Europe,Europe,Southern Europe,Southern Europe
Netherlands,Luxembourg,NLD,LUX,2015,26674,318.3489,Europe,Europe,Western Europe,Western Europe
United Kingdom of Great Britain and Northern Ireland,Belgium,GBR,BEL,2012,2040413,323.7796,Europe,Europe,Northern Europe,Western Europe
Norway,Belarus,NOR,BLR,2011,2347,1216.697,Europe,Europe,Northern Europe,Eastern Europe
Greece,Macedonia (the former Yugoslav Republic of),GRC,MKD,2016,1761604,485.2823,Europe,Europe,Southern Europe,Southern Europe
Lithuania,San Marino,LTU,SMR,2016,,1509.381,Europe,Europe,Northern Europe,Southern Europe
Sweden,Hungary,SWE,HUN,2015,278870,1318.564,Europe,Europe,Northern Europe,Eastern Europe
Denmark,Andorra,DNK,AND,2015,,1668.749,Europe,Europe,Northern Europe,Southern Europe
Bulgaria,Hungary,BGR,HUN,2015,486189,632.9641,Europe,Europe,Eastern Europe,Eastern Europe
Norway,Latvia,NOR,LVA,2015,211294,843.114,Europe,Europe,Northern Europe,Northern Europe
Latvia,Bulgaria,LVA,BGR,2016,16147,1590.733,Europe,Europe,Northern Europe,Eastern Europe
United Kingdom of Great Britain and Northern Ireland,Austria,GBR,AUT,2015,1189899,1238.199,Europe,Europe,Northern Europe,Western Europe
Estonia,Moldova (Republic of),EST,MDA,2014,1982,1407.85,Europe,Europe,Northern Europe,Eastern Europe
Poland,Croatia,POL,HRV,2014,645360,805.9365,Europe,Europe,Eastern Europe,Southern Europe
Italy,Latvia,ITA,LVA,2015,114509,1869.574,Europe,Europe,Southern Europe,Northern Europe
Switzerland,Finland,CHE,FIN,2013,156785,1859.36,Europe,Europe,Western Europe,Northern Europe
Slovenia,Bulgaria,SVN,BGR,2013,45620,795.2473,Europe,Europe,Southern Europe,Eastern Europe
Lithuania,Denmark,LTU,DNK,2013,68631,815.5106,Europe,Europe,Northern Europe,Northern Europe
Norway,Russian Federation,NOR,RUS,2016,107026,1649.799,Europe,Europe,Northern Europe,Eastern Europe
Germany,Poland,DEU,POL,2012,27457328,965.9211,Europe,Europe,Western Europe,Eastern Europe
Luxembourg,Malta,LUX,MLT,2012,3317,1669.155,Europe,Europe,Western Europe,Southern Europe
Sweden,Moldova (Republic of),SWE,MDA,2011,3057,1544.391,Europe,Europe,Northern Europe,Eastern Europe
Belgium,Austria,BEL,AUT,2016,590260,914.4633,Europe,Europe,Western Europe,Western Europe
United Kingdom of Great Britain and Northern Ireland,Spain,GBR,ESP,2015,25941702,1263.379,Europe,Europe,Northern Europe,Southern Europe
Gibraltar,Germany,GIB,DEU,2011,342,1967.273,Europe,Europe,Southern Europe,Western Europe
Belgium,Bulgaria,BEL,BGR,2012,112482,1699.686,Europe,Europe,Western Europe,Eastern Europe
Ukraine,Greece,UKR,GRC,2015,93061,1482.129,Europe,Europe,Eastern Europe,Southern Europe
Poland,Bulgaria,POL,BGR,2013,373498,1080.42,Europe,Europe,Eastern Europe,Eastern Europe
Czechia,Portugal,CZE,PRT,2016,97936,2245.294,Europe,Europe,Eastern Europe,Southern Europe
Denmark,Lithuania,DNK,LTU,2012,55311,815.5106,Europe,Europe,Northern Europe,Northern Europe
San Marino,Croatia,SMR,HRV,2013,,342.8565,Europe,Europe,Southern Europe,Southern Europe
Macedonia (the former Yugoslav Republic of),Bulgaria,MKD,BGR,2014,467587,168.0973,Europe,Europe,Southern Europe,Eastern Europe
Ireland,Estonia,IRL,EST,2015,14586,2005.127,Europe,Europe,Northern Europe,Northern Europe
Malta,Romania,MLT,ROU,2014,17764,,Europe,Europe,Southern Europe,Eastern Europe
Greece,Poland,GRC,POL,2014,628712,1600.171,Europe,Europe,Southern Europe,Eastern Europe
Belgium,Luxembourg,BEL,LUX,2014,302390,187.8091,Europe,Europe,Western Europe,Western Europe
Andorra,Belgium,AND,BEL,2016,,952.5,Europe,Europe,Southern Europe,Western Europe
Lithuania,Belarus,LTU,BLR,2016,177754,169.5256,Europe,Europe,Northern Europe,Eastern Europe
Czechia,Sweden,CZE,SWE,2014,155058,1053.71,Europe,Europe,Eastern Europe,Northern Europe
Spain,Gibraltar,ESP,GIB,2011,23,497.6063,Europe,Europe,Southern Europe,Southern Europe
Belarus,Bulgaria,BLR,BGR,2015,106399,1282.432,Europe,Europe,Eastern Europe,Eastern Europe
Greece,Czechia,GRC,CZE,2015,493236,1535.797,Europe,Europe,Southern Europe,Eastern Europe
Hungary,Lithuania,HUN,LTU,2014,6951,910.8107,Europe,Europe,Eastern Europe,Northern Europe
Moldova (Republic of),Germany,MDA,DEU,2016,54788,1656.772,Europe,Europe,Eastern Europe,Western Europe
Belgium,Germany,BEL,DEU,2013,2111030,196.8761,Europe,Europe,Western Europe,Western Europe
Estonia,Germany,EST,DEU,2016,183960,1421.076,Europe,Europe,Northern Europe,Western Europe
Norway,Belgium,NOR,BEL,2013,123046,1087.773,Europe,Europe,Northern Europe,Western Europe
Latvia,Greece,LVA,GRC,2014,21712,2109.292,Europe,Europe,Northern Europe,Southern Europe
Poland,Gibraltar,POL,GIB,2014,84,2736.609,Europe,Europe,Eastern Europe,Southern Europe
United Kingdom of Great Britain and Northern Ireland,Portugal,GBR,PRT,2015,4489861,1583.091,Europe,Europe,Northern Europe,Southern Europe
Greece,Hungary,GRC,HUN,2013,66901,1123.943,Europe,Europe,Southern Europe,Eastern Europe
Bosnia and Herzegovina,Italy,BIH,ITA,2014,470150,531.7457,Europe,Europe,Southern Europe,Southern Europe
Ireland,Iceland,IRL,ISL,2014,1910,1499.031,Europe,Europe,Northern Europe,Northern Europe
United Kingdom of Great Britain and Northern Ireland,Macedonia (the former Yugoslav Republic of),GBR,MKD,2016,70380,1948.1,Europe,Europe,Northern Europe,Southern Europe
Belarus,Germany,BLR,DEU,2014,71955,1405.056,Europe,Europe,Eastern Europe,Western Europe
Netherlands,Belgium,NLD,BEL,2012,3314456,173.0333,Europe,Europe,Western Europe,Western Europe
Andorra,Czechia,AND,CZE,2016,,1302.353,Europe,Europe,Southern Europe,Eastern Europe
Estonia,Slovenia,EST,SVN,2016,5808,1634.182,Europe,Europe,Northern Europe,Southern Europe
Belarus,Netherlands,BLR,NLD,2011,14020,1512.952,Europe,Europe,Eastern Europe,Western Europe
Gibraltar,Iceland,GIB,ISL,2012,2,3312.355,Europe,Europe,Southern Europe,Northern Europe
Netherlands,Ukraine,NLD,UKR,2013,69543,1781.716,Europe,Europe,Western Europe,Eastern Europe
Belarus,Andorra,BLR,AND,2016,,2286.099,Europe,Europe,Eastern Europe,Southern Europe
Belarus,Netherlands,BLR,NLD,2013,19650,1512.952,Europe,Europe,Eastern Europe,Western Europe
Ukraine,Estonia,UKR,EST,2014,21939,1066.134,Europe,Europe,Eastern Europe,Northern Europe
Lithuania,Bulgaria,LTU,BGR,2011,3946,1345.486,Europe,Europe,Northern Europe,Eastern Europe
Latvia,Poland,LVA,POL,2016,1001490,559.8441,Europe,Europe,Northern Europe,Eastern Europe
Russian Federation,Moldova (Republic of),RUS,MDA,2012,1196495,1150.314,Europe,Europe,Eastern Europe,Eastern Europe
Estonia,Slovakia,EST,SVK,2012,6730,1345.682,Europe,Europe,Northern Europe,Eastern Europe
Poland,Lithuania,POL,LTU,2014,2722496,393.7521,Europe,Europe,Eastern Europe,Northern Europe
Iceland,San Marino,ISL,SMR,2011,,3109.966,Europe,Europe,Northern Europe,Southern Europe
Romania,Luxembourg,ROU,LUX,2015,6096,,Europe,Europe,Eastern Europe,Western Europe
Belarus,Luxembourg,BLR,LUX,2011,316,1539.179,Europe,Europe,Eastern Europe,Western Europe
Germany,Slovakia,DEU,SVK,2012,231609,817.4212,Europe,Europe,Western Europe,Eastern Europe
Macedonia (the former Yugoslav Republic of),Italy,MKD,ITA,2012,62760,742.0995,Europe,Europe,Southern Europe,Southern Europe
France,Belgium,FRA,BEL,2016,5340223,262.3845,Europe,Europe,Western Europe,Western Europe
Bosnia and Herzegovina,Poland,BIH,POL,2012,2263,952.2305,Europe,Europe,Southern Europe,Eastern Europe
Switzerland,Bosnia and Herzegovina,CHE,BIH,2015,64240,924.4724,Europe,Europe,Western Europe,Southern Europe
Netherlands,Norway,NLD,NOR,2016,520657,916.1565,Europe,Europe,Western Europe,Northern Europe
Belarus,Malta,BLR,MLT,2012,255,2236.243,Europe,Europe,Eastern Europe,Southern Europe
Italy,Netherlands,ITA,NLD,2011,2196678,1297.695,Europe,Europe,Southern Europe,Western Europe
Finland,Latvia,FIN,LVA,2016,113546,358.1294,Europe,Europe,Northern Europe,Northern Europe
Sweden,Slovakia,SWE,SVK,2016,1393,1244.273,Europe,Europe,Northern Europe,Eastern Europe
Luxembourg,Ukraine,LUX,UKR,2015,3074,1736.302,Europe,Europe,Western Europe,Eastern Europe
Bulgaria,Ukraine,BGR,UKR,2016,380035,1022.553,Europe,Europe,Eastern Europe,Eastern Europe
Luxembourg,Sweden,LUX,SWE,2013,15959,1325.934,Europe,Europe,Western Europe,Northern Europe
Germany,Romania,DEU,ROU,2014,704539,,Europe,Europe,Western Europe,Eastern Europe
Italy,Spain,ITA,ESP,2016,8295162,1366.76,Europe,Europe,Southern Europe,Southern Europe
Bosnia and Herzegovina,Sweden,BIH,SWE,2011,28707,1721.592,Europe,Europe,Southern Europe,Northern Europe
Italy,Belarus,ITA,BLR,2012,66349,1732.921,Europe,Europe,Southern Europe,Eastern Europe
Spain,Netherlands,ESP,NLD,2012,3165757,1481.366,Europe,Europe,Southern Europe,Western Europe
Italy,Luxembourg,ITA,LUX,2016,217852,989.5763,Europe,Europe,Southern Europe,Western Europe
Spain,Slovakia,ESP,SVK,2013,51520,1865.664,Europe,Europe,Southern Europe,Eastern Europe
Bulgaria,Austria,BGR,AUT,2015,255578,820.7289,Europe,Europe,Eastern Europe,Western Europe
Croatia,Italy,HRV,ITA,2011,1510251,517.0557,Europe,Europe,Southern Europe,Southern Europe
Macedonia (the former Yugoslav Republic of),Albania,MKD,ALB,2015,533618,155.9628,Europe,Europe,Southern Europe,Southern Europe
Ireland,Sweden,IRL,SWE,2014,89073,1631.147,Europe,Europe,Northern Europe,Northern Europe
Belarus,Croatia,BLR,HRV,2016,12998,1217.08,Europe,Europe,Eastern Europe,Southern Europe
Greece,Romania,GRC,ROU,2011,306782,,Europe,Europe,Southern Europe,Eastern Europe
Moldova (Republic of),Ireland,MDA,IRL,2016,20220,2569.662,Europe,Europe,Eastern Europe,Northern Europe
Spain,Poland,ESP,POL,2015,985578,2293.005,Europe,Europe,Southern Europe,Eastern Europe
Greece,Italy,GRC,ITA,2011,1392756,1050.411,Europe,Europe,Southern Europe,Southern Europe
Italy,Ukraine,ITA,UKR,2015,243460,1674.773,Europe,Europe,Southern Europe,Eastern Europe
Austria,Iceland,AUT,ISL,2011,6874,2891.521,Europe,Europe,Western Europe,Northern Europe
Italy,Romania,ITA,ROU,2014,1134613,,Europe,Europe,Southern Europe,Eastern Europe
Lithuania,Malta,LTU,MLT,2013,14939,2248.596,Europe,Europe,Northern Europe,Southern Europe
Italy,Andorra,ITA,AND,2011,0,909.03,Europe,Europe,Southern Europe,Southern Europe
Macedonia (the former Yugoslav Republic of),Denmark,MKD,DNK,2014,9141,1651.324,Europe,Europe,Southern Europe,Northern Europe
Iceland,Ukraine,ISL,UKR,2013,647,3379.359,Europe,Europe,Northern Europe,Eastern Europe
United Kingdom of Great Britain and Northern Ireland,Portugal,GBR,PRT,2014,4069521,1583.091,Europe,Europe,Northern Europe,Southern Europe
France,Luxembourg,FRA,LUX,2013,6484521,289.1023,Europe,Europe,Western Europe,Western Europe
Portugal,Hungary,PRT,HUN,2015,76462,2471.427,Europe,Europe,Southern Europe,Eastern Europe
Austria,Portugal,AUT,PRT,2015,127507,2299.266,Europe,Europe,Western Europe,Southern Europe
Macedonia (the former Yugoslav Republic of),Finland,MKD,FIN,2013,1146,2032.59,Europe,Europe,Southern Europe,Northern Europe
Sweden,Romania,SWE,ROU,2016,91530,,Europe,Europe,Northern Europe,Eastern Europe
Hungary,Albania,HUN,ALB,2015,3301,689.0358,Europe,Europe,Eastern Europe,Southern Europe
Austria,Lithuania,AUT,LTU,2011,32365,948.9832,Europe,Europe,Western Europe,Northern Europe
Greece,Malta,GRC,MLT,2014,17303,850.6025,Europe,Europe,Southern Europe,Southern Europe
Albania,Slovakia,ALB,SVK,2012,3338,788.7294,Europe,Europe,Southern Europe,Eastern Europe
Andorra,Slovakia,AND,SVK,2014,,1374.983,Europe,Europe,Southern Europe,Eastern Europe
San Marino,Latvia,SMR,LVA,2014,,1659.333,Europe,Europe,Southern Europe,Northern Europe
Bulgaria,Czechia,BGR,CZE,2013,198765,1069.866,Europe,Europe,Eastern Europe,Eastern Europe
France,Bulgaria,FRA,BGR,2015,136732,1760.707,Europe,Europe,Western Europe,Eastern Europe
Italy,Germany,ITA,DEU,2012,11750775,1146.023,Europe,Europe,Southern Europe,Western Europe
Slovenia,San Marino,SVN,SMR,2014,,283.7302,Europe,Europe,Southern Europe,Southern Europe
Belgium,Norway,BEL,NOR,2013,122851,1087.773,Europe,Europe,Western Europe,Northern Europe
Gibraltar,Belarus,GIB,BLR,2012,2,3204.334,Europe,Europe,Southern Europe,Eastern Europe
Netherlands,Andorra,NLD,AND,2014,,1125.463,Europe,Europe,Western Europe,Southern Europe
Spain,Ukraine,ESP,UKR,2012,148991,2863.877,Europe,Europe,Southern Europe,Eastern Europe
Hungary,Austria,HUN,AUT,2011,1431860,215.6626,Europe,Europe,Eastern Europe,Western Europe
Lithuania,Netherlands,LTU,NLD,2011,48469,1370.703,Europe,Europe,Northern Europe,Western Europe
Belarus,Iceland,BLR,ISL,2013,48,2965.109,Europe,Europe,Eastern Europe,Northern Europe
Andorra,Iceland,AND,ISL,2012,,2833.952,Europe,Europe,Southern Europe,Northern Europe
Austria,Bulgaria,AUT,BGR,2012,253480,820.7289,Europe,Europe,Western Europe,Eastern Europe
United Kingdom of Great Britain and Northern Ireland,Norway,GBR,NOR,2013,1783057,1157.104,Europe,Europe,Northern Europe,Northern Europe
Croatia,Norway,HRV,NOR,2011,108239,1608.583,Europe,Europe,Southern Europe,Northern Europe
Belgium,San Marino,BEL,SMR,2014,19101,980.1509,Europe,Europe,Western Europe,Southern Europe
Germany,Finland,DEU,FIN,2015,794486,1474.956,Europe,Europe,Western Europe,Northern Europe
Macedonia (the former Yugoslav Republic of),Belarus,MKD,BLR,2014,294,1392.291,Europe,Europe,Southern Europe,Eastern Europe
Andorra,Norway,AND,NOR,2016,,2038.357,Europe,Europe,Southern Europe,Northern Europe
Belarus,Russian Federation,BLR,RUS,2012,467129,686.9657,Europe,Europe,Eastern Europe,Eastern Europe
Belarus,Ireland,BLR,IRL,2012,621,2209.153,Europe,Europe,Eastern Europe,Northern Europe
Malta,United Kingdom of Great Britain and Northern Ireland,MLT,GBR,2014,783649,2092.273,Europe,Europe,Southern Europe,Northern Europe
Italy,Portugal,ITA,PRT,2012,653510,1864.041,Europe,Europe,Southern Europe,Southern Europe
United Kingdom of Great Britain and Northern Ireland,Romania,GBR,ROU,2015,828898,,Europe,Europe,Northern Europe,Eastern Europe
Iceland,Moldova (Republic of),ISL,MDA,2015,51,3584.765,Europe,Europe,Northern Europe,Eastern Europe
Poland,Netherlands,POL,NLD,2011,279969,1093.599,Europe,Europe,Eastern Europe,Western Europe
Slovenia,Spain,SVN,ESP,2012,9944,1600.555,Europe,Europe,Southern Europe,Southern Europe
Macedonia (the former Yugoslav Republic of),Sweden,MKD,SWE,2013,65186,1943.276,Europe,Europe,Southern Europe,Northern Europe
Lithuania,Luxembourg,LTU,LUX,2016,3445,1420.353,Europe,Europe,Northern Europe,Western Europe
Denmark,Austria,DNK,AUT,2013,378797,868.5304,Europe,Europe,Northern Europe,Western Europe
Portugal,Luxembourg,PRT,LUX,2013,126436,1711.773,Europe,Europe,Southern Europe,Western Europe
Slovenia,Portugal,SVN,PRT,2016,6270,2096.808,Europe,Europe,Southern Europe,Southern Europe
Portugal,Ukraine,PRT,UKR,2012,32848,3351.661,Europe,Europe,Southern Europe,Eastern Europe
Gibraltar,Ireland,GIB,IRL,2011,87,1915.628,Europe,Europe,Southern Europe,Northern Europe
Russian Federation,Latvia,RUS,LVA,2015,850350,847.8519,Europe,Europe,Eastern Europe,Northern Europe
Sweden,Russian Federation,SWE,RUS,2015,124051,1232.383,Europe,Europe,Northern Europe,Eastern Europe
Ukraine,Andorra,UKR,AND,2013,,2372.859,Europe,Europe,Eastern Europe,Southern Europe
San Marino,Macedonia (the former Yugoslav Republic of),SMR,MKD,2013,,762.0729,Europe,Europe,Southern Europe,Southern Europe
Lithuania,Hungary,LTU,HUN,2012,5883,910.8107,Europe,Europe,Northern Europe,Eastern Europe
Czechia,Russian Federation,CZE,RUS,2014,760073,1673,Europe,Europe,Eastern Europe,Eastern Europe
United Kingdom of Great Britain and Northern Ireland,Austria,GBR,AUT,2014,1065552,1238.199,Europe,Europe,Northern Europe,Western Europe
Netherlands,Poland,NLD,POL,2013,375803,1093.599,Europe,Europe,Western Europe,Eastern Europe
Italy,Switzerland,ITA,CHE,2014,1419299,692.6592,Europe,Europe,Southern Europe,Western Europe
Iceland,Ukraine,ISL,UKR,2012,569,3379.359,Europe,Europe,Northern Europe,Eastern Europe
Malta,Greece,MLT,GRC,2015,29198,850.6025,Europe,Europe,Southern Europe,Southern Europe
Lithuania,San Marino,LTU,SMR,2013,,1509.381,Europe,Europe,Northern Europe,Southern Europe
Germany,Sweden,DEU,SWE,2016,1557063,1118.929,Europe,Europe,Western Europe,Northern Europe
Luxembourg,Spain,LUX,ESP,2012,193923,1281.233,Europe,Europe,Western Europe,Southern Europe
Sweden,Latvia,SWE,LVA,2012,516597,441.6495,Europe,Europe,Northern Europe,Northern Europe
Portugal,France,PRT,FRA,2014,2747758,1452.86,Europe,Europe,Southern Europe,Western Europe
United Kingdom of Great Britain and Northern Ireland,Austria,GBR,AUT,2011,1071879,1238.199,Europe,Europe,Northern Europe,Western Europe
Slovakia,Luxembourg,SVK,LUX,2014,2278,821.1423,Europe,Europe,Eastern Europe,Western Europe
Russian Federation,Macedonia (the former Yugoslav Republic of),RUS,MKD,2016,7431,1927.484,Europe,Europe,Eastern Europe,Southern Europe
Netherlands,Macedonia (the former Yugoslav Republic of),NLD,MKD,2016,29565,1694.944,Europe,Europe,Western Europe,Southern Europe
Finland,Portugal,FIN,PRT,2015,94712,3362.978,Europe,Europe,Northern Europe,Southern Europe
Portugal,Italy,PRT,ITA,2015,921878,1864.041,Europe,Europe,Southern Europe,Southern Europe
Andorra,Russian Federation,AND,RUS,2012,,2973.003,Europe,Europe,Southern Europe,Eastern Europe
Belarus,Andorra,BLR,AND,2014,,2286.099,Europe,Europe,Eastern Europe,Southern Europe
Belarus,Ireland,BLR,IRL,2016,1012,2209.153,Europe,Europe,Eastern Europe,Northern Europe
Andorra,France,AND,FRA,2011,0,711.5485,Europe,Europe,Southern Europe,Western Europe
Bulgaria,Ukraine,BGR,UKR,2012,371908,1022.553,Europe,Europe,Eastern Europe,Eastern Europe
Spain,Romania,ESP,ROU,2011,611871,,Europe,Europe,Southern Europe,Eastern Europe
Denmark,Moldova (Republic of),DNK,MDA,2013,2291,1479.282,Europe,Europe,Northern Europe,Eastern Europe
Gibraltar,Albania,GIB,ALB,2011,0,2251.487,Europe,Europe,Southern Europe,Southern Europe
Bosnia and Herzegovina,Slovenia,BIH,SVN,2011,70623,394.7473,Europe,Europe,Southern Europe,Southern Europe
Moldova (Republic of),Sweden,MDA,SWE,2012,2805,1544.391,Europe,Europe,Eastern Europe,Northern Europe
Austria,Ukraine,AUT,UKR,2012,132752,1052.484,Europe,Europe,Western Europe,Eastern Europe
Netherlands,Spain,NLD,ESP,2016,4437445,1481.366,Europe,Europe,Western Europe,Southern Europe
United Kingdom of Great Britain and Northern Ireland,France,GBR,FRA,2016,10074992,342.9475,Europe,Europe,Northern Europe,Western Europe
Spain,Albania,ESP,ALB,2011,10235,1977.061,Europe,Europe,Southern Europe,Southern Europe
Iceland,Spain,ISL,ESP,2015,91369,2894.701,Europe,Europe,Northern Europe,Southern Europe
Italy,Luxembourg,ITA,LUX,2012,121062,989.5763,Europe,Europe,Southern Europe,Western Europe
Greece,Portugal,GRC,PRT,2012,38510,2853.773,Europe,Europe,Southern Europe,Southern Europe
Bulgaria,Denmark,BGR,DNK,2012,29494,1639.385,Europe,Europe,Eastern Europe,Northern Europe
Portugal,Germany,PRT,DEU,2015,2152526,1892.032,Europe,Europe,Southern Europe,Western Europe
Bulgaria,Malta,BGR,MLT,2014,18959,1065.425,Europe,Europe,Eastern Europe,Southern Europe
Austria,United Kingdom of Great Britain and Northern Ireland,AUT,GBR,2012,1008672,1238.199,Europe,Europe,Western Europe,Northern Europe
Latvia,Slovenia,LVA,SVN,2011,1460,1378.849,Europe,Europe,Northern Europe,Southern Europe
Switzerland,Lithuania,CHE,LTU,2013,17633,1516.998,Europe,Europe,Western Europe,Northern Europe
Slovakia,Norway,SVK,NOR,2013,23185,1371.805,Europe,Europe,Eastern Europe,Northern Europe
San Marino,Estonia,SMR,EST,2011,,1911.032,Europe,Europe,Southern Europe,Northern Europe
Estonia,Finland,EST,FIN,2012,1587225,80.98481,Europe,Europe,Northern Europe,Northern Europe
Sweden,Romania,SWE,ROU,2011,21268,,Europe,Europe,Northern Europe,Eastern Europe
Lithuania,Poland,LTU,POL,2015,2916199,393.7521,Europe,Europe,Northern Europe,Eastern Europe
Latvia,Albania,LVA,ALB,2013,260,1765.015,Europe,Europe,Northern Europe,Southern Europe
Finland,Bulgaria,FIN,BGR,2016,35490,1947.447,Europe,Europe,Northern Europe,Eastern Europe
Latvia,Ukraine,LVA,UKR,2013,116191,839.8457,Europe,Europe,Northern Europe,Eastern Europe
Finland,Hungary,FIN,HUN,2014,122359,1457.984,Europe,Europe,Northern Europe,Eastern Europe
Sweden,Ukraine,SWE,UKR,2015,33615,1267.46,Europe,Europe,Northern Europe,Eastern Europe
Spain,Norway,ESP,NOR,2013,1633419,2390.782,Europe,Europe,Southern Europe,Northern Europe
Belgium,Croatia,BEL,HRV,2014,165410,1024.412,Europe,Europe,Western Europe,Southern Europe
Belgium,Russian Federation,BEL,RUS,2012,140631,2261.25,Europe,Europe,Western Europe,Eastern Europe
Germany,Netherlands,DEU,NLD,2012,7179035,173.5239,Europe,Europe,Western Europe,Western Europe
Hungary,Denmark,HUN,DNK,2013,122441,1011.98,Europe,Europe,Eastern Europe,Northern Europe
Luxembourg,Portugal,LUX,PRT,2013,127168,1711.773,Europe,Europe,Western Europe,Southern Europe
Italy,Slovenia,ITA,SVN,2014,570966,492.3427,Europe,Europe,Southern Europe,Southern Europe
Luxembourg,Slovakia,LUX,SVK,2016,3085,821.1423,Europe,Europe,Western Europe,Eastern Europe
Ireland,Belarus,IRL,BLR,2011,794,2209.153,Europe,Europe,Northern Europe,Eastern Europe
Bulgaria,Hungary,BGR,HUN,2011,239735,632.9641,Europe,Europe,Eastern Europe,Eastern Europe
Switzerland,Portugal,CHE,PRT,2012,842473,1626.974,Europe,Europe,Western Europe,Southern Europe
Lithuania,Albania,LTU,ALB,2013,285,1540.066,Europe,Europe,Northern Europe,Southern Europe
Hungary,Ireland,HUN,IRL,2012,137331,1895.995,Europe,Europe,Eastern Europe,Northern Europe
Czechia,Croatia,CZE,HRV,2013,689527,492.0173,Europe,Europe,Eastern Europe,Southern Europe
Ireland,Latvia,IRL,LVA,2011,79737,1954.941,Europe,Europe,Northern Europe,Northern Europe
Ireland,France,IRL,FRA,2015,8082360,778.2031,Europe,Europe,Northern Europe,Western Europe
Sweden,Ukraine,SWE,UKR,2014,29050,1267.46,Europe,Europe,Northern Europe,Eastern Europe
Gibraltar,Ukraine,GIB,UKR,2011,1564,3267.28,Europe,Europe,Southern Europe,Eastern Europe
San Marino,Norway,SMR,NOR,2015,,1780.931,Europe,Europe,Southern Europe,Northern Europe
Czechia,Spain,CZE,ESP,2013,422277,1776.348,Europe,Europe,Eastern Europe,Southern Europe
Andorra,Poland,AND,POL,2015,,1817.341,Europe,Europe,Southern Europe,Eastern Europe
Czechia,Netherlands,CZE,NLD,2016,365705,709.4576,Europe,Europe,Eastern Europe,Western Europe
Ireland,Ukraine,IRL,UKR,2015,6886,2517.525,Europe,Europe,Northern Europe,Eastern Europe
Italy,Ukraine,ITA,UKR,2011,313930,1674.773,Europe,Europe,Southern Europe,Eastern Europe
Albania,Portugal,ALB,PRT,2016,2123,2472.398,Europe,Europe,Southern Europe,Southern Europe
Sweden,Ukraine,SWE,UKR,2012,51509,1267.46,Europe,Europe,Northern Europe,Eastern Europe
Iceland,Ukraine,ISL,UKR,2011,445,3379.359,Europe,Europe,Northern Europe,Eastern Europe
France,Ukraine,FRA,UKR,2015,102961,2025.144,Europe,Europe,Western Europe,Eastern Europe
Croatia,Ukraine,HRV,UKR,2015,54447,1193.37,Europe,Europe,Southern Europe,Eastern Europe
Moldova (Republic of),Czechia,MDA,CZE,2014,4503,1113.54,Europe,Europe,Eastern Europe,Eastern Europe
Netherlands,Ukraine,NLD,UKR,2012,69119,1781.716,Europe,Europe,Western Europe,Eastern Europe
France,Ukraine,FRA,UKR,2011,136549,2025.144,Europe,Europe,Western Europe,Eastern Europe
Andorra,Ukraine,AND,UKR,2016,,2372.859,Europe,Europe,Southern Europe,Eastern Europe
Russian Federation,Ukraine,RUS,UKR,2014,12205972,763.4056,Europe,Europe,Eastern Europe,Eastern Europe
Andorra,Slovakia,AND,SVK,2016,,1374.983,Europe,Europe,Southern Europe,Eastern Europe
Sweden,Ukraine,SWE,UKR,2011,48806,1267.46,Europe,Europe,Northern Europe,Eastern Europe
Sweden,France,SWE,FRA,2013,1019327,1545.797,Europe,Europe,Northern Europe,Western Europe
Spain,Ukraine,ESP,UKR,2016,168968,2863.877,Europe,Europe,Southern Europe,Eastern Europe
Germany,Ukraine,DEU,UKR,2015,335086,1646.271,Europe,Europe,Western Europe,Eastern Europe
France,United Kingdom of Great Britain and Northern Ireland,FRA,GBR,2016,10159020,342.9475,Europe,Europe,Western Europe,Northern Europe
San Marino,Macedonia (the former Yugoslav Republic of),SMR,MKD,2014,,762.0729,Europe,Europe,Southern Europe,Southern Europe
Slovakia,Ukraine,SVK,UKR,2015,464110,998.2211,Europe,Europe,Eastern Europe,Eastern Europe
Luxembourg,Spain,LUX,ESP,2016,311613,1281.233,Europe,Europe,Western Europe,Southern Europe
Austria,Denmark,AUT,DNK,2013,378797,868.5304,Europe,Europe,Western Europe,Northern Europe
Czechia,Ukraine,CZE,UKR,2016,169503,1141.565,Europe,Europe,Eastern Europe,Eastern Europe
Albania,Ukraine,ALB,UKR,2014,7001,1303.97,Europe,Europe,Southern Europe,Eastern Europe
Andorra,Greece,AND,GRC,2012,,1947.636,Europe,Europe,Southern Europe,Southern Europe
France,Macedonia (the former Yugoslav Republic of),FRA,MKD,2016,31256,1672.04,Europe,Europe,Western Europe,Southern Europe
Gibraltar,Ukraine,GIB,UKR,2014,944,3267.28,Europe,Europe,Southern Europe,Eastern Europe
Andorra,Ukraine,AND,UKR,2012,,2372.859,Europe,Europe,Southern Europe,Eastern Europe
Poland,Gibraltar,POL,GIB,2013,137,2736.609,Europe,Europe,Eastern Europe,Southern Europe
Sweden,Ukraine,SWE,UKR,2016,41379,1267.46,Europe,Europe,Northern Europe,Eastern Europe
Andorra,Czechia,AND,CZE,2014,,1302.353,Europe,Europe,Southern Europe,Eastern Europe
Lithuania,Czechia,LTU,CZE,2016,69531,896.5842,Europe,Europe,Northern Europe,Eastern Europe
Sweden,Greece,SWE,GRC,2013,145359,2408.377,Europe,Europe,Northern Europe,Southern Europe
Malta,Moldova (Republic of),MLT,MDA,2015,541,1712.083,Europe,Europe,Southern Europe,Eastern Europe
Iceland,Ukraine,ISL,UKR,2016,1560,3379.359,Europe,Europe,Northern Europe,Eastern Europe
Denmark,Czechia,DNK,CZE,2011,144220,631.8411,Europe,Europe,Northern Europe,Eastern Europe
Estonia,Ukraine,EST,UKR,2014,24344,1066.134,Europe,Europe,Northern Europe,Eastern Europe
Poland,Ukraine,POL,UKR,2015,11689011,690.8161,Europe,Europe,Eastern Europe,Eastern Europe
Germany,Ukraine,DEU,UKR,2014,415132,1646.271,Europe,Europe,Western Europe,Eastern Europe
Bulgaria,Ukraine,BGR,UKR,2014,378175,1022.553,Europe,Europe,Eastern Europe,Eastern Europe
Malta,Ireland,MLT,IRL,2013,40823,2525.637,Europe,Europe,Southern Europe,Northern Europe
Finland,France,FIN,FRA,2011,398706,1911.138,Europe,Europe,Northern Europe,Western Europe
Romania,Ukraine,ROU,UKR,2015,1586688,,Europe,Europe,Eastern Europe,Eastern Europe
Russian Federation,Ukraine,RUS,UKR,2012,16029238,763.4056,Europe,Europe,Eastern Europe,Eastern Europe
Czechia,Romania,CZE,ROU,2012,158758,,Europe,Europe,Eastern Europe,Eastern Europe
Malta,France,MLT,FRA,2011,153411,1752.693,Europe,Europe,Southern Europe,Western Europe
Bosnia and Herzegovina,Ukraine,BIH,UKR,2013,5995,1166.276,Europe,Europe,Southern Europe,Eastern Europe
Gibraltar,Ukraine,GIB,UKR,2015,1269,3267.28,Europe,Europe,Southern Europe,Eastern Europe
Albania,Ukraine,ALB,UKR,2012,3419,1303.97,Europe,Europe,Southern Europe,Eastern Europe
United Kingdom of Great Britain and Northern Ireland,Ukraine,GBR,UKR,2011,170073,2137.511,Europe,Europe,Northern Europe,Eastern Europe
Netherlands,Bosnia and Herzegovina,NLD,BIH,2012,12731,1375.387,Europe,Europe,Western Europe,Southern Europe
Poland,Ukraine,POL,UKR,2012,8144086,690.8161,Europe,Europe,Eastern Europe,Eastern Europe
Ireland,Ukraine,IRL,UKR,2011,7926,2517.525,Europe,Europe,Northern Europe,Eastern Europe
Sweden,Belarus,SWE,BLR,2015,11790,838.4113,Europe,Europe,Northern Europe,Eastern Europe
Estonia,Ukraine,EST,UKR,2013,30637,1066.134,Europe,Europe,Northern Europe,Eastern Europe
Austria,Albania,AUT,ALB,2011,16223,812.9326,Europe,Europe,Western Europe,Southern Europe
Slovenia,Ukraine,SVN,UKR,2011,31513,1277.754,Europe,Europe,Southern Europe,Eastern Europe
Croatia,Ireland,HRV,IRL,2014,52876,1799.206,Europe,Europe,Southern Europe,Northern Europe
San Marino,Bulgaria,SMR,BGR,2013,5066,886.4001,Europe,Europe,Southern Europe,Eastern Europe
Bulgaria,Hungary,BGR,HUN,2016,510211,632.9641,Europe,Europe,Eastern Europe,Eastern Europe
Lithuania,Andorra,LTU,AND,2013,,2198.052,Europe,Europe,Northern Europe,Southern Europe
Portugal,Slovakia,PRT,SVK,2012,267,2354.293,Europe,Europe,Southern Europe,Eastern Europe
Andorra,Belgium,AND,BEL,2015,,952.5,Europe,Europe,Southern Europe,Western Europe
Andorra,Finland,AND,FIN,2013,,2526.079,Europe,Europe,Southern Europe,Northern Europe
Moldova (Republic of),Bosnia and Herzegovina,MDA,BIH,2011,375,883.0676,Europe,Europe,Eastern Europe,Southern Europe
Finland,Albania,FIN,ALB,2012,1756,2122.475,Europe,Europe,Northern Europe,Southern Europe
Bosnia and Herzegovina,Netherlands,BIH,NLD,2016,32733,1375.387,Europe,Europe,Southern Europe,Western Europe
France,Ireland,FRA,IRL,2015,8082360,778.2031,Europe,Europe,Western Europe,Northern Europe
Norway,Italy,NOR,ITA,2016,439183,2010.678,Europe,Europe,Northern Europe,Southern Europe
Bosnia and Herzegovina,Sweden,BIH,SWE,2012,22856,1721.592,Europe,Europe,Southern Europe,Northern Europe
Albania,Moldova (Republic of),ALB,MDA,2013,187,955.9489,Europe,Europe,Southern Europe,Eastern Europe
Croatia,Estonia,HRV,EST,2016,22895,1624.37,Europe,Europe,Southern Europe,Northern Europe
Bulgaria,Macedonia (the former Yugoslav Republic of),BGR,MKD,2014,467587,168.0973,Europe,Europe,Eastern Europe,Southern Europe
Norway,Macedonia (the former Yugoslav Republic of),NOR,MKD,2013,5317,2124.664,Europe,Europe,Northern Europe,Southern Europe
Lithuania,Latvia,LTU,LVA,2013,2134577,263.4897,Europe,Europe,Northern Europe,Northern Europe
United Kingdom of Great Britain and Northern Ireland,Czechia,GBR,CZE,2014,1073737,1036.988,Europe,Europe,Northern Europe,Eastern Europe
Sweden,Russian Federation,SWE,RUS,2013,567985,1232.383,Europe,Europe,Northern Europe,Eastern Europe
Bosnia and Herzegovina,Portugal,BIH,PRT,2015,1523,2362.739,Europe,Europe,Southern Europe,Southern Europe
Bosnia and Herzegovina,Spain,BIH,ESP,2013,4208,1861.879,Europe,Europe,Southern Europe,Southern Europe
Switzerland,Norway,CHE,NOR,2016,196822,1459.379,Europe,Europe,Western Europe,Northern Europe
Lithuania,Latvia,LTU,LVA,2012,2059170,263.4897,Europe,Europe,Northern Europe,Northern Europe
Bulgaria,Moldova (Republic of),BGR,MDA,2011,110151,650.3213,Europe,Europe,Eastern Europe,Eastern Europe
Slovakia,Hungary,SVK,HUN,2013,1010832,159.0699,Europe,Europe,Eastern Europe,Eastern Europe
Luxembourg,Switzerland,LUX,CHE,2016,95553,309.8716,Europe,Europe,Western Europe,Western Europe
Finland,Germany,FIN,DEU,2012,798695,1474.956,Europe,Europe,Northern Europe,Western Europe
Ukraine,Belgium,UKR,BEL,2016,43391,1837.307,Europe,Europe,Eastern Europe,Western Europe
Norway,Bosnia and Herzegovina,NOR,BIH,2011,8668,1859.721,Europe,Europe,Northern Europe,Southern Europe
Sweden,San Marino,SWE,SMR,2011,,1753.689,Europe,Europe,Northern Europe,Southern Europe
Romania,Germany,ROU,DEU,2013,658939,,Europe,Europe,Eastern Europe,Western Europe
Greece,Belarus,GRC,BLR,2016,3299,1787.387,Europe,Europe,Southern Europe,Eastern Europe
Estonia,Austria,EST,AUT,2014,29645,1360.358,Europe,Europe,Northern Europe,Western Europe
United Kingdom of Great Britain and Northern Ireland,San Marino,GBR,SMR,2011,,1263.348,Europe,Europe,Northern Europe,Southern Europe
Portugal,United Kingdom of Great Britain and Northern Ireland,PRT,GBR,2015,4462456,1583.091,Europe,Europe,Southern Europe,Northern Europe
Bosnia and Herzegovina,Ireland,BIH,IRL,2011,1211,2084.593,Europe,Europe,Southern Europe,Northern Europe
Romania,Latvia,ROU,LVA,2012,3003,,Europe,Europe,Eastern Europe,Northern Europe
Czechia,Belarus,CZE,BLR,2015,30779,986.366,Europe,Europe,Eastern Europe,Eastern Europe
Ukraine,Albania,UKR,ALB,2012,3419,1303.97,Europe,Europe,Eastern Europe,Southern Europe
Latvia,Luxembourg,LVA,LUX,2015,4096,1440.968,Europe,Europe,Northern Europe,Western Europe
Belarus,Hungary,BLR,HUN,2015,6732,923.2194,Europe,Europe,Eastern Europe,Eastern Europe
Estonia,Czechia,EST,CZE,2014,23800,1227.457,Europe,Europe,Northern Europe,Eastern Europe
Italy,Czechia,ITA,CZE,2016,1518684,926.5591,Europe,Europe,Southern Europe,Eastern Europe
Belarus,Ukraine,BLR,UKR,2011,2645681,433.5281,Europe,Europe,Eastern Europe,Eastern Europe
Finland,Ireland,FIN,IRL,2014,35739,2028.749,Europe,Europe,Northern Europe,Northern Europe
Ukraine,Slovakia,UKR,SVK,2016,463358,998.2211,Europe,Europe,Eastern Europe,Eastern Europe
Moldova (Republic of),Denmark,MDA,DNK,2012,2044,1479.282,Europe,Europe,Eastern Europe,Northern Europe
Slovenia,Austria,SVN,AUT,2015,424236,277.8844,Europe,Europe,Southern Europe,Western Europe
Switzerland,Poland,CHE,POL,2013,199226,1139.992,Europe,Europe,Western Europe,Eastern Europe
Ireland,Andorra,IRL,AND,2012,,1335.314,Europe,Europe,Northern Europe,Southern Europe
Ireland,Portugal,IRL,PRT,2012,415774,1639.821,Europe,Europe,Northern Europe,Southern Europe
Moldova (Republic of),Switzerland,MDA,CHE,2011,5455,1620.078,Europe,Europe,Eastern Europe,Western Europe
Estonia,Bulgaria,EST,BGR,2015,17230,1866.91,Europe,Europe,Northern Europe,Eastern Europe
Iceland,Ireland,ISL,IRL,2016,46702,1499.031,Europe,Europe,Northern Europe,Northern Europe
United Kingdom of Great Britain and Northern Ireland,Belarus,GBR,BLR,2015,21350,1873.072,Europe,Europe,Northern Europe,Eastern Europe
Netherlands,Portugal,NLD,PRT,2014,891650,1862.043,Europe,Europe,Western Europe,Southern Europe
Italy,Belarus,ITA,BLR,2014,67846,1732.921,Europe,Europe,Southern Europe,Eastern Europe
Andorra,Sweden,AND,SWE,2011,,2191.849,Europe,Europe,Southern Europe,Northern Europe
Albania,Poland,ALB,POL,2014,2800,1218.313,Europe,Europe,Southern Europe,Eastern Europe
Latvia,Russian Federation,LVA,RUS,2015,850350,847.8519,Europe,Europe,Northern Europe,Eastern Europe
Bosnia and Herzegovina,Slovakia,BIH,SVK,2011,3361,488.4783,Europe,Europe,Southern Europe,Eastern Europe
Denmark,Spain,DNK,ESP,2011,1424958,2074.977,Europe,Europe,Northern Europe,Southern Europe
Slovakia,Iceland,SVK,ISL,2015,13,2932.617,Europe,Europe,Eastern Europe,Northern Europe
Latvia,Denmark,LVA,DNK,2016,66894,724.3204,Europe,Europe,Northern Europe,Northern Europe
Malta,Sweden,MLT,SWE,2014,65708,2620.794,Europe,Europe,Southern Europe,Northern Europe
Bosnia and Herzegovina,Sweden,BIH,SWE,2016,105759,1721.592,Europe,Europe,Southern Europe,Northern Europe
Greece,Slovenia,GRC,SVN,2012,43301,1176.784,Europe,Europe,Southern Europe,Southern Europe
Romania,Malta,ROU,MLT,2015,18799,,Europe,Europe,Eastern Europe,Southern Europe
Estonia,Slovakia,EST,SVK,2015,6624,1345.682,Europe,Europe,Northern Europe,Eastern Europe
Russian Federation,Czechia,RUS,CZE,2012,794815,1673,Europe,Europe,Eastern Europe,Eastern Europe
Hungary,Slovenia,HUN,SVN,2015,106543,381.6249,Europe,Europe,Eastern Europe,Southern Europe
Italy,Luxembourg,ITA,LUX,2013,170008,989.5763,Europe,Europe,Southern Europe,Western Europe
Spain,Slovakia,ESP,SVK,2016,107105,1865.664,Europe,Europe,Southern Europe,Eastern Europe
Sweden,Estonia,SWE,EST,2012,332110,377.9402,Europe,Europe,Northern Europe,Northern Europe
Norway,Ukraine,NOR,UKR,2011,30177,1630.325,Europe,Europe,Northern Europe,Eastern Europe
Russian Federation,Iceland,RUS,ISL,2011,3576,3316.138,Europe,Europe,Eastern Europe,Northern Europe
Germany,United Kingdom of Great Britain and Northern Ireland,DEU,GBR,2011,9518099,495.3633,Europe,Europe,Western Europe,Northern Europe
Luxembourg,Italy,LUX,ITA,2013,170008,989.5763,Europe,Europe,Western Europe,Southern Europe
Portugal,Gibraltar,PRT,GIB,2013,29,442.1214,Europe,Europe,Southern Europe,Southern Europe
Iceland,Malta,ISL,MLT,2012,188,3978.502,Europe,Europe,Northern Europe,Southern Europe
France,Slovenia,FRA,SVN,2011,77954,965.7366,Europe,Europe,Western Europe,Southern Europe
Bosnia and Herzegovina,Luxembourg,BIH,LUX,2014,523,1131.459,Europe,Europe,Southern Europe,Western Europe
Spain,Switzerland,ESP,CHE,2013,2890853,1153.117,Europe,Europe,Southern Europe,Western Europe
France,Gibraltar,FRA,GIB,2016,205,1549.175,Europe,Europe,Western Europe,Southern Europe
Moldova (Republic of),Belgium,MDA,BEL,2011,3987,1831.669,Europe,Europe,Eastern Europe,Western Europe
Greece,Poland,GRC,POL,2011,490618,1600.171,Europe,Europe,Southern Europe,Eastern Europe
France,Switzerland,FRA,CHE,2012,2207322,436.0778,Europe,Europe,Western Europe,Western Europe
Croatia,Albania,HRV,ALB,2016,2698,585.956,Europe,Europe,Southern Europe,Southern Europe
San Marino,Albania,SMR,ALB,2011,,666.4761,Europe,Europe,Southern Europe,Southern Europe
Slovakia,France,SVK,FRA,2012,45035,1094.61,Europe,Europe,Eastern Europe,Western Europe
Ukraine,Andorra,UKR,AND,2014,,2372.859,Europe,Europe,Eastern Europe,Southern Europe
Sweden,Portugal,SWE,PRT,2014,118856,2990.966,Europe,Europe,Northern Europe,Southern Europe
San Marino,Bulgaria,SMR,BGR,2011,,886.4001,Europe,Europe,Southern Europe,Eastern Europe
Croatia,Luxembourg,HRV,LUX,2014,7273,847.312,Europe,Europe,Southern Europe,Western Europe
Macedonia (the former Yugoslav Republic of),Estonia,MKD,EST,2011,317,1951.641,Europe,Europe,Southern Europe,Northern Europe
Portugal,Denmark,PRT,DNK,2012,148999,2478.47,Europe,Europe,Southern Europe,Northern Europe
Portugal,Poland,PRT,POL,2011,178350,2760.441,Europe,Europe,Southern Europe,Eastern Europe
Bulgaria,Sweden,BGR,SWE,2011,26901,1889.219,Europe,Europe,Eastern Europe,Northern Europe
Romania,Austria,ROU,AUT,2014,466732,,Europe,Europe,Eastern Europe,Western Europe
France,Greece,FRA,GRC,2015,1647938,2098.726,Europe,Europe,Western Europe,Southern Europe
Andorra,Slovakia,AND,SVK,2015,,1374.983,Europe,Europe,Southern Europe,Eastern Europe
Moldova (Republic of),Iceland,MDA,ISL,2011,4,3584.765,Europe,Europe,Eastern Europe,Northern Europe
Croatia,Russian Federation,HRV,RUS,2013,169363,1875.36,Europe,Europe,Southern Europe,Eastern Europe
Switzerland,Croatia,CHE,HRV,2012,91661,667.2937,Europe,Europe,Western Europe,Southern Europe
Bulgaria,Portugal,BGR,PRT,2014,20676,2754.19,Europe,Europe,Eastern Europe,Southern Europe
Iceland,Moldova (Republic of),ISL,MDA,2014,33,3584.765,Europe,Europe,Northern Europe,Eastern Europe
Albania,Bulgaria,ALB,BGR,2015,57887,324.0465,Europe,Europe,Southern Europe,Eastern Europe
Croatia,Poland,HRV,POL,2015,694779,805.9365,Europe,Europe,Southern Europe,Eastern Europe
Belarus,Macedonia (the former Yugoslav Republic of),BLR,MKD,2012,429,1392.291,Europe,Europe,Eastern Europe,Southern Europe
Finland,Ireland,FIN,IRL,2015,51553,2028.749,Europe,Europe,Northern Europe,Northern Europe
Estonia,Andorra,EST,AND,2012,,2464.161,Europe,Europe,Northern Europe,Southern Europe
Switzerland,Luxembourg,CHE,LUX,2016,96552,309.8716,Europe,Europe,Western Europe,Western Europe
Belarus,Russian Federation,BLR,RUS,2013,529493,686.9657,Europe,Europe,Eastern Europe,Eastern Europe
Belgium,Andorra,BEL,AND,2012,,952.5,Europe,Europe,Western Europe,Southern Europe
Bulgaria,Macedonia (the former Yugoslav Republic of),BGR,MKD,2016,599347,168.0973,Europe,Europe,Eastern Europe,Southern Europe
Greece,Slovakia,GRC,SVK,2015,83158,1249.986,Europe,Europe,Southern Europe,Eastern Europe
Netherlands,Finland,NLD,FIN,2011,185041,1505.523,Europe,Europe,Western Europe,Northern Europe
Romania,France,ROU,FRA,2011,310905,,Europe,Europe,Eastern Europe,Western Europe
Germany,Romania,DEU,ROU,2016,898441,,Europe,Europe,Western Europe,Eastern Europe
Norway,Albania,NOR,ALB,2016,5971,2160.437,Europe,Europe,Northern Europe,Southern Europe
Andorra,Austria,AND,AUT,2015,,1322.201,Europe,Europe,Southern Europe,Western Europe
Sweden,Finland,SWE,FIN,2013,994403,397.8922,Europe,Europe,Northern Europe,Northern Europe
Moldova (Republic of),Denmark,MDA,DNK,2014,2560,1479.282,Europe,Europe,Eastern Europe,Northern Europe
Bulgaria,Czechia,BGR,CZE,2012,200308,1069.866,Europe,Europe,Eastern Europe,Eastern Europe
Austria,Andorra,AUT,AND,2016,,1322.201,Europe,Europe,Western Europe,Southern Europe
Moldova (Republic of),Finland,MDA,FIN,2012,1102,1482.904,Europe,Europe,Eastern Europe,Northern Europe
San Marino,Andorra,SMR,AND,2013,,905.0686,Europe,Europe,Southern Europe,Southern Europe
Lithuania,Ukraine,LTU,UKR,2011,61951,590.0546,Europe,Europe,Northern Europe,Eastern Europe
Bosnia and Herzegovina,Bulgaria,BIH,BGR,2014,50477,416.3402,Europe,Europe,Southern Europe,Eastern Europe
Hungary,Finland,HUN,FIN,2012,120398,1457.984,Europe,Europe,Eastern Europe,Northern Europe
Finland,Netherlands,FIN,NLD,2011,178972,1505.523,Europe,Europe,Northern Europe,Western Europe
Hungary,Estonia,HUN,EST,2013,5559,1377.818,Europe,Europe,Eastern Europe,Northern Europe
Belgium,Portugal,BEL,PRT,2012,387902,1711.396,Europe,Europe,Western Europe,Southern Europe
Czechia,Ireland,CZE,IRL,2012,75799,1465.218,Europe,Europe,Eastern Europe,Northern Europe
Latvia,Andorra,LVA,AND,2014,,2266.706,Europe,Europe,Northern Europe,Southern Europe
Spain,Belarus,ESP,BLR,2016,29163,2762.7,Europe,Europe,Southern Europe,Eastern Europe
San Marino,United Kingdom of Great Britain and Northern Ireland,SMR,GBR,2016,,1263.348,Europe,Europe,Southern Europe,Northern Europe
Ukraine,Bosnia and Herzegovina,UKR,BIH,2012,826,1166.276,Europe,Europe,Eastern Europe,Southern Europe
Macedonia (the former Yugoslav Republic of),Lithuania,MKD,LTU,2016,647,1439.533,Europe,Europe,Southern Europe,Northern Europe
Czechia,Moldova (Republic of),CZE,MDA,2013,3299,1113.54,Europe,Europe,Eastern Europe,Eastern Europe
Finland,Romania,FIN,ROU,2011,12998,,Europe,Europe,Northern Europe,Eastern Europe
Moldova (Republic of),Gibraltar,MDA,GIB,2011,3,3062.09,Europe,Europe,Eastern Europe,Southern Europe
Norway,Iceland,NOR,ISL,2013,129843,1749.596,Europe,Europe,Northern Europe,Northern Europe
Croatia,Latvia,HRV,LVA,2012,2251,1361.346,Europe,Europe,Southern Europe,Northern Europe
Slovenia,Latvia,SVN,LVA,2014,1676,1378.849,Europe,Europe,Southern Europe,Northern Europe
Poland,Estonia,POL,EST,2015,191728,831.0393,Europe,Europe,Eastern Europe,Northern Europe
Sweden,Belarus,SWE,BLR,2014,12820,838.4113,Europe,Europe,Northern Europe,Eastern Europe
Hungary,Netherlands,HUN,NLD,2013,320525,1145.901,Europe,Europe,Eastern Europe,Western Europe
Iceland,Italy,ISL,ITA,2011,15439,3307.978,Europe,Europe,Northern Europe,Southern Europe
Andorra,Gibraltar,AND,GIB,2013,,921.2926,Europe,Europe,Southern Europe,Southern Europe
Luxembourg,France,LUX,FRA,2015,6755165,289.1023,Europe,Europe,Western Europe,Western Europe
France,Gibraltar,FRA,GIB,2015,158,1549.175,Europe,Europe,Western Europe,Southern Europe
Albania,Croatia,ALB,HRV,2011,3336,585.956,Europe,Europe,Southern Europe,Southern Europe
Denmark,Belgium,DNK,BEL,2012,253409,767.1575,Europe,Europe,Northern Europe,Western Europe
Czechia,Croatia,CZE,HRV,2015,746386,492.0173,Europe,Europe,Eastern Europe,Southern Europe
Denmark,United Kingdom of Great Britain and Northern Ireland,DNK,GBR,2012,1714180,959.5936,Europe,Europe,Northern Europe,Northern Europe
Finland,Ukraine,FIN,UKR,2013,23333,1135.325,Europe,Europe,Northern Europe,Eastern Europe
Slovakia,Spain,SVK,ESP,2014,67137,1865.664,Europe,Europe,Eastern Europe,Southern Europe
Bosnia and Herzegovina,San Marino,BIH,SMR,2011,,476.5566,Europe,Europe,Southern Europe,Southern Europe
Finland,Iceland,FIN,ISL,2016,46569,2424.555,Europe,Europe,Northern Europe,Northern Europe
Hungary,San Marino,HUN,SMR,2012,,644.5287,Europe,Europe,Eastern Europe,Southern Europe
Denmark,Malta,DNK,MLT,2012,37098,2204.997,Europe,Europe,Northern Europe,Southern Europe
San Marino,Ukraine,SMR,UKR,2016,7381,1535.241,Europe,Europe,Southern Europe,Eastern Europe
Slovakia,Portugal,SVK,PRT,2015,269,2354.293,Europe,Europe,Eastern Europe,Southern Europe
Portugal,Switzerland,PRT,CHE,2016,1421813,1626.974,Europe,Europe,Southern Europe,Western Europe
Belgium,Switzerland,BEL,CHE,2014,554667,487.4555,Europe,Europe,Western Europe,Western Europe
Sweden,Latvia,SWE,LVA,2011,459055,441.6495,Europe,Europe,Northern Europe,Northern Europe
Andorra,Ukraine,AND,UKR,2015,,2372.859,Europe,Europe,Southern Europe,Eastern Europe
Albania,Romania,ALB,ROU,2014,23006,,Europe,Europe,Southern Europe,Eastern Europe
Macedonia (the former Yugoslav Republic of),Lithuania,MKD,LTU,2013,203,1439.533,Europe,Europe,Southern Europe,Northern Europe
Hungary,Finland,HUN,FIN,2014,124548,1457.984,Europe,Europe,Eastern Europe,Northern Europe
Hungary,Estonia,HUN,EST,2014,7161,1377.818,Europe,Europe,Eastern Europe,Northern Europe
Czechia,Bosnia and Herzegovina,CZE,BIH,2016,2857,757.0533,Europe,Europe,Eastern Europe,Southern Europe
Ireland,Bosnia and Herzegovina,IRL,BIH,2015,1664,2084.593,Europe,Europe,Northern Europe,Southern Europe
San Marino,Austria,SMR,AUT,2014,,561.1404,Europe,Europe,Southern Europe,Western Europe
Estonia,Austria,EST,AUT,2015,31713,1360.358,Europe,Europe,Northern Europe,Western Europe
Malta,Iceland,MLT,ISL,2013,223,3978.502,Europe,Europe,Southern Europe,Northern Europe
Sweden,Finland,SWE,FIN,2011,4281624,397.8922,Europe,Europe,Northern Europe,Northern Europe
Belgium,Portugal,BEL,PRT,2013,447113,1711.396,Europe,Europe,Western Europe,Southern Europe
Finland,Portugal,FIN,PRT,2011,77378,3362.978,Europe,Europe,Northern Europe,Southern Europe
Gibraltar,Belgium,GIB,BEL,2016,65,1810.312,Europe,Europe,Southern Europe,Western Europe
Moldova (Republic of),San Marino,MDA,SMR,2015,664,1317.19,Europe,Europe,Eastern Europe,Southern Europe
Czechia,Gibraltar,CZE,GIB,2013,43,2222.865,Europe,Europe,Eastern Europe,Southern Europe
Romania,Denmark,ROU,DNK,2013,31762,,Europe,Europe,Eastern Europe,Northern Europe
Greece,San Marino,GRC,SMR,2016,,1152.089,Europe,Europe,Southern Europe,Southern Europe
Russian Federation,Belarus,RUS,BLR,2016,665656,686.9657,Europe,Europe,Eastern Europe,Eastern Europe
Moldova (Republic of),Gibraltar,MDA,GIB,2016,5,3062.09,Europe,Europe,Eastern Europe,Southern Europe
Hungary,Slovenia,HUN,SVN,2013,72953,381.6249,Europe,Europe,Eastern Europe,Southern Europe
Bulgaria,Romania,BGR,ROU,2014,2648912,,Europe,Europe,Eastern Europe,Eastern Europe
Greece,San Marino,GRC,SMR,2011,,1152.089,Europe,Europe,Southern Europe,Southern Europe
Andorra,Netherlands,AND,NLD,2015,,1125.463,Europe,Europe,Southern Europe,Western Europe
Russian Federation,Denmark,RUS,DNK,2014,115953,1566.362,Europe,Europe,Eastern Europe,Northern Europe
Ukraine,Latvia,UKR,LVA,2016,106674,839.8457,Europe,Europe,Eastern Europe,Northern Europe
Belgium,Russian Federation,BEL,RUS,2011,126372,2261.25,Europe,Europe,Western Europe,Eastern Europe
Slovenia,Bosnia and Herzegovina,SVN,BIH,2016,93685,394.7473,Europe,Europe,Southern Europe,Southern Europe
Germany,Estonia,DEU,EST,2013,154175,1421.076,Europe,Europe,Western Europe,Northern Europe
Malta,Albania,MLT,ALB,2011,632,759.1236,Europe,Europe,Southern Europe,Southern Europe
Czechia,Luxembourg,CZE,LUX,2013,7083,596.739,Europe,Europe,Eastern Europe,Western Europe
Austria,Croatia,AUT,HRV,2015,1238554,270.6798,Europe,Europe,Western Europe,Southern Europe
Ireland,Iceland,IRL,ISL,2012,1102,1499.031,Europe,Europe,Northern Europe,Northern Europe
Austria,Romania,AUT,ROU,2011,468536,,Europe,Europe,Western Europe,Eastern Europe
Poland,Hungary,POL,HUN,2012,929000,546.806,Europe,Europe,Eastern Europe,Eastern Europe
Finland,Belarus,FIN,BLR,2015,7861,715.4365,Europe,Europe,Northern Europe,Eastern Europe
Moldova (Republic of),Netherlands,MDA,NLD,2012,4107,1813.739,Europe,Europe,Eastern Europe,Western Europe
San Marino,Finland,SMR,FIN,2012,,1986.678,Europe,Europe,Southern Europe,Northern Europe
Netherlands,Ireland,NLD,IRL,2014,475763,756.7269,Europe,Europe,Western Europe,Northern Europe
United Kingdom of Great Britain and Northern Ireland,Estonia,GBR,EST,2011,181811,1787.092,Europe,Europe,Northern Europe,Northern Europe
Ireland,France,IRL,FRA,2011,8146283,778.2031,Europe,Europe,Northern Europe,Western Europe
Greece,Moldova (Republic of),GRC,MDA,2011,6859,1084.991,Europe,Europe,Southern Europe,Eastern Europe
Iceland,Switzerland,ISL,CHE,2016,70409,2617.349,Europe,Europe,Northern Europe,Western Europe
Netherlands,France,NLD,FRA,2012,6938184,427.9169,Europe,Europe,Western Europe,Western Europe
Belgium,Finland,BEL,FIN,2016,121712,1651.582,Europe,Europe,Western Europe,Northern Europe
Hungary,Slovakia,HUN,SVK,2015,1850563,159.0699,Europe,Europe,Eastern Europe,Eastern Europe
United Kingdom of Great Britain and Northern Ireland,Estonia,GBR,EST,2016,131821,1787.092,Europe,Europe,Northern Europe,Northern Europe
Spain,Sweden,ESP,SWE,2015,1657922,2596.908,Europe,Europe,Southern Europe,Northern Europe
Bulgaria,Belarus,BGR,BLR,2015,106399,1282.432,Europe,Europe,Eastern Europe,Eastern Europe
Spain,Norway,ESP,NOR,2016,1740742,2390.782,Europe,Europe,Southern Europe,Northern Europe
Slovenia,Czechia,SVN,CZE,2013,96299,448.934,Europe,Europe,Southern Europe,Eastern Europe
Albania,Russian Federation,ALB,RUS,2012,11185,2063.678,Europe,Europe,Southern Europe,Eastern Europe
Spain,Finland,ESP,FIN,2012,670777,2952.195,Europe,Europe,Southern Europe,Northern Europe
United Kingdom of Great Britain and Northern Ireland,Croatia,GBR,HRV,2012,468553,1341.216,Europe,Europe,Northern Europe,Southern Europe
Luxembourg,Andorra,LUX,AND,2014,,867.6033,Europe,Europe,Western Europe,Southern Europe
Albania,Belgium,ALB,BEL,2012,39231,1589.107,Europe,Europe,Southern Europe,Western Europe
Belgium,Slovenia,BEL,SVN,2016,74803,916.7943,Europe,Europe,Western Europe,Southern Europe
San Marino,Netherlands,SMR,NLD,2016,,1090.303,Europe,Europe,Southern Europe,Western Europe
San Marino,Macedonia (the former Yugoslav Republic of),SMR,MKD,2016,,762.0729,Europe,Europe,Southern Europe,Southern Europe
Croatia,Denmark,HRV,DNK,2012,76493,1123.37,Europe,Europe,Southern Europe,Northern Europe
Bosnia and Herzegovina,Macedonia (the former Yugoslav Republic of),BIH,MKD,2012,9509,322.8538,Europe,Europe,Southern Europe,Southern Europe
Denmark,Macedonia (the former Yugoslav Republic of),DNK,MKD,2013,7784,1651.324,Europe,Europe,Northern Europe,Southern Europe
Denmark,Netherlands,DNK,NLD,2014,512666,622.9741,Europe,Europe,Northern Europe,Western Europe
Bulgaria,Malta,BGR,MLT,2012,8818,1065.425,Europe,Europe,Eastern Europe,Southern Europe
Greece,Albania,GRC,ALB,2013,774010,500.1241,Europe,Europe,Southern Europe,Southern Europe
Greece,Switzerland,GRC,CHE,2013,386835,1662.651,Europe,Europe,Southern Europe,Western Europe
Hungary,Russian Federation,HUN,RUS,2012,104730,1574.19,Europe,Europe,Eastern Europe,Eastern Europe
Iceland,Belarus,ISL,BLR,2013,39,2965.109,Europe,Europe,Northern Europe,Eastern Europe
Switzerland,Croatia,CHE,HRV,2011,89636,667.2937,Europe,Europe,Western Europe,Southern Europe
Romania,Slovenia,ROU,SVN,2014,46480,,Europe,Europe,Eastern Europe,Southern Europe
Luxembourg,Iceland,LUX,ISL,2011,1124,2319.428,Europe,Europe,Western Europe,Northern Europe
Portugal,Andorra,PRT,AND,2013,,990.3965,Europe,Europe,Southern Europe,Southern Europe
Macedonia (the former Yugoslav Republic of),Poland,MKD,POL,2011,3301,1141.357,Europe,Europe,Southern Europe,Eastern Europe
Ireland,Finland,IRL,FIN,2016,60686,2028.749,Europe,Europe,Northern Europe,Northern Europe
Albania,Ireland,ALB,IRL,2016,2057,2355.755,Europe,Europe,Southern Europe,Northern Europe
Moldova (Republic of),Austria,MDA,AUT,2011,14692,944.1378,Europe,Europe,Eastern Europe,Western Europe
Sweden,Estonia,SWE,EST,2011,307321,377.9402,Europe,Europe,Northern Europe,Northern Europe
Luxembourg,Macedonia (the former Yugoslav Republic of),LUX,MKD,2013,249,1454.307,Europe,Europe,Western Europe,Southern Europe
Ukraine,Slovenia,UKR,SVN,2014,27349,1277.754,Europe,Europe,Eastern Europe,Southern Europe
San Marino,Andorra,SMR,AND,2014,,905.0686,Europe,Europe,Southern Europe,Southern Europe
Luxembourg,Iceland,LUX,ISL,2015,1016,2319.428,Europe,Europe,Western Europe,Northern Europe
Ireland,Iceland,IRL,ISL,2013,1844,1499.031,Europe,Europe,Northern Europe,Northern Europe
Netherlands,Belarus,NLD,BLR,2013,19531,1512.952,Europe,Europe,Western Europe,Eastern Europe
Slovakia,Malta,SVK,MLT,2012,5591,1382.29,Europe,Europe,Eastern Europe,Southern Europe
Bulgaria,Spain,BGR,ESP,2015,219322,2254.799,Europe,Europe,Eastern Europe,Southern Europe
Greece,Denmark,GRC,DNK,2014,250473,2135.535,Europe,Europe,Southern Europe,Northern Europe
Slovenia,Ukraine,SVN,UKR,2015,27827,1277.754,Europe,Europe,Southern Europe,Eastern Europe
Norway,San Marino,NOR,SMR,2012,,1780.931,Europe,Europe,Northern Europe,Southern Europe
United Kingdom of Great Britain and Northern Ireland,Netherlands,GBR,NLD,2011,4545083,360.315,Europe,Europe,Northern Europe,Western Europe
Slovenia,Sweden,SVN,SWE,2014,7251,1495.673,Europe,Europe,Southern Europe,Northern Europe
Ireland,Latvia,IRL,LVA,2015,95392,1954.941,Europe,Europe,Northern Europe,Northern Europe
Netherlands,Slovenia,NLD,SVN,2011,20045,986.5178,Europe,Europe,Western Europe,Southern Europe
Albania,Lithuania,ALB,LTU,2016,460,1540.066,Europe,Europe,Southern Europe,Northern Europe
Belgium,United Kingdom of Great Britain and Northern Ireland,BEL,GBR,2015,2218613,323.7796,Europe,Europe,Western Europe,Northern Europe
Portugal,San Marino,PRT,SMR,2016,,1891.408,Europe,Europe,Southern Europe,Southern Europe
Belarus,Bulgaria,BLR,BGR,2014,142180,1282.432,Europe,Europe,Eastern Europe,Eastern Europe
Hungary,Czechia,HUN,CZE,2011,422689,445.1513,Europe,Europe,Eastern Europe,Eastern Europe
Macedonia (the former Yugoslav Republic of),Luxembourg,MKD,LUX,2013,301,1454.307,Europe,Europe,Southern Europe,Western Europe
France,Sweden,FRA,SWE,2013,1019327,1545.797,Europe,Europe,Western Europe,Northern Europe
Bulgaria,Iceland,BGR,ISL,2012,308,3709.101,Europe,Europe,Eastern Europe,Northern Europe
Czechia,Slovakia,CZE,SVK,2011,821260,293.086,Europe,Europe,Eastern Europe,Eastern Europe
Latvia,Slovakia,LVA,SVK,2011,17841,1083.025,Europe,Europe,Northern Europe,Eastern Europe
Moldova (Republic of),Albania,MDA,ALB,2016,198,955.9489,Europe,Europe,Eastern Europe,Southern Europe
Slovenia,San Marino,SVN,SMR,2015,,283.7302,Europe,Europe,Southern Europe,Southern Europe
Macedonia (the former Yugoslav Republic of),Hungary,MKD,HUN,2015,2633,641.169,Europe,Europe,Southern Europe,Eastern Europe
Moldova (Republic of),Albania,MDA,ALB,2012,93,955.9489,Europe,Europe,Eastern Europe,Southern Europe
Denmark,Bosnia and Herzegovina,DNK,BIH,2013,17131,1377.807,Europe,Europe,Northern Europe,Southern Europe
Greece,Russian Federation,GRC,RUS,2015,730888,2233.583,Europe,Europe,Southern Europe,Eastern Europe
Germany,Norway,DEU,NOR,2014,1305607,969.2816,Europe,Europe,Western Europe,Northern Europe
Bulgaria,Belgium,BGR,BEL,2012,112482,1699.686,Europe,Europe,Eastern Europe,Western Europe
Russian Federation,Hungary,RUS,HUN,2013,127243,1574.19,Europe,Europe,Eastern Europe,Eastern Europe
Switzerland,Ukraine,CHE,UKR,2012,85291,1730.779,Europe,Europe,Western Europe,Eastern Europe
Norway,Sweden,NOR,SWE,2013,5226035,417.5658,Europe,Europe,Northern Europe,Northern Europe
Macedonia (the former Yugoslav Republic of),Ireland,MKD,IRL,2012,349,2407.447,Europe,Europe,Southern Europe,Northern Europe
Estonia,Norway,EST,NOR,2016,103001,787.4166,Europe,Europe,Northern Europe,Northern Europe
Luxembourg,Belarus,LUX,BLR,2015,476,1539.179,Europe,Europe,Western Europe,Eastern Europe
Gibraltar,Bulgaria,GIB,BGR,2014,53,2555.137,Europe,Europe,Southern Europe,Eastern Europe
Italy,Albania,ITA,ALB,2011,936369,611.7626,Europe,Europe,Southern Europe,Southern Europe
Spain,Andorra,ESP,AND,2015,0,492.9274,Europe,Europe,Southern Europe,Southern Europe
Switzerland,Russian Federation,CHE,RUS,2015,366081,2296.397,Europe,Europe,Western Europe,Eastern Europe
Denmark,Germany,DNK,DEU,2014,4153105,595.8536,Europe,Europe,Northern Europe,Western Europe
Latvia,Ireland,LVA,IRL,2012,85521,1954.941,Europe,Europe,Northern Europe,Northern Europe
Spain,Andorra,ESP,AND,2013,2,492.9274,Europe,Europe,Southern Europe,Southern Europe
Denmark,Romania,DNK,ROU,2015,36552,,Europe,Europe,Northern Europe,Eastern Europe
Luxembourg,Netherlands,LUX,NLD,2014,27967,318.3489,Europe,Europe,Western Europe,Western Europe
Malta,Romania,MLT,ROU,2011,7697,,Europe,Europe,Southern Europe,Eastern Europe
Germany,Ukraine,DEU,UKR,2013,522631,1646.271,Europe,Europe,Western Europe,Eastern Europe
Malta,France,MLT,FRA,2014,177878,1752.693,Europe,Europe,Southern Europe,Western Europe
Moldova (Republic of),Bosnia and Herzegovina,MDA,BIH,2013,338,883.0676,Europe,Europe,Eastern Europe,Southern Europe
Luxembourg,Netherlands,LUX,NLD,2011,26134,318.3489,Europe,Europe,Western Europe,Western Europe
Czechia,Lithuania,CZE,LTU,2011,56589,896.5842,Europe,Europe,Eastern Europe,Northern Europe
Hungary,Estonia,HUN,EST,2011,6963,1377.818,Europe,Europe,Eastern Europe,Northern Europe
United Kingdom of Great Britain and Northern Ireland,Albania,GBR,ALB,2014,59605,1895.345,Europe,Europe,Northern Europe,Southern Europe
Netherlands,Germany,NLD,DEU,2011,7013783,173.5239,Europe,Europe,Western Europe,Western Europe
Netherlands,Switzerland,NLD,CHE,2016,962017,628.025,Europe,Europe,Western Europe,Western Europe
Gibraltar,Bulgaria,GIB,BGR,2015,62,2555.137,Europe,Europe,Southern Europe,Eastern Europe
Estonia,Malta,EST,MLT,2014,2874,2719.935,Europe,Europe,Northern Europe,Southern Europe
Slovakia,Belgium,SVK,BEL,2012,51137,971.336,Europe,Europe,Eastern Europe,Western Europe
Netherlands,Sweden,NLD,SWE,2016,435809,1128.93,Europe,Europe,Western Europe,Northern Europe
Norway,Bulgaria,NOR,BGR,2015,88225,2101.033,Europe,Europe,Northern Europe,Eastern Europe
Poland,Belarus,POL,BLR,2015,3611927,469.7038,Europe,Europe,Eastern Europe,Eastern Europe
Spain,Ukraine,ESP,UKR,2015,151692,2863.877,Europe,Europe,Southern Europe,Eastern Europe
Gibraltar,Luxembourg,GIB,LUX,2015,18,1763.693,Europe,Europe,Southern Europe,Western Europe
Spain,Estonia,ESP,EST,2013,41075,2895.384,Europe,Europe,Southern Europe,Northern Europe
Sweden,Luxembourg,SWE,LUX,2011,15801,1325.934,Europe,Europe,Northern Europe,Western Europe
Malta,Macedonia (the former Yugoslav Republic of),MLT,MKD,2014,697,905.4888,Europe,Europe,Southern Europe,Southern Europe
Switzerland,Finland,CHE,FIN,2015,203899,1859.36,Europe,Europe,Western Europe,Northern Europe
Greece,Germany,GRC,DEU,2015,3261904,1990.582,Europe,Europe,Southern Europe,Western Europe
Luxembourg,Ukraine,LUX,UKR,2012,3359,1736.302,Europe,Europe,Western Europe,Eastern Europe
Latvia,Greece,LVA,GRC,2013,14805,2109.292,Europe,Europe,Northern Europe,Southern Europe
Slovakia,Spain,SVK,ESP,2013,50918,1865.664,Europe,Europe,Eastern Europe,Southern Europe
Gibraltar,Poland,GIB,POL,2011,87,2736.609,Europe,Europe,Southern Europe,Eastern Europe
Iceland,Spain,ISL,ESP,2013,50770,2894.701,Europe,Europe,Northern Europe,Southern Europe
Gibraltar,Luxembourg,GIB,LUX,2014,36,1763.693,Europe,Europe,Southern Europe,Western Europe
Romania,Bosnia and Herzegovina,ROU,BIH,2014,10417,,Europe,Europe,Eastern Europe,Southern Europe
Macedonia (the former Yugoslav Republic of),Andorra,MKD,AND,2012,,1642.107,Europe,Europe,Southern Europe,Southern Europe
Estonia,Greece,EST,GRC,2014,33092,2384.76,Europe,Europe,Northern Europe,Southern Europe
San Marino,Albania,SMR,ALB,2012,,666.4761,Europe,Europe,Southern Europe,Southern Europe
Iceland,Belarus,ISL,BLR,2015,41,2965.109,Europe,Europe,Northern Europe,Eastern Europe
Bosnia and Herzegovina,Romania,BIH,ROU,2015,12889,,Europe,Europe,Southern Europe,Eastern Europe
Sweden,Belgium,SWE,BEL,2016,257985,1283.716,Europe,Europe,Northern Europe,Western Europe
Belgium,United Kingdom of Great Britain and Northern Ireland,BEL,GBR,2016,1916337,323.7796,Europe,Europe,Western Europe,Northern Europe
Czechia,Belgium,CZE,BEL,2012,158964,718.4293,Europe,Europe,Eastern Europe,Western Europe
Switzerland,Slovakia,CHE,SVK,2014,4038,742.9638,Europe,Europe,Western Europe,Eastern Europe
Belgium,Albania,BEL,ALB,2014,37997,1589.107,Europe,Europe,Western Europe,Southern Europe
Greece,Spain,GRC,ESP,2011,454533,2372.903,Europe,Europe,Southern Europe,Southern Europe
Switzerland,Hungary,CHE,HUN,2013,261910,879.3594,Europe,Europe,Western Europe,Eastern Europe
Austria,Bosnia and Herzegovina,AUT,BIH,2016,28382,509.7472,Europe,Europe,Western Europe,Southern Europe
United Kingdom of Great Britain and Northern Ireland,Sweden,GBR,SWE,2014,1735479,1437.571,Europe,Europe,Northern Europe,Northern Europe
Albania,Ireland,ALB,IRL,2014,1410,2355.755,Europe,Europe,Southern Europe,Northern Europe
Ireland,Denmark,IRL,DNK,2011,104163,1240.498,Europe,Europe,Northern Europe,Northern Europe
Slovenia,San Marino,SVN,SMR,2012,,283.7302,Europe,Europe,Southern Europe,Southern Europe
Andorra,Albania,AND,ALB,2013,,1519.551,Europe,Europe,Southern Europe,Southern Europe
Belgium,Slovakia,BEL,SVK,2016,67562,971.336,Europe,Europe,Western Europe,Eastern Europe
Portugal,Latvia,PRT,LVA,2013,8559,3152.139,Europe,Europe,Southern Europe,Northern Europe
Denmark,Hungary,DNK,HUN,2016,226642,1011.98,Europe,Europe,Northern Europe,Eastern Europe
Poland,Greece,POL,GRC,2011,490618,1600.171,Europe,Europe,Eastern Europe,Southern Europe
Slovenia,Finland,SVN,FIN,2012,16570,1710.822,Europe,Europe,Southern Europe,Northern Europe
Czechia,San Marino,CZE,SMR,2013,,700.1221,Europe,Europe,Eastern Europe,Southern Europe
Albania,Ireland,ALB,IRL,2015,1902,2355.755,Europe,Europe,Southern Europe,Northern Europe
Gibraltar,Ireland,GIB,IRL,2014,113,1915.628,Europe,Europe,Southern Europe,Northern Europe
Norway,Poland,NOR,POL,2014,946283,1062.053,Europe,Europe,Northern Europe,Eastern Europe
Andorra,Spain,AND,ESP,2013,2,492.9274,Europe,Europe,Southern Europe,Southern Europe
Latvia,Lithuania,LVA,LTU,2011,1855085,263.4897,Europe,Europe,Northern Europe,Northern Europe
Romania,Croatia,ROU,HRV,2015,97934,,Europe,Europe,Eastern Europe,Southern Europe
Hungary,Croatia,HUN,HRV,2014,405262,302.1079,Europe,Europe,Eastern Europe,Southern Europe
Norway,Iceland,NOR,ISL,2012,140180,1749.596,Europe,Europe,Northern Europe,Northern Europe
Estonia,Macedonia (the former Yugoslav Republic of),EST,MKD,2014,332,1951.641,Europe,Europe,Northern Europe,Southern Europe
Ireland,San Marino,IRL,SMR,2016,,1720.421,Europe,Europe,Northern Europe,Southern Europe
Bulgaria,United Kingdom of Great Britain and Northern Ireland,BGR,GBR,2016,863417,2019.341,Europe,Europe,Eastern Europe,Northern Europe
Ukraine,Belarus,UKR,BLR,2016,1827485,433.5281,Europe,Europe,Eastern Europe,Eastern Europe
Greece,Finland,GRC,FIN,2015,126526,2465.045,Europe,Europe,Southern Europe,Northern Europe
Luxembourg,Greece,LUX,GRC,2011,35471,1904.941,Europe,Europe,Western Europe,Southern Europe
Luxembourg,Greece,LUX,GRC,2015,56695,1904.941,Europe,Europe,Western Europe,Southern Europe
Sweden,Belarus,SWE,BLR,2012,11092,838.4113,Europe,Europe,Northern Europe,Eastern Europe
Denmark,Greece,DNK,GRC,2014,250473,2135.535,Europe,Europe,Northern Europe,Southern Europe
Luxembourg,Russian Federation,LUX,RUS,2014,13963,2214.132,Europe,Europe,Western Europe,Eastern Europe
Albania,Netherlands,ALB,NLD,2014,12337,1664.815,Europe,Europe,Southern Europe,Western Europe
Croatia,Austria,HRV,AUT,2011,997651,270.6798,Europe,Europe,Southern Europe,Western Europe
Austria,Slovenia,AUT,SVN,2016,462860,277.8844,Europe,Europe,Western Europe,Southern Europe
Sweden,Portugal,SWE,PRT,2016,157588,2990.966,Europe,Europe,Northern Europe,Southern Europe
Hungary,Sweden,HUN,SWE,2011,205764,1318.564,Europe,Europe,Eastern Europe,Northern Europe
Croatia,Greece,HRV,GRC,2013,18255,1079.422,Europe,Europe,Southern Europe,Southern Europe
Poland,Austria,POL,AUT,2013,736875,556.8245,Europe,Europe,Eastern Europe,Western Europe
Bulgaria,Ukraine,BGR,UKR,2011,283464,1022.553,Europe,Europe,Eastern Europe,Eastern Europe
Greece,Ireland,GRC,IRL,2014,41371,2855.222,Europe,Europe,Southern Europe,Northern Europe
United Kingdom of Great Britain and Northern Ireland,Belarus,GBR,BLR,2012,19784,1873.072,Europe,Europe,Northern Europe,Eastern Europe
Ukraine,Czechia,UKR,CZE,2014,150977,1141.565,Europe,Europe,Eastern Europe,Eastern Europe
Croatia,Gibraltar,HRV,GIB,2015,77,2079.915,Europe,Europe,Southern Europe,Southern Europe
Macedonia (the former Yugoslav Republic of),Greece,MKD,GRC,2016,1761604,485.2823,Europe,Europe,Southern Europe,Southern Europe
Luxembourg,Iceland,LUX,ISL,2014,683,2319.428,Europe,Europe,Western Europe,Northern Europe
Albania,Hungary,ALB,HUN,2013,2883,689.0358,Europe,Europe,Southern Europe,Eastern Europe
Ireland,Moldova (Republic of),IRL,MDA,2011,3831,2569.662,Europe,Europe,Northern Europe,Eastern Europe
Switzerland,Italy,CHE,ITA,2011,993127,692.6592,Europe,Europe,Western Europe,Southern Europe
Belgium,Slovakia,BEL,SVK,2012,52808,971.336,Europe,Europe,Western Europe,Eastern Europe
Ukraine,Norway,UKR,NOR,2012,33595,1630.325,Europe,Europe,Eastern Europe,Northern Europe
Slovakia,Spain,SVK,ESP,2016,105154,1865.664,Europe,Europe,Eastern Europe,Southern Europe
San Marino,Malta,SMR,MLT,2012,,912.6896,Europe,Europe,Southern Europe,Southern Europe
Belgium,Greece,BEL,GRC,2013,416052,2089.225,Europe,Europe,Western Europe,Southern Europe
Netherlands,Macedonia (the former Yugoslav Republic of),NLD,MKD,2012,13792,1694.944,Europe,Europe,Western Europe,Southern Europe
Finland,Switzerland,FIN,CHE,2015,196624,1859.36,Europe,Europe,Northern Europe,Western Europe
Belgium,Estonia,BEL,EST,2012,29566,1601.098,Europe,Europe,Western Europe,Northern Europe
Slovenia,Estonia,SVN,EST,2016,5808,1634.182,Europe,Europe,Southern Europe,Northern Europe
Luxembourg,Spain,LUX,ESP,2014,232378,1281.233,Europe,Europe,Western Europe,Southern Europe
Romania,Macedonia (the former Yugoslav Republic of),ROU,MKD,2015,35581,,Europe,Europe,Eastern Europe,Southern Europe
Slovakia,Ireland,SVK,IRL,2011,62937,1736.948,Europe,Europe,Eastern Europe,Northern Europe
San Marino,France,SMR,FRA,2014,,951.0759,Europe,Europe,Southern Europe,Western Europe
Andorra,Bulgaria,AND,BGR,2016,,1781.612,Europe,Europe,Southern Europe,Eastern Europe
Albania,Switzerland,ALB,CHE,2016,19167,1167.984,Europe,Europe,Southern Europe,Western Europe
Gibraltar,Norway,GIB,NOR,2015,68,2887.885,Europe,Europe,Southern Europe,Northern Europe
Albania,United Kingdom of Great Britain and Northern Ireland,ALB,GBR,2011,86065,1895.345,Europe,Europe,Southern Europe,Northern Europe
Russian Federation,Sweden,RUS,SWE,2014,586710,1232.383,Europe,Europe,Eastern Europe,Northern Europe
San Marino,Luxembourg,SMR,LUX,2011,,792.4816,Europe,Europe,Southern Europe,Western Europe
Lithuania,Malta,LTU,MLT,2016,20272,2248.596,Europe,Europe,Northern Europe,Southern Europe
Norway,Romania,NOR,ROU,2015,75753,,Europe,Europe,Northern Europe,Eastern Europe
Bulgaria,Czechia,BGR,CZE,2016,258661,1069.866,Europe,Europe,Eastern Europe,Eastern Europe
Gibraltar,Norway,GIB,NOR,2013,168,2887.885,Europe,Europe,Southern Europe,Northern Europe
Denmark,Iceland,DNK,ISL,2011,181776,2111.384,Europe,Europe,Northern Europe,Northern Europe
Belgium,Denmark,BEL,DNK,2013,252422,767.1575,Europe,Europe,Western Europe,Northern Europe
Latvia,Portugal,LVA,PRT,2015,13159,3152.139,Europe,Europe,Northern Europe,Southern Europe
Bulgaria,Croatia,BGR,HRV,2016,86896,680.4865,Europe,Europe,Eastern Europe,Southern Europe
Macedonia (the former Yugoslav Republic of),Gibraltar,MKD,GIB,2012,,2396.474,Europe,Europe,Southern Europe,Southern Europe
Bulgaria,Belgium,BGR,BEL,2013,111462,1699.686,Europe,Europe,Eastern Europe,Western Europe
Croatia,United Kingdom of Great Britain and Northern Ireland,HRV,GBR,2015,670915,1341.216,Europe,Europe,Southern Europe,Northern Europe
France,Switzerland,FRA,CHE,2011,2149697,436.0778,Europe,Europe,Western Europe,Western Europe
Andorra,Portugal,AND,PRT,2011,,990.3965,Europe,Europe,Southern Europe,Southern Europe
Macedonia (the former Yugoslav Republic of),Slovakia,MKD,SVK,2016,19191,764.715,Europe,Europe,Southern Europe,Eastern Europe
Ireland,Bulgaria,IRL,BGR,2016,33452,2475.312,Europe,Europe,Northern Europe,Eastern Europe
Bosnia and Herzegovina,Latvia,BIH,LVA,2011,221,1509.34,Europe,Europe,Southern Europe,Northern Europe
Slovenia,Bulgaria,SVN,BGR,2011,44140,795.2473,Europe,Europe,Southern Europe,Eastern Europe
Luxembourg,Hungary,LUX,HUN,2013,6878,977.394,Europe,Europe,Western Europe,Eastern Europe
Belgium,Latvia,BEL,LVA,2012,79624,1456.065,Europe,Europe,Western Europe,Northern Europe
Romania,Belarus,ROU,BLR,2014,58021,,Europe,Europe,Eastern Europe,Eastern Europe
Greece,Andorra,GRC,AND,2013,,1947.636,Europe,Europe,Southern Europe,Southern Europe
Moldova (Republic of),Czechia,MDA,CZE,2015,5826,1113.54,Europe,Europe,Eastern Europe,Eastern Europe
Latvia,Lithuania,LVA,LTU,2012,2059170,263.4897,Europe,Europe,Northern Europe,Northern Europe
Austria,Ireland,AUT,IRL,2016,133106,1681.996,Europe,Europe,Western Europe,Northern Europe
Italy,Norway,ITA,NOR,2014,410529,2010.678,Europe,Europe,Southern Europe,Northern Europe
France,Austria,FRA,AUT,2015,1106556,1035.144,Europe,Europe,Western Europe,Western Europe
Hungary,Croatia,HUN,HRV,2013,354354,302.1079,Europe,Europe,Eastern Europe,Southern Europe
France,Italy,FRA,ITA,2013,12422458,1109.901,Europe,Europe,Western Europe,Southern Europe
Germany,Russian Federation,DEU,RUS,2016,1860691,2065.183,Europe,Europe,Western Europe,Eastern Europe
Slovakia,Andorra,SVK,AND,2013,,1374.983,Europe,Europe,Eastern Europe,Southern Europe
Bosnia and Herzegovina,Czechia,BIH,CZE,2012,2095,757.0533,Europe,Europe,Southern Europe,Eastern Europe
Portugal,Estonia,PRT,EST,2016,13821,3311.847,Europe,Europe,Southern Europe,Northern Europe
Switzerland,Austria,CHE,AUT,2011,735023,684.8875,Europe,Europe,Western Europe,Western Europe
Russian Federation,Andorra,RUS,AND,2016,,2973.003,Europe,Europe,Eastern Europe,Southern Europe
Lithuania,Denmark,LTU,DNK,2014,73347,815.5106,Europe,Europe,Northern Europe,Northern Europe
Macedonia (the former Yugoslav Republic of),Russian Federation,MKD,RUS,2014,8380,1927.484,Europe,Europe,Southern Europe,Eastern Europe
Greece,Norway,GRC,NOR,2015,254455,2606.405,Europe,Europe,Southern Europe,Northern Europe
Belarus,Denmark,BLR,DNK,2013,4046,977.0479,Europe,Europe,Eastern Europe,Northern Europe
United Kingdom of Great Britain and Northern Ireland,Lithuania,GBR,LTU,2013,545450,1729.554,Europe,Europe,Northern Europe,Northern Europe
Gibraltar,Luxembourg,GIB,LUX,2012,41,1763.693,Europe,Europe,Southern Europe,Western Europe
Spain,Malta,ESP,MLT,2011,138188,1670.797,Europe,Europe,Southern Europe,Southern Europe
Finland,Norway,FIN,NOR,2015,241559,791.2361,Europe,Europe,Northern Europe,Northern Europe
France,Bosnia and Herzegovina,FRA,BIH,2014,11021,1352.463,Europe,Europe,Western Europe,Southern Europe
Belarus,Moldova (Republic of),BLR,MDA,2015,3078,768.2014,Europe,Europe,Eastern Europe,Eastern Europe
France,Greece,FRA,GRC,2012,1154258,2098.726,Europe,Europe,Western Europe,Southern Europe
Malta,Netherlands,MLT,NLD,2011,64550,1981.948,Europe,Europe,Southern Europe,Western Europe
Slovenia,Italy,SVN,ITA,2013,533422,492.3427,Europe,Europe,Southern Europe,Southern Europe
Estonia,Netherlands,EST,NLD,2011,25443,1459.083,Europe,Europe,Northern Europe,Western Europe
Ukraine,Romania,UKR,ROU,2012,1530826,,Europe,Europe,Eastern Europe,Eastern Europe
Portugal,Iceland,PRT,ISL,2011,1734,2952.572,Europe,Europe,Southern Europe,Northern Europe
Ukraine,Finland,UKR,FIN,2012,26832,1135.325,Europe,Europe,Eastern Europe,Northern Europe
Luxembourg,Gibraltar,LUX,GIB,2012,31,1763.693,Europe,Europe,Western Europe,Southern Europe
United Kingdom of Great Britain and Northern Ireland,Czechia,GBR,CZE,2016,1400233,1036.988,Europe,Europe,Northern Europe,Eastern Europe
Romania,Spain,ROU,ESP,2011,605127,,Europe,Europe,Eastern Europe,Southern Europe
Denmark,Luxembourg,DNK,LUX,2012,73739,802.2173,Europe,Europe,Northern Europe,Western Europe
Andorra,Netherlands,AND,NLD,2013,,1125.463,Europe,Europe,Southern Europe,Western Europe
Italy,Bosnia and Herzegovina,ITA,BIH,2016,434226,531.7457,Europe,Europe,Southern Europe,Southern Europe
Gibraltar,Malta,GIB,MLT,2012,81,1787.032,Europe,Europe,Southern Europe,Southern Europe
Czechia,Austria,CZE,AUT,2012,839691,252.4479,Europe,Europe,Eastern Europe,Western Europe
Luxembourg,Albania,LUX,ALB,2014,986,1404.884,Europe,Europe,Western Europe,Southern Europe
Denmark,Macedonia (the former Yugoslav Republic of),DNK,MKD,2014,9136,1651.324,Europe,Europe,Northern Europe,Southern Europe
Andorra,Germany,AND,DEU,2011,,1080.611,Europe,Europe,Southern Europe,Western Europe
Belarus,Netherlands,BLR,NLD,2016,23773,1512.952,Europe,Europe,Eastern Europe,Western Europe
Switzerland,Bosnia and Herzegovina,CHE,BIH,2012,36614,924.4724,Europe,Europe,Western Europe,Southern Europe
Andorra,Bulgaria,AND,BGR,2014,,1781.612,Europe,Europe,Southern Europe,Eastern Europe
Czechia,Spain,CZE,ESP,2014,440298,1776.348,Europe,Europe,Eastern Europe,Southern Europe
Albania,Macedonia (the former Yugoslav Republic of),ALB,MKD,2011,348994,155.9628,Europe,Europe,Southern Europe,Southern Europe
Latvia,Italy,LVA,ITA,2011,133207,1869.574,Europe,Europe,Northern Europe,Southern Europe
Hungary,Ukraine,HUN,UKR,2016,1450215,896.3701,Europe,Europe,Eastern Europe,Eastern Europe
Albania,Russian Federation,ALB,RUS,2014,23486,2063.678,Europe,Europe,Southern Europe,Eastern Europe
Slovenia,Ireland,SVN,IRL,2013,1409,1689.878,Europe,Europe,Southern Europe,Northern Europe
Moldova (Republic of),San Marino,MDA,SMR,2012,,1317.19,Europe,Europe,Eastern Europe,Southern Europe
Lithuania,Ukraine,LTU,UKR,2013,111686,590.0546,Europe,Europe,Northern Europe,Eastern Europe
Finland,Netherlands,FIN,NLD,2014,184634,1505.523,Europe,Europe,Northern Europe,Western Europe
Croatia,Portugal,HRV,PRT,2013,16886,2200.561,Europe,Europe,Southern Europe,Southern Europe
Andorra,Macedonia (the former Yugoslav Republic of),AND,MKD,2013,,1642.107,Europe,Europe,Southern Europe,Southern Europe
Hungary,United Kingdom of Great Britain and Northern Ireland,HUN,GBR,2011,681881,1453.666,Europe,Europe,Eastern Europe,Northern Europe
United Kingdom of Great Britain and Northern Ireland,Poland,GBR,POL,2015,4525334,1451.644,Europe,Europe,Northern Europe,Eastern Europe
Portugal,Albania,PRT,ALB,2015,1846,2472.398,Europe,Europe,Southern Europe,Southern Europe
Sweden,Macedonia (the former Yugoslav Republic of),SWE,MKD,2013,64095,1943.276,Europe,Europe,Northern Europe,Southern Europe
Albania,Italy,ALB,ITA,2016,800969,611.7626,Europe,Europe,Southern Europe,Southern Europe
Ireland,Austria,IRL,AUT,2016,133106,1681.996,Europe,Europe,Northern Europe,Western Europe
Greece,France,GRC,FRA,2013,1364292,2098.726,Europe,Europe,Southern Europe,Western Europe
United Kingdom of Great Britain and Northern Ireland,Sweden,GBR,SWE,2016,1824661,1437.571,Europe,Europe,Northern Europe,Northern Europe
Moldova (Republic of),Bulgaria,MDA,BGR,2011,110151,650.3213,Europe,Europe,Eastern Europe,Eastern Europe
Malta,Slovenia,MLT,SVN,2013,7862,1131.545,Europe,Europe,Southern Europe,Southern Europe
Ukraine,Macedonia (the former Yugoslav Republic of),UKR,MKD,2013,7050,1165.076,Europe,Europe,Eastern Europe,Southern Europe
Finland,Lithuania,FIN,LTU,2013,60621,606.8758,Europe,Europe,Northern Europe,Northern Europe
Spain,Albania,ESP,ALB,2013,9512,1977.061,Europe,Europe,Southern Europe,Southern Europe
Germany,Malta,DEU,MLT,2015,291849,1833.687,Europe,Europe,Western Europe,Southern Europe
Czechia,San Marino,CZE,SMR,2012,,700.1221,Europe,Europe,Eastern Europe,Southern Europe
Norway,Ukraine,NOR,UKR,2015,23945,1630.325,Europe,Europe,Northern Europe,Eastern Europe
Denmark,Malta,DNK,MLT,2015,46929,2204.997,Europe,Europe,Northern Europe,Southern Europe
Germany,San Marino,DEU,SMR,2014,,932.1286,Europe,Europe,Western Europe,Southern Europe
Moldova (Republic of),Belarus,MDA,BLR,2014,2266,768.2014,Europe,Europe,Eastern Europe,Eastern Europe
Austria,Moldova (Republic of),AUT,MDA,2014,12619,944.1378,Europe,Europe,Western Europe,Eastern Europe
Italy,Czechia,ITA,CZE,2013,1260677,926.5591,Europe,Europe,Southern Europe,Eastern Europe
Sweden,Latvia,SWE,LVA,2013,495346,441.6495,Europe,Europe,Northern Europe,Northern Europe
Andorra,Latvia,AND,LVA,2011,,2266.706,Europe,Europe,Southern Europe,Northern Europe
Poland,San Marino,POL,SMR,2012,,1117.929,Europe,Europe,Eastern Europe,Southern Europe
Lithuania,United Kingdom of Great Britain and Northern Ireland,LTU,GBR,2011,434667,1729.554,Europe,Europe,Northern Europe,Northern Europe
Spain,Sweden,ESP,SWE,2014,1953796,2596.908,Europe,Europe,Southern Europe,Northern Europe
Estonia,Ireland,EST,IRL,2015,13947,2005.127,Europe,Europe,Northern Europe,Northern Europe
Finland,Moldova (Republic of),FIN,MDA,2011,989,1482.904,Europe,Europe,Northern Europe,Eastern Europe
Gibraltar,Portugal,GIB,PRT,2011,36,442.1214,Europe,Europe,Southern Europe,Southern Europe
Albania,Croatia,ALB,HRV,2013,2954,585.956,Europe,Europe,Southern Europe,Southern Europe
Ireland,Andorra,IRL,AND,2013,,1335.314,Europe,Europe,Northern Europe,Southern Europe
Luxembourg,Belarus,LUX,BLR,2012,262,1539.179,Europe,Europe,Western Europe,Eastern Europe
France,Latvia,FRA,LVA,2013,55424,1704.598,Europe,Europe,Western Europe,Northern Europe
Germany,Bosnia and Herzegovina,DEU,BIH,2012,61761,1202.42,Europe,Europe,Western Europe,Southern Europe
Bosnia and Herzegovina,Latvia,BIH,LVA,2013,410,1509.34,Europe,Europe,Southern Europe,Northern Europe
Macedonia (the former Yugoslav Republic of),Croatia,MKD,HRV,2012,34938,610.8091,Europe,Europe,Southern Europe,Southern Europe
Iceland,Luxembourg,ISL,LUX,2016,1381,2319.428,Europe,Europe,Northern Europe,Western Europe
Ireland,Bulgaria,IRL,BGR,2012,21026,2475.312,Europe,Europe,Northern Europe,Eastern Europe
Malta,Latvia,MLT,LVA,2014,5344,2449.608,Europe,Europe,Southern Europe,Northern Europe
Netherlands,Albania,NLD,ALB,2013,10478,1664.815,Europe,Europe,Western Europe,Southern Europe
Finland,United Kingdom of Great Britain and Northern Ireland,FIN,GBR,2014,545229,1826.928,Europe,Europe,Northern Europe,Northern Europe
Bosnia and Herzegovina,Lithuania,BIH,LTU,2013,257,1302.017,Europe,Europe,Southern Europe,Northern Europe
Russian Federation,Sweden,RUS,SWE,2016,118212,1232.383,Europe,Europe,Eastern Europe,Northern Europe
United Kingdom of Great Britain and Northern Ireland,Moldova (Republic of),GBR,MDA,2016,89547,2150.279,Europe,Europe,Northern Europe,Eastern Europe
United Kingdom of Great Britain and Northern Ireland,Greece,GBR,GRC,2011,2743977,2394.85,Europe,Europe,Northern Europe,Southern Europe
Portugal,Slovenia,PRT,SVN,2014,4261,2096.808,Europe,Europe,Southern Europe,Southern Europe
Iceland,United Kingdom of Great Britain and Northern Ireland,ISL,GBR,2012,272480,1891.859,Europe,Europe,Northern Europe,Northern Europe
Spain,Russian Federation,ESP,RUS,2014,1520673,3449.3,Europe,Europe,Southern Europe,Eastern Europe
Bulgaria,Germany,BGR,DEU,2016,1098572,1571.797,Europe,Europe,Eastern Europe,Western Europe
Luxembourg,Hungary,LUX,HUN,2016,9041,977.394,Europe,Europe,Western Europe,Eastern Europe
Slovakia,United Kingdom of Great Britain and Northern Ireland,SVK,GBR,2012,327641,1294.938,Europe,Europe,Eastern Europe,Northern Europe
Greece,Malta,GRC,MLT,2016,49990,850.6025,Europe,Europe,Southern Europe,Southern Europe
Slovakia,Netherlands,SVK,NLD,2012,4162,987.487,Europe,Europe,Eastern Europe,Western Europe
Russian Federation,Ireland,RUS,IRL,2016,28462,2802.315,Europe,Europe,Eastern Europe,Northern Europe
Macedonia (the former Yugoslav Republic of),Iceland,MKD,ISL,2014,47,3686.858,Europe,Europe,Southern Europe,Northern Europe
Croatia,Gibraltar,HRV,GIB,2016,86,2079.915,Europe,Europe,Southern Europe,Southern Europe
Belarus,Austria,BLR,AUT,2013,22479,998.225,Europe,Europe,Eastern Europe,Western Europe
Gibraltar,Moldova (Republic of),GIB,MDA,2016,0,3062.09,Europe,Europe,Southern Europe,Eastern Europe
Andorra,Hungary,AND,HUN,2016,,1484.944,Europe,Europe,Southern Europe,Eastern Europe
Austria,Ireland,AUT,IRL,2012,99210,1681.996,Europe,Europe,Western Europe,Northern Europe
Portugal,Slovakia,PRT,SVK,2011,437,2354.293,Europe,Europe,Southern Europe,Eastern Europe
Slovenia,Italy,SVN,ITA,2012,605173,492.3427,Europe,Europe,Southern Europe,Southern Europe
Ukraine,Moldova (Republic of),UKR,MDA,2013,5419008,399.4606,Europe,Europe,Eastern Europe,Eastern Europe
Slovakia,Finland,SVK,FIN,2014,361,1424.061,Europe,Europe,Eastern Europe,Northern Europe
Moldova (Republic of),Bulgaria,MDA,BGR,2012,114289,650.3213,Europe,Europe,Eastern Europe,Eastern Europe
Estonia,Albania,EST,ALB,2016,1771,2041.537,Europe,Europe,Northern Europe,Southern Europe
Belgium,Finland,BEL,FIN,2012,127381,1651.582,Europe,Europe,Western Europe,Northern Europe
Bulgaria,Greece,BGR,GRC,2012,1686370,520.6937,Europe,Europe,Eastern Europe,Southern Europe
Bosnia and Herzegovina,Belarus,BIH,BLR,2014,72,1292.046,Europe,Europe,Southern Europe,Eastern Europe
Albania,Macedonia (the former Yugoslav Republic of),ALB,MKD,2013,449628,155.9628,Europe,Europe,Southern Europe,Southern Europe
Estonia,Romania,EST,ROU,2013,7738,,Europe,Europe,Northern Europe,Eastern Europe
Italy,Moldova (Republic of),ITA,MDA,2013,227899,1413.827,Europe,Europe,Southern Europe,Eastern Europe
Bulgaria,Greece,BGR,GRC,2015,2925168,520.6937,Europe,Europe,Eastern Europe,Southern Europe
United Kingdom of Great Britain and Northern Ireland,Norway,GBR,NOR,2015,1639202,1157.104,Europe,Europe,Northern Europe,Northern Europe
Austria,Slovakia,AUT,SVK,2015,275818,59.61723,Europe,Europe,Western Europe,Eastern Europe
Gibraltar,Latvia,GIB,LVA,2016,97,3185.494,Europe,Europe,Southern Europe,Northern Europe
Poland,Ukraine,POL,UKR,2014,9855945,690.8161,Europe,Europe,Eastern Europe,Eastern Europe
Lithuania,Croatia,LTU,HRV,2016,37611,1189.612,Europe,Europe,Northern Europe,Southern Europe
Netherlands,Poland,NLD,POL,2012,354705,1093.599,Europe,Europe,Western Europe,Eastern Europe
France,Bosnia and Herzegovina,FRA,BIH,2015,11116,1352.463,Europe,Europe,Western Europe,Southern Europe
Bosnia and Herzegovina,Macedonia (the former Yugoslav Republic of),BIH,MKD,2016,14329,322.8538,Europe,Europe,Southern Europe,Southern Europe
Ukraine,Italy,UKR,ITA,2016,298339,1674.773,Europe,Europe,Eastern Europe,Southern Europe
Switzerland,Hungary,CHE,HUN,2011,211507,879.3594,Europe,Europe,Western Europe,Eastern Europe
Croatia,Malta,HRV,MLT,2016,6208,1108.396,Europe,Europe,Southern Europe,Southern Europe
Hungary,Portugal,HUN,PRT,2012,42907,2471.427,Europe,Europe,Eastern Europe,Southern Europe
Bulgaria,Norway,BGR,NOR,2015,88225,2101.033,Europe,Europe,Eastern Europe,Northern Europe
Ireland,Italy,IRL,ITA,2014,702454,1887.733,Europe,Europe,Northern Europe,Southern Europe
Czechia,Romania,CZE,ROU,2016,152384,,Europe,Europe,Eastern Europe,Eastern Europe
Sweden,Hungary,SWE,HUN,2011,204533,1318.564,Europe,Europe,Northern Europe,Eastern Europe
Iceland,Czechia,ISL,CZE,2011,1087,2640.109,Europe,Europe,Northern Europe,Eastern Europe
Bosnia and Herzegovina,Czechia,BIH,CZE,2016,2546,757.0533,Europe,Europe,Southern Europe,Eastern Europe
France,Spain,FRA,ESP,2011,13862737,1054.656,Europe,Europe,Western Europe,Southern Europe
Spain,France,ESP,FRA,2013,14937520,1054.656,Europe,Europe,Southern Europe,Western Europe
Belarus,Lithuania,BLR,LTU,2012,118725,169.5256,Europe,Europe,Eastern Europe,Northern Europe
Poland,Macedonia (the former Yugoslav Republic of),POL,MKD,2016,3811,1141.357,Europe,Europe,Eastern Europe,Southern Europe
San Marino,Gibraltar,SMR,GIB,2015,,1746.044,Europe,Europe,Southern Europe,Southern Europe
Italy,Netherlands,ITA,NLD,2012,2145135,1297.695,Europe,Europe,Southern Europe,Western Europe
Lithuania,Romania,LTU,ROU,2012,14021,,Europe,Europe,Northern Europe,Eastern Europe
Bosnia and Herzegovina,France,BIH,FRA,2014,11836,1352.463,Europe,Europe,Southern Europe,Western Europe
Latvia,Luxembourg,LVA,LUX,2013,1826,1440.968,Europe,Europe,Northern Europe,Western Europe
Greece,Slovakia,GRC,SVK,2013,50846,1249.986,Europe,Europe,Southern Europe,Eastern Europe
Romania,Sweden,ROU,SWE,2015,66332,,Europe,Europe,Eastern Europe,Northern Europe
Bosnia and Herzegovina,Germany,BIH,DEU,2016,178928,1202.42,Europe,Europe,Southern Europe,Western Europe
Andorra,Moldova (Republic of),AND,MDA,2016,,2205.669,Europe,Europe,Southern Europe,Eastern Europe
Malta,Finland,MLT,FIN,2016,23567,2799.607,Europe,Europe,Southern Europe,Northern Europe
Gibraltar,Sweden,GIB,SWE,2014,47,3086.185,Europe,Europe,Southern Europe,Northern Europe
Bosnia and Herzegovina,Lithuania,BIH,LTU,2012,218,1302.017,Europe,Europe,Southern Europe,Northern Europe
Poland,Austria,POL,AUT,2012,722870,556.8245,Europe,Europe,Eastern Europe,Western Europe
Romania,Estonia,ROU,EST,2011,6276,,Europe,Europe,Eastern Europe,Northern Europe
Russian Federation,Italy,RUS,ITA,2016,1192956,2383.171,Europe,Europe,Eastern Europe,Southern Europe
Moldova (Republic of),Spain,MDA,ESP,2013,10241,2697.714,Europe,Europe,Eastern Europe,Southern Europe
Switzerland,Sweden,CHE,SWE,2013,348743,1546.508,Europe,Europe,Western Europe,Northern Europe
Norway,Netherlands,NOR,NLD,2012,636846,916.1565,Europe,Europe,Northern Europe,Western Europe
Macedonia (the former Yugoslav Republic of),Belgium,MKD,BEL,2011,11478,1634.022,Europe,Europe,Southern Europe,Western Europe
San Marino,Greece,SMR,GRC,2015,,1152.089,Europe,Europe,Southern Europe,Southern Europe
Lithuania,Bosnia and Herzegovina,LTU,BIH,2016,377,1302.017,Europe,Europe,Northern Europe,Southern Europe
Romania,Ukraine,ROU,UKR,2011,1383627,,Europe,Europe,Eastern Europe,Eastern Europe
Czechia,Finland,CZE,FIN,2013,103200,1300.095,Europe,Europe,Eastern Europe,Northern Europe
Greece,Macedonia (the former Yugoslav Republic of),GRC,MKD,2011,337,485.2823,Europe,Europe,Southern Europe,Southern Europe
Estonia,Switzerland,EST,CHE,2011,16216,1794.213,Europe,Europe,Northern Europe,Western Europe
Greece,Luxembourg,GRC,LUX,2013,25883,1904.941,Europe,Europe,Southern Europe,Western Europe
Luxembourg,Austria,LUX,AUT,2013,69124,762.4356,Europe,Europe,Western Europe,Western Europe
Andorra,United Kingdom of Great Britain and Northern Ireland,AND,GBR,2015,0,1009.577,Europe,Europe,Southern Europe,Northern Europe
Bulgaria,Spain,BGR,ESP,2012,190886,2254.799,Europe,Europe,Eastern Europe,Southern Europe
Slovenia,Andorra,SVN,AND,2011,,1107.667,Europe,Europe,Southern Europe,Southern Europe
Slovakia,Switzerland,SVK,CHE,2015,4515,742.9638,Europe,Europe,Eastern Europe,Western Europe
Denmark,Slovakia,DNK,SVK,2014,2806,891.5908,Europe,Europe,Northern Europe,Eastern Europe
Iceland,Italy,ISL,ITA,2014,22018,3307.978,Europe,Europe,Northern Europe,Southern Europe
Finland,Slovakia,FIN,SVK,2016,726,1424.061,Europe,Europe,Northern Europe,Eastern Europe
Netherlands,Switzerland,NLD,CHE,2011,757480,628.025,Europe,Europe,Western Europe,Western Europe
Andorra,Slovenia,AND,SVN,2011,,1107.667,Europe,Europe,Southern Europe,Southern Europe
Finland,Malta,FIN,MLT,2016,22778,2799.607,Europe,Europe,Northern Europe,Southern Europe
Ukraine,France,UKR,FRA,2014,125044,2025.144,Europe,Europe,Eastern Europe,Western Europe
Hungary,Belarus,HUN,BLR,2012,2088,923.2194,Europe,Europe,Eastern Europe,Eastern Europe
Greece,Slovakia,GRC,SVK,2016,143724,1249.986,Europe,Europe,Southern Europe,Eastern Europe
Italy,Malta,ITA,MLT,2013,548977,688.7803,Europe,Europe,Southern Europe,Southern Europe
Ireland,Netherlands,IRL,NLD,2015,543693,756.7269,Europe,Europe,Northern Europe,Western Europe
Czechia,Malta,CZE,MLT,2015,15604,1580.469,Europe,Europe,Eastern Europe,Southern Europe
Macedonia (the former Yugoslav Republic of),Ukraine,MKD,UKR,2013,7050,1165.076,Europe,Europe,Southern Europe,Eastern Europe
Estonia,Slovakia,EST,SVK,2016,8036,1345.682,Europe,Europe,Northern Europe,Eastern Europe
Italy,San Marino,ITA,SMR,2012,,230.0196,Europe,Europe,Southern Europe,Southern Europe
Germany,Slovenia,DEU,SVN,2015,373367,814.8665,Europe,Europe,Western Europe,Southern Europe
Romania,Bulgaria,ROU,BGR,2013,2601167,,Europe,Europe,Eastern Europe,Eastern Europe
Spain,Switzerland,ESP,CHE,2012,2795171,1153.117,Europe,Europe,Southern Europe,Western Europe
Netherlands,Spain,NLD,ESP,2015,3829271,1481.366,Europe,Europe,Western Europe,Southern Europe
Finland,Poland,FIN,POL,2015,194205,911.2882,Europe,Europe,Northern Europe,Eastern Europe
Ukraine,Moldova (Republic of),UKR,MDA,2016,24882,399.4606,Europe,Europe,Eastern Europe,Eastern Europe
Hungary,Finland,HUN,FIN,2015,133367,1457.984,Europe,Europe,Eastern Europe,Northern Europe
Romania,Netherlands,ROU,NLD,2013,99396,,Europe,Europe,Eastern Europe,Western Europe
Belarus,Italy,BLR,ITA,2016,53207,1732.921,Europe,Europe,Eastern Europe,Southern Europe
Estonia,Germany,EST,DEU,2012,165953,1421.076,Europe,Europe,Northern Europe,Western Europe
Sweden,Spain,SWE,ESP,2013,1913846,2596.908,Europe,Europe,Northern Europe,Southern Europe
Macedonia (the former Yugoslav Republic of),Malta,MKD,MLT,2016,1041,905.4888,Europe,Europe,Southern Europe,Southern Europe
Russian Federation,Spain,RUS,ESP,2011,1149069,3449.3,Europe,Europe,Eastern Europe,Southern Europe
Austria,Slovenia,AUT,SVN,2015,424236,277.8844,Europe,Europe,Western Europe,Southern Europe
Moldova (Republic of),Romania,MDA,ROU,2012,1122054,,Europe,Europe,Eastern Europe,Eastern Europe
Ukraine,Albania,UKR,ALB,2011,2986,1303.97,Europe,Europe,Eastern Europe,Southern Europe
Spain,Iceland,ESP,ISL,2016,150323,2894.701,Europe,Europe,Southern Europe,Northern Europe
Croatia,Macedonia (the former Yugoslav Republic of),HRV,MKD,2011,39234,610.8091,Europe,Europe,Southern Europe,Southern Europe
Malta,Hungary,MLT,HUN,2012,10606,1343.903,Europe,Europe,Southern Europe,Eastern Europe
Bosnia and Herzegovina,Hungary,BIH,HUN,2011,5229,407.2162,Europe,Europe,Southern Europe,Eastern Europe
Hungary,Croatia,HUN,HRV,2011,382106,302.1079,Europe,Europe,Eastern Europe,Southern Europe
Belgium,Poland,BEL,POL,2012,323882,1160.644,Europe,Europe,Western Europe,Eastern Europe
Russian Federation,Hungary,RUS,HUN,2014,204684,1574.19,Europe,Europe,Eastern Europe,Eastern Europe
Finland,Slovenia,FIN,SVN,2016,24869,1710.822,Europe,Europe,Northern Europe,Southern Europe
Moldova (Republic of),Denmark,MDA,DNK,2011,1950,1479.282,Europe,Europe,Eastern Europe,Northern Europe
Poland,Switzerland,POL,CHE,2011,171173,1139.992,Europe,Europe,Eastern Europe,Western Europe
Malta,Belgium,MLT,BEL,2014,57969,1851.035,Europe,Europe,Southern Europe,Western Europe
Belarus,Denmark,BLR,DNK,2016,3508,977.0479,Europe,Europe,Eastern Europe,Northern Europe
Spain,Slovakia,ESP,SVK,2014,68096,1865.664,Europe,Europe,Southern Europe,Eastern Europe
Ukraine,Lithuania,UKR,LTU,2013,111686,590.0546,Europe,Europe,Eastern Europe,Northern Europe
Bulgaria,Norway,BGR,NOR,2016,91252,2101.033,Europe,Europe,Eastern Europe,Northern Europe
Latvia,Bosnia and Herzegovina,LVA,BIH,2014,490,1509.34,Europe,Europe,Northern Europe,Southern Europe
Gibraltar,Ukraine,GIB,UKR,2012,1238,3267.28,Europe,Europe,Southern Europe,Eastern Europe
Croatia,Portugal,HRV,PRT,2011,19104,2200.561,Europe,Europe,Southern Europe,Southern Europe
Gibraltar,Malta,GIB,MLT,2014,135,1787.032,Europe,Europe,Southern Europe,Southern Europe
Luxembourg,Slovenia,LUX,SVN,2015,3310,736.8185,Europe,Europe,Western Europe,Southern Europe
Andorra,Macedonia (the former Yugoslav Republic of),AND,MKD,2016,,1642.107,Europe,Europe,Southern Europe,Southern Europe
Slovakia,Belgium,SVK,BEL,2016,66868,971.336,Europe,Europe,Eastern Europe,Western Europe
Slovenia,Greece,SVN,GRC,2011,38015,1176.784,Europe,Europe,Southern Europe,Southern Europe
Slovakia,Ukraine,SVK,UKR,2016,463358,998.2211,Europe,Europe,Eastern Europe,Eastern Europe
Macedonia (the former Yugoslav Republic of),Slovenia,MKD,SVN,2011,28589,717.5879,Europe,Europe,Southern Europe,Southern Europe
Romania,Lithuania,ROU,LTU,2011,12963,,Europe,Europe,Eastern Europe,Northern Europe
Russian Federation,San Marino,RUS,SMR,2012,176753,2215.114,Europe,Europe,Eastern Europe,Southern Europe
Luxembourg,Slovakia,LUX,SVK,2011,1355,821.1423,Europe,Europe,Western Europe,Eastern Europe
Andorra,Gibraltar,AND,GIB,2015,,921.2926,Europe,Europe,Southern Europe,Southern Europe
Italy,Greece,ITA,GRC,2013,1343726,1050.411,Europe,Europe,Southern Europe,Southern Europe
Netherlands,Bosnia and Herzegovina,NLD,BIH,2016,32081,1375.387,Europe,Europe,Western Europe,Southern Europe
Spain,United Kingdom of Great Britain and Northern Ireland,ESP,GBR,2013,19653344,1263.379,Europe,Europe,Southern Europe,Northern Europe
Ukraine,Portugal,UKR,PRT,2016,36322,3351.661,Europe,Europe,Eastern Europe,Southern Europe
Macedonia (the former Yugoslav Republic of),Iceland,MKD,ISL,2011,31,3686.858,Europe,Europe,Southern Europe,Northern Europe
Moldova (Republic of),Poland,MDA,POL,2014,30430,811.762,Europe,Europe,Eastern Europe,Eastern Europe
United Kingdom of Great Britain and Northern Ireland,Norway,GBR,NOR,2012,1537330,1157.104,Europe,Europe,Northern Europe,Northern Europe
Albania,Macedonia (the former Yugoslav Republic of),ALB,MKD,2014,532020,155.9628,Europe,Europe,Southern Europe,Southern Europe
Andorra,Belgium,AND,BEL,2012,,952.5,Europe,Europe,Southern Europe,Western Europe
Luxembourg,Austria,LUX,AUT,2014,72079,762.4356,Europe,Europe,Western Europe,Western Europe
Slovenia,Estonia,SVN,EST,2011,3860,1634.182,Europe,Europe,Southern Europe,Northern Europe
Netherlands,Austria,NLD,AUT,2015,494857,934.7828,Europe,Europe,Western Europe,Western Europe
Bosnia and Herzegovina,Switzerland,BIH,CHE,2015,59343,924.4724,Europe,Europe,Southern Europe,Western Europe
Denmark,Netherlands,DNK,NLD,2016,635161,622.9741,Europe,Europe,Northern Europe,Western Europe
Greece,Denmark,GRC,DNK,2016,254665,2135.535,Europe,Europe,Southern Europe,Northern Europe
Macedonia (the former Yugoslav Republic of),Gibraltar,MKD,GIB,2015,,2396.474,Europe,Europe,Southern Europe,Southern Europe
Latvia,Belarus,LVA,BLR,2012,169612,406.3581,Europe,Europe,Northern Europe,Eastern Europe
Lithuania,Netherlands,LTU,NLD,2012,60874,1370.703,Europe,Europe,Northern Europe,Western Europe
Belarus,Poland,BLR,POL,2015,3611927,469.7038,Europe,Europe,Eastern Europe,Eastern Europe
Slovakia,Czechia,SVK,CZE,2015,1087916,293.086,Europe,Europe,Eastern Europe,Eastern Europe
Norway,Denmark,NOR,DNK,2012,1870884,485.3148,Europe,Europe,Northern Europe,Northern Europe
Croatia,Russian Federation,HRV,RUS,2016,117419,1875.36,Europe,Europe,Southern Europe,Eastern Europe
Spain,Croatia,ESP,HRV,2012,112646,1702.46,Europe,Europe,Southern Europe,Southern Europe
Belarus,Croatia,BLR,HRV,2013,7543,1217.08,Europe,Europe,Eastern Europe,Southern Europe
Germany,Portugal,DEU,PRT,2011,1485334,1892.032,Europe,Europe,Western Europe,Southern Europe
Germany,Sweden,DEU,SWE,2012,2618323,1118.929,Europe,Europe,Western Europe,Northern Europe
Russian Federation,Sweden,RUS,SWE,2013,567985,1232.383,Europe,Europe,Eastern Europe,Northern Europe
Poland,Sweden,POL,SWE,2016,974329,809.0182,Europe,Europe,Eastern Europe,Northern Europe
Netherlands,Sweden,NLD,SWE,2011,480309,1128.93,Europe,Europe,Western Europe,Northern Europe
Malta,Macedonia (the former Yugoslav Republic of),MLT,MKD,2015,1407,905.4888,Europe,Europe,Southern Europe,Southern Europe
Slovakia,Sweden,SVK,SWE,2016,1373,1244.273,Europe,Europe,Eastern Europe,Northern Europe
Russian Federation,Sweden,RUS,SWE,2012,581572,1232.383,Europe,Europe,Eastern Europe,Northern Europe
United Kingdom of Great Britain and Northern Ireland,Poland,GBR,POL,2011,3175237,1451.644,Europe,Europe,Northern Europe,Eastern Europe
Austria,United Kingdom of Great Britain and Northern Ireland,AUT,GBR,2016,1376798,1238.199,Europe,Europe,Western Europe,Northern Europe
Ireland,Sweden,IRL,SWE,2012,115640,1631.147,Europe,Europe,Northern Europe,Northern Europe
San Marino,Sweden,SMR,SWE,2014,,1753.689,Europe,Europe,Southern Europe,Northern Europe
Luxembourg,Sweden,LUX,SWE,2012,14912,1325.934,Europe,Europe,Western Europe,Northern Europe
Croatia,Sweden,HRV,SWE,2012,104493,1512.846,Europe,Europe,Southern Europe,Northern Europe
Moldova (Republic of),Bosnia and Herzegovina,MDA,BIH,2014,288,883.0676,Europe,Europe,Eastern Europe,Southern Europe
Switzerland,Belarus,CHE,BLR,2014,18238,1609.652,Europe,Europe,Western Europe,Eastern Europe
Belgium,Czechia,BEL,CZE,2014,152691,718.4293,Europe,Europe,Western Europe,Eastern Europe
Germany,Sweden,DEU,SWE,2013,2368884,1118.929,Europe,Europe,Western Europe,Northern Europe
Switzerland,Sweden,CHE,SWE,2014,378623,1546.508,Europe,Europe,Western Europe,Northern Europe
Spain,Belgium,ESP,BEL,2011,2863941,1316.64,Europe,Europe,Southern Europe,Western Europe
Lithuania,Ukraine,LTU,UKR,2014,76255,590.0546,Europe,Europe,Northern Europe,Eastern Europe
Ukraine,Austria,UKR,AUT,2012,132752,1052.484,Europe,Europe,Eastern Europe,Western Europe
Ukraine,Germany,UKR,DEU,2016,413508,1646.271,Europe,Europe,Eastern Europe,Western Europe
Belgium,Andorra,BEL,AND,2011,,952.5,Europe,Europe,Western Europe,Southern Europe
Macedonia (the former Yugoslav Republic of),Sweden,MKD,SWE,2014,106408,1943.276,Europe,Europe,Southern Europe,Northern Europe
Croatia,Sweden,HRV,SWE,2015,159547,1512.846,Europe,Europe,Southern Europe,Northern Europe
Bosnia and Herzegovina,Malta,BIH,MLT,2013,285,946.8785,Europe,Europe,Southern Europe,Southern Europe
Greece,Sweden,GRC,SWE,2013,140639,2408.377,Europe,Europe,Southern Europe,Northern Europe
Bulgaria,Sweden,BGR,SWE,2016,53601,1889.219,Europe,Europe,Eastern Europe,Northern Europe
Bosnia and Herzegovina,Portugal,BIH,PRT,2011,1025,2362.739,Europe,Europe,Southern Europe,Southern Europe
Finland,Sweden,FIN,SWE,2012,4593586,397.8922,Europe,Europe,Northern Europe,Northern Europe
Bulgaria,Sweden,BGR,SWE,2014,34125,1889.219,Europe,Europe,Eastern Europe,Northern Europe
Russian Federation,France,RUS,FRA,2012,900821,2494.316,Europe,Europe,Eastern Europe,Western Europe
Luxembourg,Sweden,LUX,SWE,2015,30046,1325.934,Europe,Europe,Western Europe,Northern Europe
Czechia,Sweden,CZE,SWE,2015,177025,1053.71,Europe,Europe,Eastern Europe,Northern Europe
France,Sweden,FRA,SWE,2011,934483,1545.797,Europe,Europe,Western Europe,Northern Europe
Bulgaria,Sweden,BGR,SWE,2015,44748,1889.219,Europe,Europe,Eastern Europe,Northern Europe
Spain,France,ESP,FRA,2012,15044375,1054.656,Europe,Europe,Southern Europe,Western Europe
Portugal,Sweden,PRT,SWE,2013,115224,2990.966,Europe,Europe,Southern Europe,Northern Europe
Gibraltar,Sweden,GIB,SWE,2011,53,3086.185,Europe,Europe,Southern Europe,Northern Europe
Iceland,Sweden,ISL,SWE,2011,64022,2138.135,Europe,Europe,Northern Europe,Northern Europe
Germany,France,DEU,FRA,2011,13413449,439.8984,Europe,Europe,Western Europe,Western Europe
Austria,Estonia,AUT,EST,2013,27094,1360.358,Europe,Europe,Western Europe,Northern Europe
Bulgaria,Andorra,BGR,AND,2012,,1781.612,Europe,Europe,Eastern Europe,Southern Europe
Switzerland,Austria,CHE,AUT,2013,780046,684.8875,Europe,Europe,Western Europe,Western Europe
Malta,Sweden,MLT,SWE,2015,68447,2620.794,Europe,Europe,Southern Europe,Northern Europe
United Kingdom of Great Britain and Northern Ireland,Sweden,GBR,SWE,2011,1834713,1437.571,Europe,Europe,Northern Europe,Northern Europe
Netherlands,Sweden,NLD,SWE,2015,409876,1128.93,Europe,Europe,Western Europe,Northern Europe
Iceland,Sweden,ISL,SWE,2015,96761,2138.135,Europe,Europe,Northern Europe,Northern Europe
Moldova (Republic of),Sweden,MDA,SWE,2015,5212,1544.391,Europe,Europe,Eastern Europe,Northern Europe
Croatia,Sweden,HRV,SWE,2014,138552,1512.846,Europe,Europe,Southern Europe,Northern Europe
Lithuania,Sweden,LTU,SWE,2013,54737,677.4822,Europe,Europe,Northern Europe,Northern Europe
Latvia,Sweden,LVA,SWE,2012,516597,441.6495,Europe,Europe,Northern Europe,Northern Europe
Bosnia and Herzegovina,Albania,BIH,ALB,2013,17162,303.8697,Europe,Europe,Southern Europe,Southern Europe
Austria,Ukraine,AUT,UKR,2013,144197,1052.484,Europe,Europe,Western Europe,Eastern Europe
Austria,Sweden,AUT,SWE,2011,187045,1242.31,Europe,Europe,Western Europe,Northern Europe
Netherlands,Romania,NLD,ROU,2016,158583,,Europe,Europe,Western Europe,Eastern Europe
Croatia,Poland,HRV,POL,2016,777523,805.9365,Europe,Europe,Southern Europe,Eastern Europe
Sweden,Norway,SWE,NOR,2013,5226035,417.5658,Europe,Europe,Northern Europe,Northern Europe
Bosnia and Herzegovina,Sweden,BIH,SWE,2013,49275,1721.592,Europe,Europe,Southern Europe,Northern Europe
Norway,Lithuania,NOR,LTU,2016,246626,1048.369,Europe,Europe,Northern Europe,Northern Europe
Germany,Sweden,DEU,SWE,2015,1383211,1118.929,Europe,Europe,Western Europe,Northern Europe
Norway,Ireland,NOR,IRL,2016,81945,1267.015,Europe,Europe,Northern Europe,Northern Europe
Slovenia,Sweden,SVN,SWE,2013,5873,1495.673,Europe,Europe,Southern Europe,Northern Europe
Moldova (Republic of),Ukraine,MDA,UKR,2015,4395313,399.4606,Europe,Europe,Eastern Europe,Eastern Europe
Netherlands,Denmark,NLD,DNK,2015,573487,622.9741,Europe,Europe,Western Europe,Northern Europe
Latvia,Sweden,LVA,SWE,2011,459055,441.6495,Europe,Europe,Northern Europe,Northern Europe
Belarus,Sweden,BLR,SWE,2015,12376,838.4113,Europe,Europe,Eastern Europe,Northern Europe
Hungary,Sweden,HUN,SWE,2015,277189,1318.564,Europe,Europe,Eastern Europe,Northern Europe
United Kingdom of Great Britain and Northern Ireland,Slovenia,GBR,SVN,2016,160906,1230.756,Europe,Europe,Northern Europe,Southern Europe
Slovakia,Slovenia,SVK,SVN,2011,32621,308.8653,Europe,Europe,Eastern Europe,Southern Europe
France,Slovenia,FRA,SVN,2014,46976,965.7366,Europe,Europe,Western Europe,Southern Europe
Denmark,Slovenia,DNK,SVN,2016,16338,1076.812,Europe,Europe,Northern Europe,Southern Europe
Czechia,Slovenia,CZE,SVN,2011,84862,448.934,Europe,Europe,Eastern Europe,Southern Europe
Belgium,Andorra,BEL,AND,2013,,952.5,Europe,Europe,Western Europe,Southern Europe
Belgium,Slovenia,BEL,SVN,2013,63772,916.7943,Europe,Europe,Western Europe,Southern Europe
Lithuania,Spain,LTU,ESP,2014,128254,2666.384,Europe,Europe,Northern Europe,Southern Europe
Iceland,Slovenia,ISL,SVN,2011,275,2999.913,Europe,Europe,Northern Europe,Southern Europe
Hungary,Ireland,HUN,IRL,2014,126339,1895.995,Europe,Europe,Eastern Europe,Northern Europe
Switzerland,Macedonia (the former Yugoslav Republic of),CHE,MKD,2014,122608,1240.798,Europe,Europe,Western Europe,Southern Europe
San Marino,Slovenia,SMR,SVN,2013,,283.7302,Europe,Europe,Southern Europe,Southern Europe
Poland,Spain,POL,ESP,2016,1062250,2293.005,Europe,Europe,Eastern Europe,Southern Europe
United Kingdom of Great Britain and Northern Ireland,Netherlands,GBR,NLD,2015,5936183,360.315,Europe,Europe,Northern Europe,Western Europe
Estonia,Slovenia,EST,SVN,2014,4746,1634.182,Europe,Europe,Northern Europe,Southern Europe
Bosnia and Herzegovina,Luxembourg,BIH,LUX,2011,581,1131.459,Europe,Europe,Southern Europe,Western Europe
Czechia,Luxembourg,CZE,LUX,2015,9844,596.739,Europe,Europe,Eastern Europe,Western Europe
Lithuania,Czechia,LTU,CZE,2014,57189,896.5842,Europe,Europe,Northern Europe,Eastern Europe
Gibraltar,Ireland,GIB,IRL,2012,21,1915.628,Europe,Europe,Southern Europe,Northern Europe
Germany,Slovenia,DEU,SVN,2014,337414,814.8665,Europe,Europe,Western Europe,Southern Europe
Czechia,Slovenia,CZE,SVN,2015,114978,448.934,Europe,Europe,Eastern Europe,Southern Europe
Russian Federation,Latvia,RUS,LVA,2011,1021171,847.8519,Europe,Europe,Eastern Europe,Northern Europe
Denmark,Iceland,DNK,ISL,2014,201892,2111.384,Europe,Europe,Northern Europe,Northern Europe
United Kingdom of Great Britain and Northern Ireland,Luxembourg,GBR,LUX,2012,235003,494.0174,Europe,Europe,Northern Europe,Western Europe
United Kingdom of Great Britain and Northern Ireland,Slovenia,GBR,SVN,2011,104995,1230.756,Europe,Europe,Northern Europe,Southern Europe
Portugal,Slovenia,PRT,SVN,2016,6322,2096.808,Europe,Europe,Southern Europe,Southern Europe
Moldova (Republic of),Slovenia,MDA,SVN,2011,380,1100.799,Europe,Europe,Eastern Europe,Southern Europe
Malta,Moldova (Republic of),MLT,MDA,2016,506,1712.083,Europe,Europe,Southern Europe,Eastern Europe
France,Slovenia,FRA,SVN,2015,51635,965.7366,Europe,Europe,Western Europe,Southern Europe
Moldova (Republic of),Czechia,MDA,CZE,2011,2896,1113.54,Europe,Europe,Eastern Europe,Eastern Europe
Portugal,Slovenia,PRT,SVN,2013,3342,2096.808,Europe,Europe,Southern Europe,Southern Europe
Hungary,Denmark,HUN,DNK,2012,97152,1011.98,Europe,Europe,Eastern Europe,Northern Europe
Hungary,Croatia,HUN,HRV,2012,355912,302.1079,Europe,Europe,Eastern Europe,Southern Europe
Portugal,Slovenia,PRT,SVN,2015,5322,2096.808,Europe,Europe,Southern Europe,Southern Europe
United Kingdom of Great Britain and Northern Ireland,Slovakia,GBR,SVK,2012,336245,1294.938,Europe,Europe,Northern Europe,Eastern Europe
Latvia,Slovenia,LVA,SVN,2016,2105,1378.849,Europe,Europe,Northern Europe,Southern Europe
Croatia,Slovenia,HRV,SVN,2015,1328486,117.3451,Europe,Europe,Southern Europe,Southern Europe
Luxembourg,Slovenia,LUX,SVN,2012,2790,736.8185,Europe,Europe,Western Europe,Southern Europe
France,Austria,FRA,AUT,2016,1203128,1035.144,Europe,Europe,Western Europe,Western Europe
Macedonia (the former Yugoslav Republic of),Slovenia,MKD,SVN,2012,26259,717.5879,Europe,Europe,Southern Europe,Southern Europe
Bosnia and Herzegovina,Slovenia,BIH,SVN,2016,93685,394.7473,Europe,Europe,Southern Europe,Southern Europe
United Kingdom of Great Britain and Northern Ireland,Slovenia,GBR,SVN,2015,145976,1230.756,Europe,Europe,Northern Europe,Southern Europe
France,Norway,FRA,NOR,2015,543471,1342.89,Europe,Europe,Western Europe,Northern Europe
Czechia,Slovenia,CZE,SVN,2016,129279,448.934,Europe,Europe,Eastern Europe,Southern Europe
Poland,France,POL,FRA,2012,645634,1368.178,Europe,Europe,Eastern Europe,Western Europe
Norway,Slovenia,NOR,SVN,2015,14911,1561.207,Europe,Europe,Northern Europe,Southern Europe
Greece,Slovenia,GRC,SVN,2015,31947,1176.784,Europe,Europe,Southern Europe,Southern Europe
Bulgaria,Slovenia,BGR,SVN,2014,48545,795.2473,Europe,Europe,Eastern Europe,Southern Europe
Finland,Slovenia,FIN,SVN,2015,21968,1710.822,Europe,Europe,Northern Europe,Southern Europe
Germany,Poland,DEU,POL,2013,29714468,965.9211,Europe,Europe,Western Europe,Eastern Europe
Romania,Netherlands,ROU,NLD,2011,72336,,Europe,Europe,Eastern Europe,Western Europe
Ukraine,Slovenia,UKR,SVN,2012,39927,1277.754,Europe,Europe,Eastern Europe,Southern Europe
Iceland,Albania,ISL,ALB,2011,27,3675.061,Europe,Europe,Northern Europe,Southern Europe
Netherlands,Slovenia,NLD,SVN,2016,27156,986.5178,Europe,Europe,Western Europe,Southern Europe
Andorra,Slovenia,AND,SVN,2016,,1107.667,Europe,Europe,Southern Europe,Southern Europe
Iceland,Romania,ISL,ROU,2013,660,,Europe,Europe,Northern Europe,Eastern Europe
Ukraine,France,UKR,FRA,2015,109453,2025.144,Europe,Europe,Eastern Europe,Western Europe
Denmark,Spain,DNK,ESP,2015,1556588,2074.977,Europe,Europe,Northern Europe,Southern Europe
Andorra,Slovenia,AND,SVN,2012,,1107.667,Europe,Europe,Southern Europe,Southern Europe
Ukraine,Slovenia,UKR,SVN,2013,37078,1277.754,Europe,Europe,Eastern Europe,Southern Europe
France,Slovenia,FRA,SVN,2012,42451,965.7366,Europe,Europe,Western Europe,Southern Europe
France,Slovenia,FRA,SVN,2013,43826,965.7366,Europe,Europe,Western Europe,Southern Europe
Slovakia,Slovenia,SVK,SVN,2016,54746,308.8653,Europe,Europe,Eastern Europe,Southern Europe
Bosnia and Herzegovina,Slovenia,BIH,SVN,2012,70321,394.7473,Europe,Europe,Southern Europe,Southern Europe
Bulgaria,Netherlands,BGR,NLD,2016,107021,1745.082,Europe,Europe,Eastern Europe,Western Europe
Lithuania,Slovenia,LTU,SVN,2015,6944,1225.651,Europe,Europe,Northern Europe,Southern Europe
Bulgaria,Slovenia,BGR,SVN,2015,52923,795.2473,Europe,Europe,Eastern Europe,Southern Europe
Russian Federation,Slovenia,RUS,SVN,2013,70872,1937.979,Europe,Europe,Eastern Europe,Southern Europe
Finland,Slovenia,FIN,SVN,2012,16816,1710.822,Europe,Europe,Northern Europe,Southern Europe
Italy,France,ITA,FRA,2014,12716877,1109.901,Europe,Europe,Southern Europe,Western Europe
Denmark,Slovenia,DNK,SVN,2015,15243,1076.812,Europe,Europe,Northern Europe,Southern Europe
San Marino,Spain,SMR,ESP,2012,,1390.619,Europe,Europe,Southern Europe,Southern Europe
Germany,Slovenia,DEU,SVN,2013,322584,814.8665,Europe,Europe,Western Europe,Southern Europe
Russian Federation,Croatia,RUS,HRV,2012,212298,1875.36,Europe,Europe,Eastern Europe,Southern Europe
Czechia,Portugal,CZE,PRT,2012,47799,2245.294,Europe,Europe,Eastern Europe,Southern Europe
Malta,Slovenia,MLT,SVN,2015,10589,1131.545,Europe,Europe,Southern Europe,Southern Europe
Austria,Slovenia,AUT,SVN,2014,402478,277.8844,Europe,Europe,Western Europe,Southern Europe
France,Croatia,FRA,HRV,2013,231945,1081.762,Europe,Europe,Western Europe,Southern Europe
Denmark,Slovenia,DNK,SVN,2012,16526,1076.812,Europe,Europe,Northern Europe,Southern Europe
Belarus,Slovakia,BLR,SVK,2014,20503,959.4427,Europe,Europe,Eastern Europe,Eastern Europe
San Marino,Denmark,SMR,DNK,2014,,1304.072,Europe,Europe,Southern Europe,Northern Europe
Spain,Slovakia,ESP,SVK,2012,72370,1865.664,Europe,Europe,Southern Europe,Eastern Europe
Finland,Slovakia,FIN,SVK,2015,436,1424.061,Europe,Europe,Northern Europe,Eastern Europe
Hungary,Poland,HUN,POL,2014,893000,546.806,Europe,Europe,Eastern Europe,Eastern Europe
Bulgaria,Austria,BGR,AUT,2011,250430,820.7289,Europe,Europe,Eastern Europe,Western Europe
Slovenia,Slovakia,SVN,SVK,2012,35403,308.8653,Europe,Europe,Southern Europe,Eastern Europe
France,Malta,FRA,MLT,2015,189784,1752.693,Europe,Europe,Western Europe,Southern Europe
United Kingdom of Great Britain and Northern Ireland,Slovakia,GBR,SVK,2016,523532,1294.938,Europe,Europe,Northern Europe,Eastern Europe
San Marino,Malta,SMR,MLT,2011,,912.6896,Europe,Europe,Southern Europe,Southern Europe
Gibraltar,Portugal,GIB,PRT,2012,29,442.1214,Europe,Europe,Southern Europe,Southern Europe
Switzerland,San Marino,CHE,SMR,2011,,516.8909,Europe,Europe,Western Europe,Southern Europe
Albania,Slovakia,ALB,SVK,2014,12342,788.7294,Europe,Europe,Southern Europe,Eastern Europe
Spain,Andorra,ESP,AND,2012,2,492.9274,Europe,Europe,Southern Europe,Southern Europe
Netherlands,Estonia,NLD,EST,2011,27086,1459.083,Europe,Europe,Western Europe,Northern Europe
Romania,Lithuania,ROU,LTU,2015,21424,,Europe,Europe,Eastern Europe,Northern Europe
Portugal,Bosnia and Herzegovina,PRT,BIH,2016,1431,2362.739,Europe,Europe,Southern Europe,Southern Europe
Denmark,Finland,DNK,FIN,2012,444421,884.6371,Europe,Europe,Northern Europe,Northern Europe
Denmark,Slovakia,DNK,SVK,2015,2537,891.5908,Europe,Europe,Northern Europe,Eastern Europe
Slovakia,Ukraine,SVK,UKR,2012,516032,998.2211,Europe,Europe,Eastern Europe,Eastern Europe
Albania,Slovenia,ALB,SVN,2012,8966,678.3095,Europe,Europe,Southern Europe,Southern Europe
Macedonia (the former Yugoslav Republic of),Slovakia,MKD,SVK,2015,4142,764.715,Europe,Europe,Southern Europe,Eastern Europe
Bosnia and Herzegovina,Andorra,BIH,AND,2014,,1380.175,Europe,Europe,Southern Europe,Southern Europe
France,Slovakia,FRA,SVK,2013,25961,1094.61,Europe,Europe,Western Europe,Eastern Europe
Andorra,Slovakia,AND,SVK,2011,,1374.983,Europe,Europe,Southern Europe,Eastern Europe
Austria,Poland,AUT,POL,2013,736875,556.8245,Europe,Europe,Western Europe,Eastern Europe
Poland,Spain,POL,ESP,2011,846982,2293.005,Europe,Europe,Eastern Europe,Southern Europe
Bulgaria,Croatia,BGR,HRV,2013,68055,680.4865,Europe,Europe,Eastern Europe,Southern Europe
Ireland,Slovakia,IRL,SVK,2015,93867,1736.948,Europe,Europe,Northern Europe,Eastern Europe
France,Belgium,FRA,BEL,2013,5276796,262.3845,Europe,Europe,Western Europe,Western Europe
Poland,Slovakia,POL,SVK,2014,5927250,530.0169,Europe,Europe,Eastern Europe,Eastern Europe
Sweden,Slovakia,SWE,SVK,2013,725,1244.273,Europe,Europe,Northern Europe,Eastern Europe
Lithuania,Gibraltar,LTU,GIB,2014,15,3119.053,Europe,Europe,Northern Europe,Southern Europe
Netherlands,Slovakia,NLD,SVK,2015,2726,987.487,Europe,Europe,Western Europe,Eastern Europe
Netherlands,Slovakia,NLD,SVK,2012,4777,987.487,Europe,Europe,Western Europe,Eastern Europe
Albania,Belarus,ALB,BLR,2014,41,1505.639,Europe,Europe,Southern Europe,Eastern Europe
Malta,San Marino,MLT,SMR,2016,,912.6896,Europe,Europe,Southern Europe,Southern Europe
Albania,Slovakia,ALB,SVK,2011,3241,788.7294,Europe,Europe,Southern Europe,Eastern Europe
Croatia,Slovakia,HRV,SVK,2015,396442,278.7123,Europe,Europe,Southern Europe,Eastern Europe
Bulgaria,Slovakia,BGR,SVK,2016,89471,776.8502,Europe,Europe,Eastern Europe,Eastern Europe
San Marino,Moldova (Republic of),SMR,MDA,2013,,1317.19,Europe,Europe,Southern Europe,Eastern Europe
Slovakia,Bosnia and Herzegovina,SVK,BIH,2012,3594,488.4783,Europe,Europe,Eastern Europe,Southern Europe
Belarus,Slovakia,BLR,SVK,2015,10536,959.4427,Europe,Europe,Eastern Europe,Eastern Europe
Slovenia,Slovakia,SVN,SVK,2011,32621,308.8653,Europe,Europe,Southern Europe,Eastern Europe
Ireland,Luxembourg,IRL,LUX,2011,11754,953.1994,Europe,Europe,Northern Europe,Western Europe
Ireland,Russian Federation,IRL,RUS,2011,21666,2802.315,Europe,Europe,Northern Europe,Eastern Europe
Ukraine,Iceland,UKR,ISL,2015,819,3379.359,Europe,Europe,Eastern Europe,Northern Europe
Latvia,Slovakia,LVA,SVK,2012,300,1083.025,Europe,Europe,Northern Europe,Eastern Europe
Ireland,Switzerland,IRL,CHE,2015,294960,1203.958,Europe,Europe,Northern Europe,Western Europe
Poland,Andorra,POL,AND,2011,0,1817.341,Europe,Europe,Eastern Europe,Southern Europe
Moldova (Republic of),Slovakia,MDA,SVK,2013,670,884.5414,Europe,Europe,Eastern Europe,Eastern Europe
Sweden,Belgium,SWE,BEL,2011,301653,1283.716,Europe,Europe,Northern Europe,Western Europe
Russian Federation,Slovakia,RUS,SVK,2013,82025,1632.621,Europe,Europe,Eastern Europe,Eastern Europe
Croatia,Belarus,HRV,BLR,2014,12858,1217.08,Europe,Europe,Southern Europe,Eastern Europe
Belgium,Slovakia,BEL,SVK,2011,60594,971.336,Europe,Europe,Western Europe,Eastern Europe
Iceland,Netherlands,ISL,NLD,2014,67307,2022.635,Europe,Europe,Northern Europe,Western Europe
San Marino,Slovakia,SMR,SVK,2016,,591.9698,Europe,Europe,Southern Europe,Eastern Europe
Sweden,Norway,SWE,NOR,2016,1313971,417.5658,Europe,Europe,Northern Europe,Northern Europe
Spain,Bosnia and Herzegovina,ESP,BIH,2013,3960,1861.879,Europe,Europe,Southern Europe,Southern Europe
Lithuania,Slovakia,LTU,SVK,2013,18552,918.5131,Europe,Europe,Northern Europe,Eastern Europe
Malta,Slovakia,MLT,SVK,2012,5591,1382.29,Europe,Europe,Southern Europe,Eastern Europe
Greece,Iceland,GRC,ISL,2012,745,4166.699,Europe,Europe,Southern Europe,Northern Europe
Greece,Gibraltar,GRC,GIB,2011,353,2580.711,Europe,Europe,Southern Europe,Southern Europe
Austria,Slovakia,AUT,SVK,2011,207063,59.61723,Europe,Europe,Western Europe,Eastern Europe
Ukraine,Slovakia,UKR,SVK,2014,471343,998.2211,Europe,Europe,Eastern Europe,Eastern Europe
Slovenia,Slovakia,SVN,SVK,2015,44271,308.8653,Europe,Europe,Southern Europe,Eastern Europe
Iceland,Ireland,ISL,IRL,2011,779,1499.031,Europe,Europe,Northern Europe,Northern Europe
Italy,Slovakia,ITA,SVK,2012,544778,789.4631,Europe,Europe,Southern Europe,Eastern Europe
Moldova (Republic of),Albania,MDA,ALB,2013,122,955.9489,Europe,Europe,Eastern Europe,Southern Europe
Slovakia,Belarus,SVK,BLR,2015,10536,959.4427,Europe,Europe,Eastern Europe,Eastern Europe
San Marino,Slovakia,SMR,SVK,2011,,591.9698,Europe,Europe,Southern Europe,Eastern Europe
Bulgaria,Netherlands,BGR,NLD,2014,97146,1745.082,Europe,Europe,Eastern Europe,Western Europe
Germany,Portugal,DEU,PRT,2014,1873151,1892.032,Europe,Europe,Western Europe,Southern Europe
Portugal,Norway,PRT,NOR,2016,116366,2739.748,Europe,Europe,Southern Europe,Northern Europe
Hungary,Spain,HUN,ESP,2015,380357,1977.705,Europe,Europe,Eastern Europe,Southern Europe
Portugal,Croatia,PRT,HRV,2013,17079,2200.561,Europe,Europe,Southern Europe,Southern Europe
Malta,Austria,MLT,AUT,2016,57030,1379.07,Europe,Europe,Southern Europe,Western Europe
France,Luxembourg,FRA,LUX,2014,6750630,289.1023,Europe,Europe,Western Europe,Western Europe
Austria,Moldova (Republic of),AUT,MDA,2013,11431,944.1378,Europe,Europe,Western Europe,Eastern Europe
Portugal,Estonia,PRT,EST,2014,16222,3311.847,Europe,Europe,Southern Europe,Northern Europe
Norway,Austria,NOR,AUT,2015,143277,1351.699,Europe,Europe,Northern Europe,Western Europe
Gibraltar,Spain,GIB,ESP,2012,59,497.6063,Europe,Europe,Southern Europe,Southern Europe
Albania,France,ALB,FRA,2012,22676,1603.534,Europe,Europe,Southern Europe,Western Europe
Hungary,San Marino,HUN,SMR,2015,,644.5287,Europe,Europe,Eastern Europe,Southern Europe
Netherlands,Czechia,NLD,CZE,2015,259369,709.4576,Europe,Europe,Western Europe,Eastern Europe
Gibraltar,Poland,GIB,POL,2016,223,2736.609,Europe,Europe,Southern Europe,Eastern Europe
Bosnia and Herzegovina,Belarus,BIH,BLR,2012,235,1292.046,Europe,Europe,Southern Europe,Eastern Europe
United Kingdom of Great Britain and Northern Ireland,Russian Federation,GBR,RUS,2012,581458,2510.88,Europe,Europe,Northern Europe,Eastern Europe
Netherlands,Lithuania,NLD,LTU,2012,60966,1370.703,Europe,Europe,Western Europe,Northern Europe
Austria,Luxembourg,AUT,LUX,2013,69124,762.4356,Europe,Europe,Western Europe,Western Europe
Malta,France,MLT,FRA,2015,185340,1752.693,Europe,Europe,Southern Europe,Western Europe
Russian Federation,Latvia,RUS,LVA,2014,997516,847.8519,Europe,Europe,Eastern Europe,Northern Europe
Spain,Hungary,ESP,HUN,2016,498595,1977.705,Europe,Europe,Southern Europe,Eastern Europe
Moldova (Republic of),Bosnia and Herzegovina,MDA,BIH,2016,363,883.0676,Europe,Europe,Eastern Europe,Southern Europe
Latvia,Switzerland,LVA,CHE,2015,55814,1587.651,Europe,Europe,Northern Europe,Western Europe
Italy,Moldova (Republic of),ITA,MDA,2015,293771,1413.827,Europe,Europe,Southern Europe,Eastern Europe
Croatia,Albania,HRV,ALB,2011,3291,585.956,Europe,Europe,Southern Europe,Southern Europe
Denmark,Latvia,DNK,LVA,2013,85183,724.3204,Europe,Europe,Northern Europe,Northern Europe
Germany,San Marino,DEU,SMR,2016,,932.1286,Europe,Europe,Western Europe,Southern Europe
Hungary,Switzerland,HUN,CHE,2012,195636,879.3594,Europe,Europe,Eastern Europe,Western Europe
Czechia,Slovenia,CZE,SVN,2014,105421,448.934,Europe,Europe,Eastern Europe,Southern Europe
Moldova (Republic of),Austria,MDA,AUT,2016,32442,944.1378,Europe,Europe,Eastern Europe,Western Europe
Latvia,Moldova (Republic of),LVA,MDA,2016,3476,1153.302,Europe,Europe,Northern Europe,Eastern Europe
Luxembourg,Hungary,LUX,HUN,2015,9038,977.394,Europe,Europe,Western Europe,Eastern Europe
Austria,Slovakia,AUT,SVK,2012,218581,59.61723,Europe,Europe,Western Europe,Eastern Europe
Belarus,Bosnia and Herzegovina,BLR,BIH,2015,193,1292.046,Europe,Europe,Eastern Europe,Southern Europe
Malta,Luxembourg,MLT,LUX,2015,5326,1669.155,Europe,Europe,Southern Europe,Western Europe
Slovakia,San Marino,SVK,SMR,2016,,591.9698,Europe,Europe,Eastern Europe,Southern Europe
Slovakia,Italy,SVK,ITA,2014,586296,789.4631,Europe,Europe,Eastern Europe,Southern Europe
Slovenia,Austria,SVN,AUT,2014,402478,277.8844,Europe,Europe,Southern Europe,Western Europe
Croatia,Russian Federation,HRV,RUS,2012,212298,1875.36,Europe,Europe,Southern Europe,Eastern Europe
Romania,Ireland,ROU,IRL,2014,61159,,Europe,Europe,Eastern Europe,Northern Europe
Belarus,Austria,BLR,AUT,2011,22204,998.225,Europe,Europe,Eastern Europe,Western Europe
Finland,Ireland,FIN,IRL,2011,29756,2028.749,Europe,Europe,Northern Europe,Northern Europe
Slovenia,Poland,SVN,POL,2014,113675,834.402,Europe,Europe,Southern Europe,Eastern Europe
Latvia,Macedonia (the former Yugoslav Republic of),LVA,MKD,2013,459,1674.47,Europe,Europe,Northern Europe,Southern Europe
Czechia,Switzerland,CZE,CHE,2012,183180,623.4171,Europe,Europe,Eastern Europe,Western Europe
Luxembourg,Norway,LUX,NOR,2012,6678,1184.92,Europe,Europe,Western Europe,Northern Europe
Hungary,Norway,HUN,NOR,2014,103542,1483.495,Europe,Europe,Eastern Europe,Northern Europe
France,Germany,FRA,DEU,2013,14965018,439.8984,Europe,Europe,Western Europe,Western Europe
Germany,Bosnia and Herzegovina,DEU,BIH,2011,71033,1202.42,Europe,Europe,Western Europe,Southern Europe
Czechia,Lithuania,CZE,LTU,2015,68219,896.5842,Europe,Europe,Eastern Europe,Northern Europe
Lithuania,Macedonia (the former Yugoslav Republic of),LTU,MKD,2012,497,1439.533,Europe,Europe,Northern Europe,Southern Europe
Luxembourg,San Marino,LUX,SMR,2012,,792.4816,Europe,Europe,Western Europe,Southern Europe
Moldova (Republic of),Sweden,MDA,SWE,2014,3892,1544.391,Europe,Europe,Eastern Europe,Northern Europe
Portugal,Belgium,PRT,BEL,2011,401008,1711.396,Europe,Europe,Southern Europe,Western Europe
Albania,Sweden,ALB,SWE,2011,4591,2006.998,Europe,Europe,Southern Europe,Northern Europe
Czechia,Estonia,CZE,EST,2013,26615,1227.457,Europe,Europe,Eastern Europe,Northern Europe
Norway,Bulgaria,NOR,BGR,2016,91252,2101.033,Europe,Europe,Northern Europe,Eastern Europe
Sweden,Moldova (Republic of),SWE,MDA,2013,2969,1544.391,Europe,Europe,Northern Europe,Eastern Europe
United Kingdom of Great Britain and Northern Ireland,Spain,GBR,ESP,2012,19006532,1263.379,Europe,Europe,Northern Europe,Southern Europe
Luxembourg,Iceland,LUX,ISL,2012,866,2319.428,Europe,Europe,Western Europe,Northern Europe
Iceland,Hungary,ISL,HUN,2013,1185,3077.932,Europe,Europe,Northern Europe,Eastern Europe
France,Belgium,FRA,BEL,2014,5315066,262.3845,Europe,Europe,Western Europe,Western Europe
Austria,Greece,AUT,GRC,2013,349667,1283.6,Europe,Europe,Western Europe,Southern Europe
Estonia,France,EST,FRA,2015,52865,1859.091,Europe,Europe,Northern Europe,Western Europe
Czechia,Andorra,CZE,AND,2014,,1302.353,Europe,Europe,Eastern Europe,Southern Europe
Luxembourg,Czechia,LUX,CZE,2012,7504,596.739,Europe,Europe,Western Europe,Eastern Europe
Greece,France,GRC,FRA,2014,1589109,2098.726,Europe,Europe,Southern Europe,Western Europe
Switzerland,Moldova (Republic of),CHE,MDA,2016,9828,1620.078,Europe,Europe,Western Europe,Eastern Europe
Bosnia and Herzegovina,Czechia,BIH,CZE,2013,1997,757.0533,Europe,Europe,Southern Europe,Eastern Europe
Poland,Lithuania,POL,LTU,2015,2916199,393.7521,Europe,Europe,Eastern Europe,Northern Europe
Spain,Germany,ESP,DEU,2014,16194103,1479.332,Europe,Europe,Southern Europe,Western Europe
France,Czechia,FRA,CZE,2011,635671,884.6105,Europe,Europe,Western Europe,Eastern Europe
Germany,Russian Federation,DEU,RUS,2014,2318074,2065.183,Europe,Europe,Western Europe,Eastern Europe
Iceland,Malta,ISL,MLT,2011,263,3978.502,Europe,Europe,Northern Europe,Southern Europe
Netherlands,Slovenia,NLD,SVN,2015,24462,986.5178,Europe,Europe,Western Europe,Southern Europe
Germany,Andorra,DEU,AND,2011,,1080.611,Europe,Europe,Western Europe,Southern Europe
Ukraine,Lithuania,UKR,LTU,2014,76255,590.0546,Europe,Europe,Eastern Europe,Northern Europe
France,Moldova (Republic of),FRA,MDA,2015,35292,1976.854,Europe,Europe,Western Europe,Eastern Europe
Slovenia,Germany,SVN,DEU,2016,403780,814.8665,Europe,Europe,Southern Europe,Western Europe
Slovenia,Greece,SVN,GRC,2013,26876,1176.784,Europe,Europe,Southern Europe,Southern Europe
Moldova (Republic of),Luxembourg,MDA,LUX,2013,415,1697.473,Europe,Europe,Eastern Europe,Western Europe
Russian Federation,France,RUS,FRA,2011,777993,2494.316,Europe,Europe,Eastern Europe,Western Europe
Croatia,Slovakia,HRV,SVK,2014,370578,278.7123,Europe,Europe,Southern Europe,Eastern Europe
Malta,Romania,MLT,ROU,2016,22811,,Europe,Europe,Southern Europe,Eastern Europe
Italy,Macedonia (the former Yugoslav Republic of),ITA,MKD,2016,73097,742.0995,Europe,Europe,Southern Europe,Southern Europe
Portugal,Poland,PRT,POL,2012,184807,2760.441,Europe,Europe,Southern Europe,Eastern Europe
Russian Federation,Luxembourg,RUS,LUX,2013,14213,2214.132,Europe,Europe,Eastern Europe,Western Europe
Iceland,Belgium,ISL,BEL,2012,12418,2133.168,Europe,Europe,Northern Europe,Western Europe
Ireland,Moldova (Republic of),IRL,MDA,2016,20538,2569.662,Europe,Europe,Northern Europe,Eastern Europe
Slovakia,Norway,SVK,NOR,2012,19472,1371.805,Europe,Europe,Eastern Europe,Northern Europe
Portugal,Andorra,PRT,AND,2016,,990.3965,Europe,Europe,Southern Europe,Southern Europe
Belgium,Netherlands,BEL,NLD,2012,3314456,173.0333,Europe,Europe,Western Europe,Western Europe
Belgium,Iceland,BEL,ISL,2012,12118,2133.168,Europe,Europe,Western Europe,Northern Europe
Switzerland,Albania,CHE,ALB,2012,11907,1167.984,Europe,Europe,Western Europe,Southern Europe
Luxembourg,Croatia,LUX,HRV,2015,8426,847.312,Europe,Europe,Western Europe,Southern Europe
Lithuania,Czechia,LTU,CZE,2015,68219,896.5842,Europe,Europe,Northern Europe,Eastern Europe
Poland,Slovenia,POL,SVN,2014,113675,834.402,Europe,Europe,Eastern Europe,Southern Europe
Latvia,Czechia,LVA,CZE,2011,52243,993.2449,Europe,Europe,Northern Europe,Eastern Europe
Belarus,Finland,BLR,FIN,2016,7018,715.4365,Europe,Europe,Eastern Europe,Northern Europe
Belgium,Finland,BEL,FIN,2011,144362,1651.582,Europe,Europe,Western Europe,Northern Europe
Finland,France,FIN,FRA,2015,322157,1911.138,Europe,Europe,Northern Europe,Western Europe
Bosnia and Herzegovina,Russian Federation,BIH,RUS,2013,15033,1902.116,Europe,Europe,Southern Europe,Eastern Europe
Hungary,Austria,HUN,AUT,2012,1477793,215.6626,Europe,Europe,Eastern Europe,Western Europe
Switzerland,Sweden,CHE,SWE,2016,425801,1546.508,Europe,Europe,Western Europe,Northern Europe
Netherlands,Moldova (Republic of),NLD,MDA,2015,6446,1813.739,Europe,Europe,Western Europe,Eastern Europe
Norway,Macedonia (the former Yugoslav Republic of),NOR,MKD,2015,14672,2124.664,Europe,Europe,Northern Europe,Southern Europe
Greece,Ireland,GRC,IRL,2013,22687,2855.222,Europe,Europe,Southern Europe,Northern Europe
Romania,Gibraltar,ROU,GIB,2014,106,,Europe,Europe,Eastern Europe,Southern Europe
Croatia,Macedonia (the former Yugoslav Republic of),HRV,MKD,2012,34938,610.8091,Europe,Europe,Southern Europe,Southern Europe
Lithuania,Switzerland,LTU,CHE,2015,26195,1516.998,Europe,Europe,Northern Europe,Western Europe
Ireland,Iceland,IRL,ISL,2015,17730,1499.031,Europe,Europe,Northern Europe,Northern Europe
Estonia,Russian Federation,EST,RUS,2013,734808,871.7853,Europe,Europe,Northern Europe,Eastern Europe
Andorra,Iceland,AND,ISL,2013,,2833.952,Europe,Europe,Southern Europe,Northern Europe
Norway,San Marino,NOR,SMR,2015,,1780.931,Europe,Europe,Northern Europe,Southern Europe
Luxembourg,Lithuania,LUX,LTU,2014,2800,1420.353,Europe,Europe,Western Europe,Northern Europe
Slovakia,Netherlands,SVK,NLD,2015,2709,987.487,Europe,Europe,Eastern Europe,Western Europe
Sweden,Switzerland,SWE,CHE,2011,325340,1546.508,Europe,Europe,Northern Europe,Western Europe
Malta,Bulgaria,MLT,BGR,2013,9884,1065.425,Europe,Europe,Southern Europe,Eastern Europe
Macedonia (the former Yugoslav Republic of),Sweden,MKD,SWE,2011,9039,1943.276,Europe,Europe,Southern Europe,Northern Europe
Slovenia,Malta,SVN,MLT,2013,7862,1131.545,Europe,Europe,Southern Europe,Southern Europe
Switzerland,Belarus,CHE,BLR,2013,10212,1609.652,Europe,Europe,Western Europe,Eastern Europe
Switzerland,Bulgaria,CHE,BGR,2012,43499,1337.572,Europe,Europe,Western Europe,Eastern Europe
Macedonia (the former Yugoslav Republic of),Portugal,MKD,PRT,2012,736,2606.129,Europe,Europe,Southern Europe,Southern Europe
Bosnia and Herzegovina,Finland,BIH,FIN,2013,1716,1863.34,Europe,Europe,Southern Europe,Northern Europe
Portugal,Russian Federation,PRT,RUS,2016,84193,3913.34,Europe,Europe,Southern Europe,Eastern Europe
Italy,France,ITA,FRA,2011,12389928,1109.901,Europe,Europe,Southern Europe,Western Europe
Ukraine,Romania,UKR,ROU,2015,1586688,,Europe,Europe,Eastern Europe,Eastern Europe
Croatia,France,HRV,FRA,2015,269328,1081.762,Europe,Europe,Southern Europe,Western Europe
San Marino,Luxembourg,SMR,LUX,2014,,792.4816,Europe,Europe,Southern Europe,Western Europe
Greece,Bosnia and Herzegovina,GRC,BIH,2014,1628,790.14,Europe,Europe,Southern Europe,Southern Europe
Denmark,Spain,DNK,ESP,2013,1253272,2074.977,Europe,Europe,Northern Europe,Southern Europe
Estonia,Russian Federation,EST,RUS,2016,615119,871.7853,Europe,Europe,Northern Europe,Eastern Europe
Romania,Belarus,ROU,BLR,2015,39420,,Europe,Europe,Eastern Europe,Eastern Europe
Netherlands,Portugal,NLD,PRT,2013,831258,1862.043,Europe,Europe,Western Europe,Southern Europe
Sweden,Slovenia,SWE,SVN,2012,6609,1495.673,Europe,Europe,Northern Europe,Southern Europe
Iceland,Poland,ISL,POL,2013,20835,2773.481,Europe,Europe,Northern Europe,Eastern Europe
Czechia,Russian Federation,CZE,RUS,2016,583652,1673,Europe,Europe,Eastern Europe,Eastern Europe
Estonia,Luxembourg,EST,LUX,2012,2329,1614.171,Europe,Europe,Northern Europe,Western Europe
Gibraltar,United Kingdom of Great Britain and Northern Ireland,GIB,GBR,2013,260940,1759.095,Europe,Europe,Southern Europe,Northern Europe
Latvia,Sweden,LVA,SWE,2015,132987,441.6495,Europe,Europe,Northern Europe,Northern Europe
Romania,Gibraltar,ROU,GIB,2011,161,,Europe,Europe,Eastern Europe,Southern Europe
Italy,Greece,ITA,GRC,2011,1396581,1050.411,Europe,Europe,Southern Europe,Southern Europe
Albania,Slovenia,ALB,SVN,2013,8797,678.3095,Europe,Europe,Southern Europe,Southern Europe
Slovakia,Slovenia,SVK,SVN,2013,37011,308.8653,Europe,Europe,Eastern Europe,Southern Europe
Hungary,Austria,HUN,AUT,2013,1311083,215.6626,Europe,Europe,Eastern Europe,Western Europe
Croatia,San Marino,HRV,SMR,2011,,342.8565,Europe,Europe,Southern Europe,Southern Europe
Gibraltar,Germany,GIB,DEU,2012,360,1967.273,Europe,Europe,Southern Europe,Western Europe
United Kingdom of Great Britain and Northern Ireland,Bulgaria,GBR,BGR,2015,692287,2019.341,Europe,Europe,Northern Europe,Eastern Europe
Belarus,San Marino,BLR,SMR,2016,,1549.646,Europe,Europe,Eastern Europe,Southern Europe
Netherlands,San Marino,NLD,SMR,2016,,1090.303,Europe,Europe,Western Europe,Southern Europe
Moldova (Republic of),Estonia,MDA,EST,2012,1197,1407.85,Europe,Europe,Eastern Europe,Northern Europe
Slovenia,San Marino,SVN,SMR,2013,,283.7302,Europe,Europe,Southern Europe,Southern Europe
Ukraine,Iceland,UKR,ISL,2012,744,3379.359,Europe,Europe,Eastern Europe,Northern Europe
Spain,Sweden,ESP,SWE,2016,1807446,2596.908,Europe,Europe,Southern Europe,Northern Europe
Bulgaria,Belarus,BGR,BLR,2012,84708,1282.432,Europe,Europe,Eastern Europe,Eastern Europe
Romania,Gibraltar,ROU,GIB,2013,73,,Europe,Europe,Eastern Europe,Southern Europe
Latvia,San Marino,LVA,SMR,2011,,1659.333,Europe,Europe,Northern Europe,Southern Europe
Italy,Belarus,ITA,BLR,2013,65198,1732.921,Europe,Europe,Southern Europe,Eastern Europe
Malta,San Marino,MLT,SMR,2012,,912.6896,Europe,Europe,Southern Europe,Southern Europe
Slovakia,San Marino,SVK,SMR,2014,,591.9698,Europe,Europe,Eastern Europe,Southern Europe
Austria,Switzerland,AUT,CHE,2012,798437,684.8875,Europe,Europe,Western Europe,Western Europe
Finland,Estonia,FIN,EST,2012,1587225,80.98481,Europe,Europe,Northern Europe,Northern Europe
Austria,Lithuania,AUT,LTU,2014,38099,948.9832,Europe,Europe,Western Europe,Northern Europe
Gibraltar,San Marino,GIB,SMR,2012,,1746.044,Europe,Europe,Southern Europe,Southern Europe
Ireland,San Marino,IRL,SMR,2011,,1720.421,Europe,Europe,Northern Europe,Southern Europe
Andorra,Lithuania,AND,LTU,2013,,2198.052,Europe,Europe,Southern Europe,Northern Europe
France,San Marino,FRA,SMR,2013,,951.0759,Europe,Europe,Western Europe,Southern Europe
Norway,San Marino,NOR,SMR,2016,,1780.931,Europe,Europe,Northern Europe,Southern Europe
Latvia,San Marino,LVA,SMR,2014,,1659.333,Europe,Europe,Northern Europe,Southern Europe
San Marino,Czechia,SMR,CZE,2014,,700.1221,Europe,Europe,Southern Europe,Eastern Europe
Switzerland,San Marino,CHE,SMR,2016,,516.8909,Europe,Europe,Western Europe,Southern Europe
Germany,Albania,DEU,ALB,2015,93264,1493.096,Europe,Europe,Western Europe,Southern Europe
Hungary,Albania,HUN,ALB,2013,2671,689.0358,Europe,Europe,Eastern Europe,Southern Europe
Switzerland,Poland,CHE,POL,2011,171760,1139.992,Europe,Europe,Western Europe,Eastern Europe
Belgium,San Marino,BEL,SMR,2011,18420,980.1509,Europe,Europe,Western Europe,Southern Europe
Germany,Hungary,DEU,HUN,2013,2300649,976.2567,Europe,Europe,Western Europe,Eastern Europe
Iceland,San Marino,ISL,SMR,2015,,3109.966,Europe,Europe,Northern Europe,Southern Europe
Malta,Austria,MLT,AUT,2015,53713,1379.07,Europe,Europe,Southern Europe,Western Europe
Gibraltar,Switzerland,GIB,CHE,2014,225,1603.114,Europe,Europe,Southern Europe,Western Europe
Ukraine,San Marino,UKR,SMR,2013,5943,1535.241,Europe,Europe,Eastern Europe,Southern Europe
Slovakia,San Marino,SVK,SMR,2011,,591.9698,Europe,Europe,Eastern Europe,Southern Europe
Croatia,Hungary,HRV,HUN,2012,355912,302.1079,Europe,Europe,Southern Europe,Eastern Europe
Romania,Belgium,ROU,BEL,2012,115973,,Europe,Europe,Eastern Europe,Western Europe
Spain,Luxembourg,ESP,LUX,2012,187436,1281.233,Europe,Europe,Southern Europe,Western Europe
Ireland,Russian Federation,IRL,RUS,2014,26917,2802.315,Europe,Europe,Northern Europe,Eastern Europe
Albania,San Marino,ALB,SMR,2012,,666.4761,Europe,Europe,Southern Europe,Southern Europe
Norway,San Marino,NOR,SMR,2013,,1780.931,Europe,Europe,Northern Europe,Southern Europe
Macedonia (the former Yugoslav Republic of),San Marino,MKD,SMR,2013,,762.0729,Europe,Europe,Southern Europe,Southern Europe
Gibraltar,Germany,GIB,DEU,2015,414,1967.273,Europe,Europe,Southern Europe,Western Europe
Ireland,San Marino,IRL,SMR,2014,,1720.421,Europe,Europe,Northern Europe,Southern Europe
Bosnia and Herzegovina,Switzerland,BIH,CHE,2012,38257,924.4724,Europe,Europe,Southern Europe,Western Europe
Romania,San Marino,ROU,SMR,2011,5235,,Europe,Europe,Eastern Europe,Southern Europe
Ukraine,San Marino,UKR,SMR,2016,7381,1535.241,Europe,Europe,Eastern Europe,Southern Europe
Ukraine,Switzerland,UKR,CHE,2014,76145,1730.779,Europe,Europe,Eastern Europe,Western Europe
Norway,San Marino,NOR,SMR,2011,,1780.931,Europe,Europe,Northern Europe,Southern Europe
Spain,Hungary,ESP,HUN,2011,263726,1977.705,Europe,Europe,Southern Europe,Eastern Europe
Belgium,San Marino,BEL,SMR,2015,18342,980.1509,Europe,Europe,Western Europe,Southern Europe
Italy,Austria,ITA,AUT,2012,4143388,767.4132,Europe,Europe,Southern Europe,Western Europe
Bulgaria,San Marino,BGR,SMR,2016,10977,886.4001,Europe,Europe,Eastern Europe,Southern Europe
Portugal,San Marino,PRT,SMR,2014,,1891.408,Europe,Europe,Southern Europe,Southern Europe
France,San Marino,FRA,SMR,2016,,951.0759,Europe,Europe,Western Europe,Southern Europe
Ireland,Netherlands,IRL,NLD,2016,675633,756.7269,Europe,Europe,Northern Europe,Western Europe
Slovakia,Hungary,SVK,HUN,2012,738885,159.0699,Europe,Europe,Eastern Europe,Eastern Europe
Belarus,San Marino,BLR,SMR,2012,,1549.646,Europe,Europe,Eastern Europe,Southern Europe
Austria,Italy,AUT,ITA,2014,4295524,767.4132,Europe,Europe,Western Europe,Southern Europe
Andorra,Spain,AND,ESP,2015,1,492.9274,Europe,Europe,Southern Europe,Southern Europe
Bulgaria,Austria,BGR,AUT,2013,263624,820.7289,Europe,Europe,Eastern Europe,Western Europe
Bulgaria,San Marino,BGR,SMR,2011,,886.4001,Europe,Europe,Eastern Europe,Southern Europe
Gibraltar,Moldova (Republic of),GIB,MDA,2014,2,3062.09,Europe,Europe,Southern Europe,Eastern Europe
Romania,San Marino,ROU,SMR,2014,6148,,Europe,Europe,Eastern Europe,Southern Europe
Andorra,San Marino,AND,SMR,2015,,905.0686,Europe,Europe,Southern Europe,Southern Europe
Latvia,San Marino,LVA,SMR,2012,,1659.333,Europe,Europe,Northern Europe,Southern Europe
France,San Marino,FRA,SMR,2011,,951.0759,Europe,Europe,Western Europe,Southern Europe
Finland,San Marino,FIN,SMR,2012,,1986.678,Europe,Europe,Northern Europe,Southern Europe
Ireland,San Marino,IRL,SMR,2013,,1720.421,Europe,Europe,Northern Europe,Southern Europe
Malta,San Marino,MLT,SMR,2013,,912.6896,Europe,Europe,Southern Europe,Southern Europe
Estonia,San Marino,EST,SMR,2014,,1911.032,Europe,Europe,Northern Europe,Southern Europe
Italy,San Marino,ITA,SMR,2011,,230.0196,Europe,Europe,Southern Europe,Southern Europe
Bulgaria,Macedonia (the former Yugoslav Republic of),BGR,MKD,2012,443997,168.0973,Europe,Europe,Eastern Europe,Southern Europe
Macedonia (the former Yugoslav Republic of),Croatia,MKD,HRV,2016,42890,610.8091,Europe,Europe,Southern Europe,Southern Europe
Luxembourg,Bosnia and Herzegovina,LUX,BIH,2011,535,1131.459,Europe,Europe,Western Europe,Southern Europe
Gibraltar,Italy,GIB,ITA,2016,156,1667.082,Europe,Europe,Southern Europe,Southern Europe
Portugal,San Marino,PRT,SMR,2012,,1891.408,Europe,Europe,Southern Europe,Southern Europe
Gibraltar,Bulgaria,GIB,BGR,2012,15,2555.137,Europe,Europe,Southern Europe,Eastern Europe
United Kingdom of Great Britain and Northern Ireland,San Marino,GBR,SMR,2013,,1263.348,Europe,Europe,Northern Europe,Southern Europe
Bosnia and Herzegovina,San Marino,BIH,SMR,2014,,476.5566,Europe,Europe,Southern Europe,Southern Europe
Macedonia (the former Yugoslav Republic of),San Marino,MKD,SMR,2016,,762.0729,Europe,Europe,Southern Europe,Southern Europe
Belarus,Sweden,BLR,SWE,2013,13432,838.4113,Europe,Europe,Eastern Europe,Northern Europe
Switzerland,Spain,CHE,ESP,2016,4085902,1153.117,Europe,Europe,Western Europe,Southern Europe
Iceland,Russian Federation,ISL,RUS,2014,10533,3316.138,Europe,Europe,Northern Europe,Eastern Europe
Netherlands,Spain,NLD,ESP,2011,3427654,1481.366,Europe,Europe,Western Europe,Southern Europe
Slovenia,Switzerland,SVN,CHE,2016,59880,549.9726,Europe,Europe,Southern Europe,Western Europe
Norway,Ukraine,NOR,UKR,2012,34231,1630.325,Europe,Europe,Northern Europe,Eastern Europe
France,Moldova (Republic of),FRA,MDA,2013,19813,1976.854,Europe,Europe,Western Europe,Eastern Europe
Croatia,Sweden,HRV,SWE,2013,129232,1512.846,Europe,Europe,Southern Europe,Northern Europe
Germany,Moldova (Republic of),DEU,MDA,2015,57055,1656.772,Europe,Europe,Western Europe,Eastern Europe
Austria,Iceland,AUT,ISL,2013,8817,2891.521,Europe,Europe,Western Europe,Northern Europe
Norway,Finland,NOR,FIN,2014,247120,791.2361,Europe,Europe,Northern Europe,Northern Europe
Malta,Russian Federation,MLT,RUS,2012,33642,2819.734,Europe,Europe,Southern Europe,Eastern Europe
Greece,France,GRC,FRA,2016,1474332,2098.726,Europe,Europe,Southern Europe,Western Europe
Gibraltar,Ireland,GIB,IRL,2015,152,1915.628,Europe,Europe,Southern Europe,Northern Europe
Ukraine,Sweden,UKR,SWE,2016,43034,1267.46,Europe,Europe,Eastern Europe,Northern Europe
Moldova (Republic of),Macedonia (the former Yugoslav Republic of),MDA,MKD,2011,222,806.5962,Europe,Europe,Eastern Europe,Southern Europe
Switzerland,Albania,CHE,ALB,2016,20750,1167.984,Europe,Europe,Western Europe,Southern Europe
Iceland,Macedonia (the former Yugoslav Republic of),ISL,MKD,2015,78,3686.858,Europe,Europe,Northern Europe,Southern Europe
Poland,Germany,POL,DEU,2016,33688100,965.9211,Europe,Europe,Eastern Europe,Western Europe
Belgium,Slovakia,BEL,SVK,2015,47697,971.336,Europe,Europe,Western Europe,Eastern Europe
Belarus,Latvia,BLR,LVA,2011,127404,406.3581,Europe,Europe,Eastern Europe,Northern Europe
Portugal,Denmark,PRT,DNK,2016,191932,2478.47,Europe,Europe,Southern Europe,Northern Europe
Netherlands,Ukraine,NLD,UKR,2011,57170,1781.716,Europe,Europe,Western Europe,Eastern Europe
Russian Federation,Bosnia and Herzegovina,RUS,BIH,2014,14471,1902.116,Europe,Europe,Eastern Europe,Southern Europe
Austria,Croatia,AUT,HRV,2012,1051707,270.6798,Europe,Europe,Western Europe,Southern Europe
Lithuania,Luxembourg,LTU,LUX,2014,2846,1420.353,Europe,Europe,Northern Europe,Western Europe
Portugal,Iceland,PRT,ISL,2015,2521,2952.572,Europe,Europe,Southern Europe,Northern Europe
Portugal,Netherlands,PRT,NLD,2016,1102561,1862.043,Europe,Europe,Southern Europe,Western Europe
Andorra,Norway,AND,NOR,2015,,2038.357,Europe,Europe,Southern Europe,Northern Europe
Finland,Latvia,FIN,LVA,2015,115600,358.1294,Europe,Europe,Northern Europe,Northern Europe
Spain,Portugal,ESP,PRT,2015,3470069,500.9223,Europe,Europe,Southern Europe,Southern Europe
Andorra,Czechia,AND,CZE,2011,,1302.353,Europe,Europe,Southern Europe,Eastern Europe
Greece,Hungary,GRC,HUN,2015,164973,1123.943,Europe,Europe,Southern Europe,Eastern Europe
Macedonia (the former Yugoslav Republic of),Germany,MKD,DEU,2016,248783,1521.612,Europe,Europe,Southern Europe,Western Europe
Russian Federation,Bulgaria,RUS,BGR,2014,708768,1785.898,Europe,Europe,Eastern Europe,Eastern Europe
Czechia,Gibraltar,CZE,GIB,2012,36,2222.865,Europe,Europe,Eastern Europe,Southern Europe
Portugal,San Marino,PRT,SMR,2013,,1891.408,Europe,Europe,Southern Europe,Southern Europe
Belgium,Czechia,BEL,CZE,2015,217020,718.4293,Europe,Europe,Western Europe,Eastern Europe
Iceland,Spain,ISL,ESP,2011,60935,2894.701,Europe,Europe,Northern Europe,Southern Europe
Iceland,Switzerland,ISL,CHE,2014,47427,2617.349,Europe,Europe,Northern Europe,Western Europe
Ireland,Sweden,IRL,SWE,2015,78262,1631.147,Europe,Europe,Northern Europe,Northern Europe
Norway,Croatia,NOR,HRV,2016,165195,1608.583,Europe,Europe,Northern Europe,Southern Europe
Poland,Slovenia,POL,SVN,2011,59626,834.402,Europe,Europe,Eastern Europe,Southern Europe
Andorra,Sweden,AND,SWE,2012,,2191.849,Europe,Europe,Southern Europe,Northern Europe
Finland,Slovenia,FIN,SVN,2014,20205,1710.822,Europe,Europe,Northern Europe,Southern Europe
Sweden,Netherlands,SWE,NLD,2016,431522,1128.93,Europe,Europe,Northern Europe,Western Europe
Gibraltar,Slovakia,GIB,SVK,2011,0,2276.342,Europe,Europe,Southern Europe,Eastern Europe
Austria,Russian Federation,AUT,RUS,2013,587737,1675.699,Europe,Europe,Western Europe,Eastern Europe
Ireland,Portugal,IRL,PRT,2016,640350,1639.821,Europe,Europe,Northern Europe,Southern Europe
Moldova (Republic of),Malta,MDA,MLT,2012,147,1712.083,Europe,Europe,Eastern Europe,Southern Europe
Slovenia,United Kingdom of Great Britain and Northern Ireland,SVN,GBR,2013,125667,1230.756,Europe,Europe,Southern Europe,Northern Europe
Norway,Italy,NOR,ITA,2015,406290,2010.678,Europe,Europe,Northern Europe,Southern Europe
Macedonia (the former Yugoslav Republic of),Slovakia,MKD,SVK,2011,1912,764.715,Europe,Europe,Southern Europe,Eastern Europe
Austria,Malta,AUT,MLT,2011,39897,1379.07,Europe,Europe,Western Europe,Southern Europe
Sweden,Austria,SWE,AUT,2012,177052,1242.31,Europe,Europe,Northern Europe,Western Europe
Gibraltar,Lithuania,GIB,LTU,2015,23,3119.053,Europe,Europe,Southern Europe,Northern Europe
Luxembourg,Moldova (Republic of),LUX,MDA,2012,231,1697.473,Europe,Europe,Western Europe,Eastern Europe
Netherlands,Malta,NLD,MLT,2014,74615,1981.948,Europe,Europe,Western Europe,Southern Europe
Ukraine,Ireland,UKR,IRL,2014,5766,2517.525,Europe,Europe,Eastern Europe,Northern Europe
Norway,Malta,NOR,MLT,2011,19445,2686.866,Europe,Europe,Northern Europe,Southern Europe
Gibraltar,Netherlands,GIB,NLD,2016,261,1976.745,Europe,Europe,Southern Europe,Western Europe
Netherlands,France,NLD,FRA,2015,5813458,427.9169,Europe,Europe,Western Europe,Western Europe
Poland,Albania,POL,ALB,2012,2465,1218.313,Europe,Europe,Eastern Europe,Southern Europe
Estonia,Poland,EST,POL,2016,197237,831.0393,Europe,Europe,Northern Europe,Eastern Europe
Sweden,Luxembourg,SWE,LUX,2015,30067,1325.934,Europe,Europe,Northern Europe,Western Europe
United Kingdom of Great Britain and Northern Ireland,Ukraine,GBR,UKR,2015,155132,2137.511,Europe,Europe,Northern Europe,Eastern Europe
Greece,Belarus,GRC,BLR,2015,3531,1787.387,Europe,Europe,Southern Europe,Eastern Europe
United Kingdom of Great Britain and Northern Ireland,Moldova (Republic of),GBR,MDA,2015,42774,2150.279,Europe,Europe,Northern Europe,Eastern Europe
Italy,Russian Federation,ITA,RUS,2015,1199249,2383.171,Europe,Europe,Southern Europe,Eastern Europe
Bulgaria,Ireland,BGR,IRL,2011,27341,2475.312,Europe,Europe,Eastern Europe,Northern Europe
United Kingdom of Great Britain and Northern Ireland,France,GBR,FRA,2012,8915329,342.9475,Europe,Europe,Northern Europe,Western Europe
Lithuania,Czechia,LTU,CZE,2013,58939,896.5842,Europe,Europe,Northern Europe,Eastern Europe
Norway,Spain,NOR,ESP,2015,1589792,2390.782,Europe,Europe,Northern Europe,Southern Europe
Bosnia and Herzegovina,Bulgaria,BIH,BGR,2011,40684,416.3402,Europe,Europe,Southern Europe,Eastern Europe
Austria,Czechia,AUT,CZE,2015,981097,252.4479,Europe,Europe,Western Europe,Eastern Europe
Hungary,Belgium,HUN,BEL,2015,307019,1129.979,Europe,Europe,Eastern Europe,Western Europe
Norway,Sweden,NOR,SWE,2011,1207458,417.5658,Europe,Europe,Northern Europe,Northern Europe
Ireland,Slovakia,IRL,SVK,2016,93432,1736.948,Europe,Europe,Northern Europe,Eastern Europe
Moldova (Republic of),Ukraine,MDA,UKR,2013,5419008,399.4606,Europe,Europe,Eastern Europe,Eastern Europe
Switzerland,Slovenia,CHE,SVN,2016,59880,549.9726,Europe,Europe,Western Europe,Southern Europe
Belgium,Italy,BEL,ITA,2014,2202525,1174.904,Europe,Europe,Western Europe,Southern Europe
France,Romania,FRA,ROU,2014,328629,,Europe,Europe,Western Europe,Eastern Europe
Poland,United Kingdom of Great Britain and Northern Ireland,POL,GBR,2012,3406420,1451.644,Europe,Europe,Eastern Europe,Northern Europe
Gibraltar,Croatia,GIB,HRV,2015,113,2079.915,Europe,Europe,Southern Europe,Southern Europe
Bulgaria,Denmark,BGR,DNK,2016,51638,1639.385,Europe,Europe,Eastern Europe,Northern Europe
Luxembourg,Moldova (Republic of),LUX,MDA,2016,615,1697.473,Europe,Europe,Western Europe,Eastern Europe
Moldova (Republic of),Luxembourg,MDA,LUX,2016,636,1697.473,Europe,Europe,Eastern Europe,Western Europe
Hungary,Greece,HUN,GRC,2011,92800,1123.943,Europe,Europe,Eastern Europe,Southern Europe
Slovakia,Moldova (Republic of),SVK,MDA,2011,433,884.5414,Europe,Europe,Eastern Europe,Eastern Europe
Estonia,Ireland,EST,IRL,2016,18289,2005.127,Europe,Europe,Northern Europe,Northern Europe
Sweden,France,SWE,FRA,2016,778508,1545.797,Europe,Europe,Northern Europe,Western Europe
Switzerland,Denmark,CHE,DNK,2015,429732,1033.508,Europe,Europe,Western Europe,Northern Europe
Russian Federation,Bosnia and Herzegovina,RUS,BIH,2013,15033,1902.116,Europe,Europe,Eastern Europe,Southern Europe
Italy,Slovenia,ITA,SVN,2012,605173,492.3427,Europe,Europe,Southern Europe,Southern Europe
Latvia,Greece,LVA,GRC,2015,30021,2109.292,Europe,Europe,Northern Europe,Southern Europe
Denmark,Hungary,DNK,HUN,2015,161131,1011.98,Europe,Europe,Northern Europe,Eastern Europe
France,Albania,FRA,ALB,2014,25197,1603.534,Europe,Europe,Western Europe,Southern Europe
Italy,Austria,ITA,AUT,2016,4615269,767.4132,Europe,Europe,Southern Europe,Western Europe
Bulgaria,France,BGR,FRA,2011,123915,1760.707,Europe,Europe,Eastern Europe,Western Europe
Bulgaria,Albania,BGR,ALB,2013,50570,324.0465,Europe,Europe,Eastern Europe,Southern Europe
Russian Federation,Slovenia,RUS,SVN,2012,65098,1937.979,Europe,Europe,Eastern Europe,Southern Europe
Romania,Belarus,ROU,BLR,2013,143138,,Europe,Europe,Eastern Europe,Eastern Europe
Russian Federation,Estonia,RUS,EST,2015,543043,871.7853,Europe,Europe,Eastern Europe,Northern Europe
Spain,San Marino,ESP,SMR,2013,,1390.619,Europe,Europe,Southern Europe,Southern Europe
Macedonia (the former Yugoslav Republic of),Italy,MKD,ITA,2011,59898,742.0995,Europe,Europe,Southern Europe,Southern Europe
Russian Federation,Norway,RUS,NOR,2013,194346,1649.799,Europe,Europe,Eastern Europe,Northern Europe
Czechia,Greece,CZE,GRC,2014,438449,1535.797,Europe,Europe,Eastern Europe,Southern Europe
Czechia,Slovenia,CZE,SVN,2012,93339,448.934,Europe,Europe,Eastern Europe,Southern Europe
Russian Federation,Croatia,RUS,HRV,2015,111437,1875.36,Europe,Europe,Eastern Europe,Southern Europe
Romania,Denmark,ROU,DNK,2012,28659,,Europe,Europe,Eastern Europe,Northern Europe
Slovenia,Netherlands,SVN,NLD,2012,18547,986.5178,Europe,Europe,Southern Europe,Western Europe
United Kingdom of Great Britain and Northern Ireland,Iceland,GBR,ISL,2015,555944,1891.859,Europe,Europe,Northern Europe,Northern Europe
Denmark,Malta,DNK,MLT,2011,34362,2204.997,Europe,Europe,Northern Europe,Southern Europe
Slovenia,Romania,SVN,ROU,2014,46480,,Europe,Europe,Southern Europe,Eastern Europe
Belarus,Estonia,BLR,EST,2014,3315,641.8873,Europe,Europe,Eastern Europe,Northern Europe
Slovakia,Andorra,SVK,AND,2011,,1374.983,Europe,Europe,Eastern Europe,Southern Europe
Sweden,Greece,SWE,GRC,2016,294640,2408.377,Europe,Europe,Northern Europe,Southern Europe
Sweden,Gibraltar,SWE,GIB,2013,63,3086.185,Europe,Europe,Northern Europe,Southern Europe
Czechia,Portugal,CZE,PRT,2013,51516,2245.294,Europe,Europe,Eastern Europe,Southern Europe
Belgium,Russian Federation,BEL,RUS,2014,134624,2261.25,Europe,Europe,Western Europe,Eastern Europe
Finland,Belarus,FIN,BLR,2011,7596,715.4365,Europe,Europe,Northern Europe,Eastern Europe
Macedonia (the former Yugoslav Republic of),Slovenia,MKD,SVN,2014,27747,717.5879,Europe,Europe,Southern Europe,Southern Europe
Macedonia (the former Yugoslav Republic of),Romania,MKD,ROU,2016,39457,,Europe,Europe,Southern Europe,Eastern Europe
Poland,Austria,POL,AUT,2011,727924,556.8245,Europe,Europe,Eastern Europe,Western Europe
France,Ukraine,FRA,UKR,2016,125884,2025.144,Europe,Europe,Western Europe,Eastern Europe
Lithuania,Norway,LTU,NOR,2012,141358,1048.369,Europe,Europe,Northern Europe,Northern Europe
Lithuania,Switzerland,LTU,CHE,2016,34205,1516.998,Europe,Europe,Northern Europe,Western Europe
Switzerland,Slovakia,CHE,SVK,2015,4672,742.9638,Europe,Europe,Western Europe,Eastern Europe
Hungary,Poland,HUN,POL,2012,929000,546.806,Europe,Europe,Eastern Europe,Eastern Europe
San Marino,Croatia,SMR,HRV,2015,,342.8565,Europe,Europe,Southern Europe,Southern Europe
Netherlands,Albania,NLD,ALB,2011,10185,1664.815,Europe,Europe,Western Europe,Southern Europe
Croatia,San Marino,HRV,SMR,2016,,342.8565,Europe,Europe,Southern Europe,Southern Europe
Malta,Poland,MLT,POL,2015,72447,1889.904,Europe,Europe,Southern Europe,Eastern Europe
Andorra,Bosnia and Herzegovina,AND,BIH,2014,,1380.175,Europe,Europe,Southern Europe,Southern Europe
Gibraltar,Finland,GIB,FIN,2012,29,3434.65,Europe,Europe,Southern Europe,Northern Europe
Iceland,Belarus,ISL,BLR,2012,35,2965.109,Europe,Europe,Northern Europe,Eastern Europe
Malta,Macedonia (the former Yugoslav Republic of),MLT,MKD,2013,404,905.4888,Europe,Europe,Southern Europe,Southern Europe
Sweden,San Marino,SWE,SMR,2014,,1753.689,Europe,Europe,Northern Europe,Southern Europe
Macedonia (the former Yugoslav Republic of),Sweden,MKD,SWE,2012,12416,1943.276,Europe,Europe,Southern Europe,Northern Europe
Spain,Portugal,ESP,PRT,2011,3312823,500.9223,Europe,Europe,Southern Europe,Southern Europe
France,Greece,FRA,GRC,2016,1474332,2098.726,Europe,Europe,Western Europe,Southern Europe
Latvia,Finland,LVA,FIN,2014,121400,358.1294,Europe,Europe,Northern Europe,Northern Europe
Portugal,Switzerland,PRT,CHE,2012,828360,1626.974,Europe,Europe,Southern Europe,Western Europe
Austria,Iceland,AUT,ISL,2016,19189,2891.521,Europe,Europe,Western Europe,Northern Europe
Slovakia,United Kingdom of Great Britain and Northern Ireland,SVK,GBR,2013,312341,1294.938,Europe,Europe,Eastern Europe,Northern Europe
Slovenia,Norway,SVN,NOR,2012,11160,1561.207,Europe,Europe,Southern Europe,Northern Europe
Poland,Norway,POL,NOR,2013,925626,1062.053,Europe,Europe,Eastern Europe,Northern Europe
Andorra,Malta,AND,MLT,2013,,1340.487,Europe,Europe,Southern Europe,Southern Europe
Ukraine,Belgium,UKR,BEL,2013,43070,1837.307,Europe,Europe,Eastern Europe,Western Europe
Andorra,Malta,AND,MLT,2016,,1340.487,Europe,Europe,Southern Europe,Southern Europe
Croatia,Norway,HRV,NOR,2016,165195,1608.583,Europe,Europe,Southern Europe,Northern Europe
Austria,Macedonia (the former Yugoslav Republic of),AUT,MKD,2011,20524,799.0887,Europe,Europe,Western Europe,Southern Europe
Denmark,Hungary,DNK,HUN,2014,123233,1011.98,Europe,Europe,Northern Europe,Eastern Europe
Slovenia,Italy,SVN,ITA,2011,590808,492.3427,Europe,Europe,Southern Europe,Southern Europe
San Marino,Albania,SMR,ALB,2013,,666.4761,Europe,Europe,Southern Europe,Southern Europe
France,Ukraine,FRA,UKR,2014,117100,2025.144,Europe,Europe,Western Europe,Eastern Europe
Portugal,Norway,PRT,NOR,2012,87191,2739.748,Europe,Europe,Southern Europe,Northern Europe
Italy,Macedonia (the former Yugoslav Republic of),ITA,MKD,2015,73730,742.0995,Europe,Europe,Southern Europe,Southern Europe
San Marino,Russian Federation,SMR,RUS,2012,176753,2215.114,Europe,Europe,Southern Europe,Eastern Europe
Belgium,Hungary,BEL,HUN,2011,213342,1129.979,Europe,Europe,Western Europe,Eastern Europe
Iceland,Poland,ISL,POL,2012,19936,2773.481,Europe,Europe,Northern Europe,Eastern Europe
Russian Federation,United Kingdom of Great Britain and Northern Ireland,RUS,GBR,2012,586780,2510.88,Europe,Europe,Eastern Europe,Northern Europe
Croatia,Moldova (Republic of),HRV,MDA,2014,677,995.402,Europe,Europe,Southern Europe,Eastern Europe
San Marino,Belarus,SMR,BLR,2013,,1549.646,Europe,Europe,Southern Europe,Eastern Europe
Albania,San Marino,ALB,SMR,2011,,666.4761,Europe,Europe,Southern Europe,Southern Europe
Slovenia,Czechia,SVN,CZE,2016,129279,448.934,Europe,Europe,Southern Europe,Eastern Europe
Germany,Croatia,DEU,HRV,2015,2214530,912.2662,Europe,Europe,Western Europe,Southern Europe
Russian Federation,Lithuania,RUS,LTU,2011,771007,794.0689,Europe,Europe,Eastern Europe,Northern Europe
Malta,Slovenia,MLT,SVN,2012,6581,1131.545,Europe,Europe,Southern Europe,Southern Europe
Luxembourg,San Marino,LUX,SMR,2015,,792.4816,Europe,Europe,Western Europe,Southern Europe
Netherlands,Slovakia,NLD,SVK,2011,11637,987.487,Europe,Europe,Western Europe,Eastern Europe
Andorra,Hungary,AND,HUN,2012,,1484.944,Europe,Europe,Southern Europe,Eastern Europe
Norway,Ireland,NOR,IRL,2015,83870,1267.015,Europe,Europe,Northern Europe,Northern Europe
Iceland,Hungary,ISL,HUN,2016,19504,3077.932,Europe,Europe,Northern Europe,Eastern Europe
Bosnia and Herzegovina,Iceland,BIH,ISL,2015,169,3376.985,Europe,Europe,Southern Europe,Northern Europe
Switzerland,Romania,CHE,ROU,2014,100924,,Europe,Europe,Western Europe,Eastern Europe
France,Germany,FRA,DEU,2015,13117181,439.8984,Europe,Europe,Western Europe,Western Europe
Spain,Russian Federation,ESP,RUS,2013,1692698,3449.3,Europe,Europe,Southern Europe,Eastern Europe
Macedonia (the former Yugoslav Republic of),Russian Federation,MKD,RUS,2015,7197,1927.484,Europe,Europe,Southern Europe,Eastern Europe
Finland,Norway,FIN,NOR,2014,248499,791.2361,Europe,Europe,Northern Europe,Northern Europe
Russian Federation,Finland,RUS,FIN,2015,156114,892.6777,Europe,Europe,Eastern Europe,Northern Europe
Belarus,Germany,BLR,DEU,2016,67157,1405.056,Europe,Europe,Eastern Europe,Western Europe
Andorra,Sweden,AND,SWE,2016,,2191.849,Europe,Europe,Southern Europe,Northern Europe
Andorra,Poland,AND,POL,2013,,1817.341,Europe,Europe,Southern Europe,Eastern Europe
Portugal,Romania,PRT,ROU,2013,83937,,Europe,Europe,Southern Europe,Eastern Europe
Moldova (Republic of),Netherlands,MDA,NLD,2013,4934,1813.739,Europe,Europe,Eastern Europe,Western Europe
Malta,Iceland,MLT,ISL,2014,272,3978.502,Europe,Europe,Southern Europe,Northern Europe
Estonia,Albania,EST,ALB,2015,1399,2041.537,Europe,Europe,Northern Europe,Southern Europe
Hungary,Italy,HUN,ITA,2011,932221,811.4083,Europe,Europe,Eastern Europe,Southern Europe
Finland,Belarus,FIN,BLR,2012,8092,715.4365,Europe,Europe,Northern Europe,Eastern Europe
Moldova (Republic of),San Marino,MDA,SMR,2013,,1317.19,Europe,Europe,Eastern Europe,Southern Europe
Belarus,Hungary,BLR,HUN,2013,2951,923.2194,Europe,Europe,Eastern Europe,Eastern Europe
France,Russian Federation,FRA,RUS,2011,782105,2494.316,Europe,Europe,Western Europe,Eastern Europe
Slovakia,Croatia,SVK,HRV,2015,396442,278.7123,Europe,Europe,Eastern Europe,Southern Europe
Switzerland,Portugal,CHE,PRT,2011,793445,1626.974,Europe,Europe,Western Europe,Southern Europe
Czechia,Germany,CZE,DEU,2016,2387666,545.6255,Europe,Europe,Eastern Europe,Western Europe
Germany,Belarus,DEU,BLR,2016,68910,1405.056,Europe,Europe,Western Europe,Eastern Europe
Norway,Bosnia and Herzegovina,NOR,BIH,2015,22716,1859.721,Europe,Europe,Northern Europe,Southern Europe
Andorra,Moldova (Republic of),AND,MDA,2015,,2205.669,Europe,Europe,Southern Europe,Eastern Europe
Gibraltar,Portugal,GIB,PRT,2013,13,442.1214,Europe,Europe,Southern Europe,Southern Europe
San Marino,Lithuania,SMR,LTU,2011,,1509.381,Europe,Europe,Southern Europe,Northern Europe
Romania,Netherlands,ROU,NLD,2015,131709,,Europe,Europe,Eastern Europe,Western Europe
Gibraltar,Denmark,GIB,DNK,2014,40,2562.962,Europe,Europe,Southern Europe,Northern Europe
Luxembourg,Greece,LUX,GRC,2014,47665,1904.941,Europe,Europe,Western Europe,Southern Europe
Norway,Netherlands,NOR,NLD,2016,522492,916.1565,Europe,Europe,Northern Europe,Western Europe
Croatia,Slovenia,HRV,SVN,2013,1185382,117.3451,Europe,Europe,Southern Europe,Southern Europe
Finland,Norway,FIN,NOR,2011,273511,791.2361,Europe,Europe,Northern Europe,Northern Europe
Russian Federation,Portugal,RUS,PRT,2011,64276,3913.34,Europe,Europe,Eastern Europe,Southern Europe
Belgium,Malta,BEL,MLT,2013,46807,1851.035,Europe,Europe,Western Europe,Southern Europe
Hungary,Macedonia (the former Yugoslav Republic of),HUN,MKD,2015,2152,641.169,Europe,Europe,Eastern Europe,Southern Europe
Moldova (Republic of),Luxembourg,MDA,LUX,2011,190,1697.473,Europe,Europe,Eastern Europe,Western Europe
Ireland,Finland,IRL,FIN,2014,38041,2028.749,Europe,Europe,Northern Europe,Northern Europe
Gibraltar,Slovenia,GIB,SVN,2016,2,1989.75,Europe,Europe,Southern Europe,Southern Europe
France,Portugal,FRA,PRT,2015,3140749,1452.86,Europe,Europe,Western Europe,Southern Europe
Ukraine,Austria,UKR,AUT,2016,124111,1052.484,Europe,Europe,Eastern Europe,Western Europe
Macedonia (the former Yugoslav Republic of),Bosnia and Herzegovina,MKD,BIH,2011,10113,322.8538,Europe,Europe,Southern Europe,Southern Europe
Lithuania,Finland,LTU,FIN,2012,78545,606.8758,Europe,Europe,Northern Europe,Northern Europe
Portugal,Macedonia (the former Yugoslav Republic of),PRT,MKD,2016,1314,2606.129,Europe,Europe,Southern Europe,Southern Europe
Switzerland,San Marino,CHE,SMR,2012,,516.8909,Europe,Europe,Western Europe,Southern Europe
Malta,Lithuania,MLT,LTU,2014,14722,2248.596,Europe,Europe,Southern Europe,Northern Europe
Romania,France,ROU,FRA,2014,332908,,Europe,Europe,Eastern Europe,Western Europe
Estonia,Iceland,EST,ISL,2016,3934,2454.359,Europe,Europe,Northern Europe,Northern Europe
Slovakia,Macedonia (the former Yugoslav Republic of),SVK,MKD,2015,4142,764.715,Europe,Europe,Eastern Europe,Southern Europe
United Kingdom of Great Britain and Northern Ireland,Hungary,GBR,HUN,2013,952008,1453.666,Europe,Europe,Northern Europe,Eastern Europe
Czechia,Austria,CZE,AUT,2014,905057,252.4479,Europe,Europe,Eastern Europe,Western Europe
Moldova (Republic of),Slovakia,MDA,SVK,2011,433,884.5414,Europe,Europe,Eastern Europe,Eastern Europe
Slovakia,Romania,SVK,ROU,2013,122954,,Europe,Europe,Eastern Europe,Eastern Europe
San Marino,Bulgaria,SMR,BGR,2014,4780,886.4001,Europe,Europe,Southern Europe,Eastern Europe
Bulgaria,Albania,BGR,ALB,2015,57887,324.0465,Europe,Europe,Eastern Europe,Southern Europe
Spain,San Marino,ESP,SMR,2016,,1390.619,Europe,Europe,Southern Europe,Southern Europe
Moldova (Republic of),Romania,MDA,ROU,2011,1331922,,Europe,Europe,Eastern Europe,Eastern Europe
Croatia,Poland,HRV,POL,2011,514702,805.9365,Europe,Europe,Southern Europe,Eastern Europe
Ireland,Malta,IRL,MLT,2014,43201,2525.637,Europe,Europe,Northern Europe,Southern Europe
Lithuania,Belarus,LTU,BLR,2013,164251,169.5256,Europe,Europe,Northern Europe,Eastern Europe
Moldova (Republic of),France,MDA,FRA,2012,16112,1976.854,Europe,Europe,Eastern Europe,Western Europe
Sweden,Andorra,SWE,AND,2016,0,2191.849,Europe,Europe,Northern Europe,Southern Europe
Czechia,Ukraine,CZE,UKR,2012,185321,1141.565,Europe,Europe,Eastern Europe,Eastern Europe
Romania,Iceland,ROU,ISL,2015,1528,,Europe,Europe,Eastern Europe,Northern Europe
Andorra,Bulgaria,AND,BGR,2012,,1781.612,Europe,Europe,Southern Europe,Eastern Europe
Greece,Belarus,GRC,BLR,2012,2960,1787.387,Europe,Europe,Southern Europe,Eastern Europe
Bosnia and Herzegovina,Austria,BIH,AUT,2015,23341,509.7472,Europe,Europe,Southern Europe,Western Europe
United Kingdom of Great Britain and Northern Ireland,Belarus,GBR,BLR,2016,20804,1873.072,Europe,Europe,Northern Europe,Eastern Europe
Ireland,Russian Federation,IRL,RUS,2016,26690,2802.315,Europe,Europe,Northern Europe,Eastern Europe
Albania,Austria,ALB,AUT,2012,23000,812.9326,Europe,Europe,Southern Europe,Western Europe
Croatia,Lithuania,HRV,LTU,2012,4601,1189.612,Europe,Europe,Southern Europe,Northern Europe
Estonia,Norway,EST,NOR,2013,92095,787.4166,Europe,Europe,Northern Europe,Northern Europe
Albania,Gibraltar,ALB,GIB,2016,2,2251.487,Europe,Europe,Southern Europe,Southern Europe
Slovenia,Malta,SVN,MLT,2012,6581,1131.545,Europe,Europe,Southern Europe,Southern Europe
France,Belgium,FRA,BEL,2012,5532117,262.3845,Europe,Europe,Western Europe,Western Europe
Ireland,Slovakia,IRL,SVK,2013,71343,1736.948,Europe,Europe,Northern Europe,Eastern Europe
Austria,Belgium,AUT,BEL,2013,544256,914.4633,Europe,Europe,Western Europe,Western Europe
Ireland,Italy,IRL,ITA,2012,653886,1887.733,Europe,Europe,Northern Europe,Southern Europe
Belarus,San Marino,BLR,SMR,2013,,1549.646,Europe,Europe,Eastern Europe,Southern Europe
Albania,Germany,ALB,DEU,2016,101005,1493.096,Europe,Europe,Southern Europe,Western Europe
Italy,Iceland,ITA,ISL,2011,15416,3307.978,Europe,Europe,Southern Europe,Northern Europe
Estonia,Bulgaria,EST,BGR,2011,3127,1866.91,Europe,Europe,Northern Europe,Eastern Europe
Belgium,San Marino,BEL,SMR,2012,16475,980.1509,Europe,Europe,Western Europe,Southern Europe
Netherlands,Bulgaria,NLD,BGR,2016,110161,1745.082,Europe,Europe,Western Europe,Eastern Europe
Poland,United Kingdom of Great Britain and Northern Ireland,POL,GBR,2016,5251430,1451.644,Europe,Europe,Eastern Europe,Northern Europe
Sweden,Croatia,SWE,HRV,2011,97184,1512.846,Europe,Europe,Northern Europe,Southern Europe
Poland,Andorra,POL,AND,2016,0,1817.341,Europe,Europe,Eastern Europe,Southern Europe
Italy,Gibraltar,ITA,GIB,2016,149,1667.082,Europe,Europe,Southern Europe,Southern Europe
Austria,France,AUT,FRA,2013,1278829,1035.144,Europe,Europe,Western Europe,Western Europe
Hungary,Norway,HUN,NOR,2012,88373,1483.495,Europe,Europe,Eastern Europe,Northern Europe
Netherlands,Poland,NLD,POL,2016,629181,1093.599,Europe,Europe,Western Europe,Eastern Europe
Slovenia,United Kingdom of Great Britain and Northern Ireland,SVN,GBR,2012,122364,1230.756,Europe,Europe,Southern Europe,Northern Europe
Hungary,Bulgaria,HUN,BGR,2013,239205,632.9641,Europe,Europe,Eastern Europe,Eastern Europe
Russian Federation,France,RUS,FRA,2014,872257,2494.316,Europe,Europe,Eastern Europe,Western Europe
Moldova (Republic of),Ireland,MDA,IRL,2012,2209,2569.662,Europe,Europe,Eastern Europe,Northern Europe
Portugal,Italy,PRT,ITA,2013,614317,1864.041,Europe,Europe,Southern Europe,Southern Europe
Croatia,France,HRV,FRA,2014,235029,1081.762,Europe,Europe,Southern Europe,Western Europe
Italy,Slovakia,ITA,SVK,2013,544389,789.4631,Europe,Europe,Southern Europe,Eastern Europe
Gibraltar,Austria,GIB,AUT,2014,78,2226.795,Europe,Europe,Southern Europe,Western Europe
Romania,Czechia,ROU,CZE,2013,156107,,Europe,Europe,Eastern Europe,Eastern Europe
Latvia,Ireland,LVA,IRL,2015,94243,1954.941,Europe,Europe,Northern Europe,Northern Europe
Slovenia,France,SVN,FRA,2012,43536,965.7366,Europe,Europe,Southern Europe,Western Europe
Gibraltar,Macedonia (the former Yugoslav Republic of),GIB,MKD,2015,1,2396.474,Europe,Europe,Southern Europe,Southern Europe
Finland,Estonia,FIN,EST,2011,1548714,80.98481,Europe,Europe,Northern Europe,Northern Europe
Finland,Moldova (Republic of),FIN,MDA,2015,1777,1482.904,Europe,Europe,Northern Europe,Eastern Europe
Austria,Moldova (Republic of),AUT,MDA,2012,12050,944.1378,Europe,Europe,Western Europe,Eastern Europe
Ukraine,Austria,UKR,AUT,2014,121014,1052.484,Europe,Europe,Eastern Europe,Western Europe
Ukraine,Russian Federation,UKR,RUS,2014,12205972,763.4056,Europe,Europe,Eastern Europe,Eastern Europe
Macedonia (the former Yugoslav Republic of),United Kingdom of Great Britain and Northern Ireland,MKD,GBR,2011,27469,1948.1,Europe,Europe,Southern Europe,Northern Europe
Switzerland,Austria,CHE,AUT,2012,781100,684.8875,Europe,Europe,Western Europe,Western Europe
Romania,Sweden,ROU,SWE,2011,21146,,Europe,Europe,Eastern Europe,Northern Europe
Hungary,Bulgaria,HUN,BGR,2014,232068,632.9641,Europe,Europe,Eastern Europe,Eastern Europe
United Kingdom of Great Britain and Northern Ireland,Ukraine,GBR,UKR,2012,184236,2137.511,Europe,Europe,Northern Europe,Eastern Europe
Germany,Belarus,DEU,BLR,2012,60956,1405.056,Europe,Europe,Western Europe,Eastern Europe
Norway,Czechia,NOR,CZE,2012,127607,1117.156,Europe,Europe,Northern Europe,Eastern Europe
Belgium,Spain,BEL,ESP,2011,2814592,1316.64,Europe,Europe,Western Europe,Southern Europe
Latvia,Germany,LVA,DEU,2012,316472,1265.433,Europe,Europe,Northern Europe,Western Europe
Denmark,Albania,DNK,ALB,2014,4008,1679.912,Europe,Europe,Northern Europe,Southern Europe
Switzerland,Sweden,CHE,SWE,2012,334492,1546.508,Europe,Europe,Western Europe,Northern Europe
Gibraltar,Lithuania,GIB,LTU,2013,6,3119.053,Europe,Europe,Southern Europe,Northern Europe
Latvia,Italy,LVA,ITA,2014,116509,1869.574,Europe,Europe,Northern Europe,Southern Europe
Czechia,Latvia,CZE,LVA,2012,53084,993.2449,Europe,Europe,Eastern Europe,Northern Europe
Sweden,Moldova (Republic of),SWE,MDA,2015,5559,1544.391,Europe,Europe,Northern Europe,Eastern Europe
Slovenia,Belarus,SVN,BLR,2012,688,1267.967,Europe,Europe,Southern Europe,Eastern Europe
Macedonia (the former Yugoslav Republic of),Ukraine,MKD,UKR,2011,3237,1165.076,Europe,Europe,Southern Europe,Eastern Europe
Luxembourg,Gibraltar,LUX,GIB,2015,33,1763.693,Europe,Europe,Western Europe,Southern Europe
Norway,Moldova (Republic of),NOR,MDA,2013,2211,1858.963,Europe,Europe,Northern Europe,Eastern Europe
Slovakia,Netherlands,SVK,NLD,2016,3851,987.487,Europe,Europe,Eastern Europe,Western Europe
Croatia,Bulgaria,HRV,BGR,2011,63219,680.4865,Europe,Europe,Southern Europe,Eastern Europe
United Kingdom of Great Britain and Northern Ireland,San Marino,GBR,SMR,2014,,1263.348,Europe,Europe,Northern Europe,Southern Europe
Ireland,Belarus,IRL,BLR,2013,640,2209.153,Europe,Europe,Northern Europe,Eastern Europe
Iceland,Poland,ISL,POL,2015,32079,2773.481,Europe,Europe,Northern Europe,Eastern Europe
Poland,Bosnia and Herzegovina,POL,BIH,2013,2020,952.2305,Europe,Europe,Eastern Europe,Southern Europe
Iceland,Andorra,ISL,AND,2014,,2833.952,Europe,Europe,Northern Europe,Southern Europe
Sweden,Lithuania,SWE,LTU,2011,95422,677.4822,Europe,Europe,Northern Europe,Northern Europe
Lithuania,Portugal,LTU,PRT,2012,6806,3123.619,Europe,Europe,Northern Europe,Southern Europe
Greece,United Kingdom of Great Britain and Northern Ireland,GRC,GBR,2015,2622169,2394.85,Europe,Europe,Southern Europe,Northern Europe
San Marino,Poland,SMR,POL,2013,,1117.929,Europe,Europe,Southern Europe,Eastern Europe
Denmark,Slovenia,DNK,SVN,2011,13829,1076.812,Europe,Europe,Northern Europe,Southern Europe
Moldova (Republic of),Croatia,MDA,HRV,2015,1156,995.402,Europe,Europe,Eastern Europe,Southern Europe
Croatia,Belgium,HRV,BEL,2015,175188,1024.412,Europe,Europe,Southern Europe,Western Europe
Estonia,Finland,EST,FIN,2011,1548714,80.98481,Europe,Europe,Northern Europe,Northern Europe
Latvia,Belarus,LVA,BLR,2015,162975,406.3581,Europe,Europe,Northern Europe,Eastern Europe
Belarus,Norway,BLR,NOR,2014,2781,1216.697,Europe,Europe,Eastern Europe,Northern Europe
Malta,Croatia,MLT,HRV,2011,3705,1108.396,Europe,Europe,Southern Europe,Southern Europe
Slovakia,Finland,SVK,FIN,2016,600,1424.061,Europe,Europe,Eastern Europe,Northern Europe
Lithuania,Russian Federation,LTU,RUS,2015,388963,794.0689,Europe,Europe,Northern Europe,Eastern Europe
Iceland,Russian Federation,ISL,RUS,2013,9683,3316.138,Europe,Europe,Northern Europe,Eastern Europe
Moldova (Republic of),Russian Federation,MDA,RUS,2015,725762,1150.314,Europe,Europe,Eastern Europe,Eastern Europe
Lithuania,Russian Federation,LTU,RUS,2012,768233,794.0689,Europe,Europe,Northern Europe,Eastern Europe
Italy,Belarus,ITA,BLR,2016,53306,1732.921,Europe,Europe,Southern Europe,Eastern Europe
Slovenia,Russian Federation,SVN,RUS,2014,68468,1937.979,Europe,Europe,Southern Europe,Eastern Europe
Switzerland,Latvia,CHE,LVA,2016,50983,1587.651,Europe,Europe,Western Europe,Northern Europe
Gibraltar,Russian Federation,GIB,RUS,2015,939,3890.748,Europe,Europe,Southern Europe,Eastern Europe
Ireland,Austria,IRL,AUT,2014,118112,1681.996,Europe,Europe,Northern Europe,Western Europe
Netherlands,Russian Federation,NLD,RUS,2013,230099,2155.229,Europe,Europe,Western Europe,Eastern Europe
Malta,Russian Federation,MLT,RUS,2013,42206,2819.734,Europe,Europe,Southern Europe,Eastern Europe
Romania,Gibraltar,ROU,GIB,2012,69,,Europe,Europe,Eastern Europe,Southern Europe
Poland,Sweden,POL,SWE,2012,748050,809.0182,Europe,Europe,Eastern Europe,Northern Europe
Romania,Russian Federation,ROU,RUS,2013,206952,,Europe,Europe,Eastern Europe,Eastern Europe
Netherlands,Russian Federation,NLD,RUS,2016,188239,2155.229,Europe,Europe,Western Europe,Eastern Europe
United Kingdom of Great Britain and Northern Ireland,Slovenia,GBR,SVN,2014,126545,1230.756,Europe,Europe,Northern Europe,Southern Europe
Croatia,United Kingdom of Great Britain and Northern Ireland,HRV,GBR,2013,550318,1341.216,Europe,Europe,Southern Europe,Northern Europe
Latvia,Russian Federation,LVA,RUS,2013,969909,847.8519,Europe,Europe,Northern Europe,Eastern Europe
San Marino,Russian Federation,SMR,RUS,2014,179205,2215.114,Europe,Europe,Southern Europe,Eastern Europe
Albania,Netherlands,ALB,NLD,2011,9924,1664.815,Europe,Europe,Southern Europe,Western Europe
Lithuania,Russian Federation,LTU,RUS,2011,771007,794.0689,Europe,Europe,Northern Europe,Eastern Europe
Ukraine,Slovakia,UKR,SVK,2012,516032,998.2211,Europe,Europe,Eastern Europe,Eastern Europe
Luxembourg,Russian Federation,LUX,RUS,2013,14213,2214.132,Europe,Europe,Western Europe,Eastern Europe
Netherlands,Russian Federation,NLD,RUS,2014,258865,2155.229,Europe,Europe,Western Europe,Eastern Europe
United Kingdom of Great Britain and Northern Ireland,Russian Federation,GBR,RUS,2013,665382,2510.88,Europe,Europe,Northern Europe,Eastern Europe
France,Latvia,FRA,LVA,2011,45854,1704.598,Europe,Europe,Western Europe,Northern Europe
Italy,Russian Federation,ITA,RUS,2014,1395048,2383.171,Europe,Europe,Southern Europe,Eastern Europe
Croatia,Poland,HRV,POL,2013,655558,805.9365,Europe,Europe,Southern Europe,Eastern Europe
San Marino,Latvia,SMR,LVA,2016,,1659.333,Europe,Europe,Southern Europe,Northern Europe
Hungary,Russian Federation,HUN,RUS,2016,172611,1574.19,Europe,Europe,Eastern Europe,Eastern Europe
France,Belarus,FRA,BLR,2016,26294,1823.709,Europe,Europe,Western Europe,Eastern Europe
Gibraltar,Russian Federation,GIB,RUS,2016,964,3890.748,Europe,Europe,Southern Europe,Eastern Europe
Poland,Portugal,POL,PRT,2011,178350,2760.441,Europe,Europe,Eastern Europe,Southern Europe
Belarus,France,BLR,FRA,2013,27020,1823.709,Europe,Europe,Eastern Europe,Western Europe
San Marino,Russian Federation,SMR,RUS,2016,82123,2215.114,Europe,Europe,Southern Europe,Eastern Europe
Albania,Russian Federation,ALB,RUS,2011,10945,2063.678,Europe,Europe,Southern Europe,Eastern Europe
Romania,Belarus,ROU,BLR,2012,95656,,Europe,Europe,Eastern Europe,Eastern Europe
Andorra,Albania,AND,ALB,2012,,1519.551,Europe,Europe,Southern Europe,Southern Europe
Romania,Slovenia,ROU,SVN,2011,38573,,Europe,Europe,Eastern Europe,Southern Europe
Russian Federation,Iceland,RUS,ISL,2015,6920,3316.138,Europe,Europe,Eastern Europe,Northern Europe
Russian Federation,Estonia,RUS,EST,2014,639347,871.7853,Europe,Europe,Eastern Europe,Northern Europe
Sweden,Russian Federation,SWE,RUS,2016,112208,1232.383,Europe,Europe,Northern Europe,Eastern Europe
Hungary,Russian Federation,HUN,RUS,2014,212246,1574.19,Europe,Europe,Eastern Europe,Eastern Europe
Finland,Russian Federation,FIN,RUS,2015,150044,892.6777,Europe,Europe,Northern Europe,Eastern Europe
Bulgaria,Russian Federation,BGR,RUS,2013,743007,1785.898,Europe,Europe,Eastern Europe,Eastern Europe
Greece,Russian Federation,GRC,RUS,2011,789109,2233.583,Europe,Europe,Southern Europe,Eastern Europe
Ireland,Russian Federation,IRL,RUS,2013,21090,2802.315,Europe,Europe,Northern Europe,Eastern Europe
Luxembourg,Russian Federation,LUX,RUS,2016,10978,2214.132,Europe,Europe,Western Europe,Eastern Europe
Belarus,Russian Federation,BLR,RUS,2015,704155,686.9657,Europe,Europe,Eastern Europe,Eastern Europe
Spain,Malta,ESP,MLT,2016,137055,1670.797,Europe,Europe,Southern Europe,Southern Europe
Spain,Romania,ESP,ROU,2014,552319,,Europe,Europe,Southern Europe,Eastern Europe
Sweden,Ireland,SWE,IRL,2015,77026,1631.147,Europe,Europe,Northern Europe,Northern Europe
Moldova (Republic of),Romania,MDA,ROU,2016,37360,,Europe,Europe,Eastern Europe,Eastern Europe
Albania,Belarus,ALB,BLR,2013,5,1505.639,Europe,Europe,Southern Europe,Eastern Europe
Belgium,Romania,BEL,ROU,2014,178694,,Europe,Europe,Western Europe,Eastern Europe
Gibraltar,Greece,GIB,GRC,2014,290,2580.711,Europe,Europe,Southern Europe,Southern Europe
Luxembourg,Denmark,LUX,DNK,2011,71886,802.2173,Europe,Europe,Western Europe,Northern Europe
Sweden,Romania,SWE,ROU,2013,23877,,Europe,Europe,Northern Europe,Eastern Europe
Lithuania,Romania,LTU,ROU,2011,12963,,Europe,Europe,Northern Europe,Eastern Europe
Macedonia (the former Yugoslav Republic of),Austria,MKD,AUT,2011,21927,799.0887,Europe,Europe,Southern Europe,Western Europe
France,Romania,FRA,ROU,2011,308019,,Europe,Europe,Western Europe,Eastern Europe
Belgium,Romania,BEL,ROU,2013,125951,,Europe,Europe,Western Europe,Eastern Europe
Germany,Romania,DEU,ROU,2011,551917,,Europe,Europe,Western Europe,Eastern Europe
Latvia,Macedonia (the former Yugoslav Republic of),LVA,MKD,2011,211,1674.47,Europe,Europe,Northern Europe,Southern Europe
Estonia,Romania,EST,ROU,2014,9559,,Europe,Europe,Northern Europe,Eastern Europe
Andorra,Romania,AND,ROU,2012,,,Europe,Europe,Southern Europe,Eastern Europe
Czechia,Switzerland,CZE,CHE,2015,220356,623.4171,Europe,Europe,Eastern Europe,Western Europe
Denmark,Romania,DNK,ROU,2011,25512,,Europe,Europe,Northern Europe,Eastern Europe
San Marino,Slovakia,SMR,SVK,2013,,591.9698,Europe,Europe,Southern Europe,Eastern Europe
Slovakia,Bulgaria,SVK,BGR,2014,90013,776.8502,Europe,Europe,Eastern Europe,Eastern Europe
Greece,Romania,GRC,ROU,2014,615829,,Europe,Europe,Southern Europe,Eastern Europe
Germany,Romania,DEU,ROU,2012,627736,,Europe,Europe,Western Europe,Eastern Europe
Netherlands,Romania,NLD,ROU,2013,99845,,Europe,Europe,Western Europe,Eastern Europe
Norway,Romania,NOR,ROU,2012,49177,,Europe,Europe,Northern Europe,Eastern Europe
Ireland,Romania,IRL,ROU,2014,64378,,Europe,Europe,Northern Europe,Eastern Europe
Czechia,Andorra,CZE,AND,2013,,1302.353,Europe,Europe,Eastern Europe,Southern Europe
Ireland,Romania,IRL,ROU,2015,77214,,Europe,Europe,Northern Europe,Eastern Europe
Germany,Romania,DEU,ROU,2013,658939,,Europe,Europe,Western Europe,Eastern Europe
Slovakia,Romania,SVK,ROU,2015,135971,,Europe,Europe,Eastern Europe,Eastern Europe
Malta,Romania,MLT,ROU,2012,9488,,Europe,Europe,Southern Europe,Eastern Europe
Bulgaria,Netherlands,BGR,NLD,2012,78398,1745.082,Europe,Europe,Eastern Europe,Western Europe
Portugal,Romania,PRT,ROU,2016,78931,,Europe,Europe,Southern Europe,Eastern Europe
Malta,Ireland,MLT,IRL,2011,39021,2525.637,Europe,Europe,Southern Europe,Northern Europe
Sweden,Romania,SWE,ROU,2015,67121,,Europe,Europe,Northern Europe,Eastern Europe
Belarus,Romania,BLR,ROU,2012,95656,,Europe,Europe,Eastern Europe,Eastern Europe
United Kingdom of Great Britain and Northern Ireland,Malta,GBR,MLT,2011,688706,2092.273,Europe,Europe,Northern Europe,Southern Europe
Slovakia,Poland,SVK,POL,2014,5927250,530.0169,Europe,Europe,Eastern Europe,Eastern Europe
Sweden,Finland,SWE,FIN,2015,959415,397.8922,Europe,Europe,Northern Europe,Northern Europe
Albania,Romania,ALB,ROU,2015,23507,,Europe,Europe,Southern Europe,Eastern Europe
Austria,Hungary,AUT,HUN,2011,1431860,215.6626,Europe,Europe,Western Europe,Eastern Europe
Spain,Romania,ESP,ROU,2016,698328,,Europe,Europe,Southern Europe,Eastern Europe
Latvia,Romania,LVA,ROU,2012,3268,,Europe,Europe,Northern Europe,Eastern Europe
Macedonia (the former Yugoslav Republic of),Finland,MKD,FIN,2014,1408,2032.59,Europe,Europe,Southern Europe,Northern Europe
Switzerland,Romania,CHE,ROU,2011,57064,,Europe,Europe,Western Europe,Eastern Europe
Luxembourg,Romania,LUX,ROU,2011,4266,,Europe,Europe,Western Europe,Eastern Europe
Croatia,Romania,HRV,ROU,2013,84767,,Europe,Europe,Southern Europe,Eastern Europe
Ukraine,Malta,UKR,MLT,2014,4354,2062.274,Europe,Europe,Eastern Europe,Southern Europe
Italy,Netherlands,ITA,NLD,2015,2347320,1297.695,Europe,Europe,Southern Europe,Western Europe
Czechia,Romania,CZE,ROU,2015,156631,,Europe,Europe,Eastern Europe,Eastern Europe
Croatia,Spain,HRV,ESP,2011,134519,1702.46,Europe,Europe,Southern Europe,Southern Europe
Estonia,Romania,EST,ROU,2015,9665,,Europe,Europe,Northern Europe,Eastern Europe
Luxembourg,Romania,LUX,ROU,2014,6324,,Europe,Europe,Western Europe,Eastern Europe
Ireland,Belgium,IRL,BEL,2011,277289,775.6281,Europe,Europe,Northern Europe,Western Europe
Bosnia and Herzegovina,Romania,BIH,ROU,2014,10417,,Europe,Europe,Southern Europe,Eastern Europe
Macedonia (the former Yugoslav Republic of),Romania,MKD,ROU,2011,22897,,Europe,Europe,Southern Europe,Eastern Europe
Bosnia and Herzegovina,Romania,BIH,ROU,2016,15412,,Europe,Europe,Southern Europe,Eastern Europe
Portugal,Macedonia (the former Yugoslav Republic of),PRT,MKD,2015,1265,2606.129,Europe,Europe,Southern Europe,Southern Europe
Slovenia,Spain,SVN,ESP,2013,7178,1600.555,Europe,Europe,Southern Europe,Southern Europe
Belarus,Luxembourg,BLR,LUX,2013,395,1539.179,Europe,Europe,Eastern Europe,Western Europe
United Kingdom of Great Britain and Northern Ireland,Romania,GBR,ROU,2014,610939,,Europe,Europe,Northern Europe,Eastern Europe
Croatia,Bulgaria,HRV,BGR,2016,86896,680.4865,Europe,Europe,Southern Europe,Eastern Europe
Gibraltar,Slovakia,GIB,SVK,2015,0,2276.342,Europe,Europe,Southern Europe,Eastern Europe
Gibraltar,Austria,GIB,AUT,2012,28,2226.795,Europe,Europe,Southern Europe,Western Europe